wpi_number,port,alt_name,unlocode,country,region,water_body,harbor_size,harbor_type,max_vessel_length_m,max_vessel_draft_m,channel_depth_m,cargo_pier_depth_m,solid_bulk,container,railway,repairs,dry_dock,lat,lon
41670,Durres,Durazzo,AL DRZ,Albania,Albania,Adriatic Sea; Mediterranean Sea; North Atlantic Ocean,Small,Coastal (Breakwater),,,7.9,7.9,Unknown,Unknown,Large,Moderate,Medium,41.31667,19.45
41668,Porto Romano,Romano,AL ROM,Albania,Albania,Adriatic Sea; Mediterranean Sea; North Atlantic Ocean,Medium,Coastal (Breakwater),184.0,11.7,,,Yes,Unknown,Unknown,,,41.38333,19.41667
41660,Shengjin,San Giovani Di Medua,AL SHG,Albania,Albania,Adriatic Sea; Mediterranean Sea; North Atlantic Ocean,Very Small,Coastal (Natural),,,3.4,4.9,Unknown,Unknown,Unknown,Unknown,Unknown,41.81667,19.6
41690,Vlore, ,AL VOA,Albania,Albania,Adriatic Sea; Mediterranean Sea; North Atlantic Ocean,Very Small,Coastal (Natural),,,7.9,7.9,Unknown,Unknown,Unknown,,Unknown,40.46667,19.5
45570,Alger,Algiers,DZ ALG,Algeria,Algeria,Mediterranean Sea; North Atlantic Ocean,Large,Coastal (Breakwater),,,18.6,9.4,Unknown,Unknown,Large,Major,Small,36.76667,3.06667
45490,Annaba,Bona; Bone,DZ AAE,Algeria,Algeria,Mediterranean Sea; North Atlantic Ocean,Medium,Coastal (Breakwater),,,12.5,12.5,Unknown,Unknown,Medium,Limited,Unknown,36.91667,7.76667
45630,Arzew, ,DZ AZW,Algeria,Algeria,Mediterranean Sea; North Atlantic Ocean,Small,Coastal (Breakwater),,,9.4,7.9,Unknown,Unknown,Small,Limited,Unknown,35.85,-0.3
45635,Arzew El Djedid, , ,Algeria,Algeria,Mediterranean Sea; North Atlantic Ocean,Small,Coastal (Breakwater),,,7.9,,Unknown,Unknown,Small,,Unknown,35.81667,-0.25
45550,Bejaia,Bougie,DZ BJA,Algeria,Algeria,Mediterranean Sea; North Atlantic Ocean,Small,Coastal (Breakwater),,,14.0,9.4,Unknown,Unknown,Medium,Major,Large,36.75,5.08333
45660,Beni Saf, ,DZ BSF,Algeria,Algeria,Mediterranean Sea; North Atlantic Ocean,Very Small,Coastal (Breakwater),,,,7.9,Unknown,Unknown,Small,Moderate,Unknown,35.3,-1.38333
45520,Collo, ,DZ COL,Algeria,Algeria,Mediterranean Sea; North Atlantic Ocean,Very Small,Coastal (Natural),760.0,,,5.0,Unknown,Unknown,Unknown,Unknown,Unknown,37.0,6.58333
45560,Dellys, ,DZ DEL,Algeria,Algeria,Mediterranean Sea; North Atlantic Ocean,Very Small,Coastal (Breakwater),100.0,5.5,,4.9,Unknown,Unknown,Unknown,,Unknown,36.91667,3.91667
45525,Djen-Djen, ,DZ DJE,Algeria,Algeria,Mediterranean Sea; North Atlantic Ocean,Very Small,Coastal (Breakwater),,,,11.0,Unknown,Unknown,Unknown,,Unknown,36.81667,5.88333
45670,Ghazaouet,Nemours,DZ GHZ,Algeria,Algeria,Mediterranean Sea; North Atlantic Ocean,Very Small,Coastal (Breakwater),,,11.0,9.4,Unknown,Unknown,Large,Limited,Unknown,35.1,-1.86667
45530,Jijel,Djidjelli; Jijelli,DZ DJI,Algeria,Algeria,Mediterranean Sea; North Atlantic Ocean,Very Small,Coastal (Breakwater),153.0,9.0,10.0,7.3,Unknown,Unknown,Small,Limited,Unknown,36.83333,5.78333
45650,Mers El Kebir, , ,Algeria,Algeria,Mediterranean Sea; North Atlantic Ocean,Small,Coastal (Breakwater),,,9.4,11.0,Unknown,Unknown,Unknown,Major,Large,35.73333,-0.7
45620,Mostaganem, ,DZ MOS,Algeria,Algeria,Mediterranean Sea; North Atlantic Ocean,Very Small,Coastal (Breakwater),,,11.0,6.4,Unknown,Unknown,Small,Limited,Medium,35.93333,0.08333
45640,Oran, ,DZ ORN,Algeria,Algeria,Mediterranean Sea; North Atlantic Ocean,Large,Coastal (Breakwater),,,23.2,11.0,Unknown,Unknown,Large,Limited,Unknown,35.7,-0.63333
45515,Port Methanier, , ,Algeria,Algeria,Mediterranean Sea; North Atlantic Ocean,Small,Coastal (Breakwater),,,17.1,9.4,Unknown,Unknown,Unknown,,Unknown,36.88333,6.95
45510,Skikda,Phillippeville,DZ SKI,Algeria,Algeria,Mediterranean Sea; North Atlantic Ocean,Small,Coastal (Breakwater),,,15.5,9.4,Unknown,Unknown,Medium,Limited,Unknown,36.88333,6.91667
45610,Tenes, ,DZ TEN,Algeria,Algeria,Mediterranean Sea; North Atlantic Ocean,Very Small,Open Roadstead,,,23.2,6.4,Unknown,Unknown,Unknown,Unknown,Unknown,36.53333,1.31667
55680,Pago Pago Harbor, ,AS PPG,American Samoa,American Samoa,South Pacific Ocean,Small,Coastal (Natural),,11.0,23.2,15.5,Unknown,Unknown,Small,Limited,Unknown,-14.28333,-170.66667
46490,Cabinda,Kabinda,AO CAB,Angola,Angola,South Atlantic Ocean,Small,Open Roadstead,,6.5,1.8,3.4,Unknown,Unknown,Unknown,Moderate,Unknown,-5.53333,12.2
46551,Dalia Terminal, ,AO DAL,Angola,Angola,South Atlantic Ocean,Very Small,Open Roadstead,,,23.2,23.2,Unknown,Unknown,Unknown,Unknown,Unknown,-7.68333,11.76667
46553,Estrela Oil Field, , ,Angola,Angola,South Atlantic Ocean,Small,Open Roadstead,,,23.2,,Unknown,Unknown,Unknown,Unknown,Unknown,-6.45,12.4
46495,Futila Terminal, ,AO FLT,Angola,Angola,South Atlantic Ocean,Very Small,Open Roadstead,,,6.4,,Unknown,Unknown,Unknown,,Unknown,-5.45,12.18333
46549,Girassol Terminal, ,AO GIR,Angola,Angola,South Atlantic Ocean,Very Small,Open Roadstead,,,,,Unknown,Unknown,Unknown,Unknown,Unknown,-7.65,11.68333
46552,Greater Plutonio Terminal, ,AO GPO,Angola,Angola,South Atlantic Ocean,Very Small,Open Roadstead,,,23.2,23.2,Unknown,Unknown,Unknown,Unknown,Unknown,-7.83333,12.1
46541,Kizomba A Terminal, , ,Angola,Angola,South Atlantic Ocean,Very Small,Open Roadstead,,,23.2,23.2,Unknown,Unknown,Unknown,Unknown,Unknown,-6.31667,11.05
46542,Kizomba B Terminal, , ,Angola,Angola,South Atlantic Ocean,Very Small,Open Roadstead,,,23.2,23.2,Unknown,Unknown,Unknown,Unknown,Unknown,-6.35,11.15
46543,Kizomba C Terminal, , ,Angola,Angola,South Atlantic Ocean,Very Small,Open Roadstead,,,23.2,23.2,Unknown,Unknown,Unknown,Unknown,Unknown,-6.31667,11.28333
46488,Kuito Oil Field, ,AO KOT,Angola,Angola,South Atlantic Ocean,Very Small,Open Roadstead,,,23.2,,Unknown,Unknown,Unknown,,Unknown,-5.46667,11.5
46590,Lobito, ,AO LOB,Angola,Angola,South Atlantic Ocean,Small,Coastal (Natural),258.9,10.3,18.3,14.7,Yes,Yes,Medium,Limited,Small,-12.33333,13.56667
46560,Luanda, ,AO LAD,Angola,Angola,South Atlantic Ocean,Small,Coastal (Natural),348.5,10.4,27.5,10.5,Yes,Yes,Small,Limited,Small,-8.8,13.25
46487,Malongo Oil Terminal, ,AO MAL,Angola,Angola,South Atlantic Ocean,Small,Open Roadstead,100.7,6.0,,,Unknown,Unknown,Unknown,,Unknown,-5.43333,12.08333
46610,Namibe,Mocamedes,AO MSZ,Angola,Angola,South Atlantic Ocean,Small,Open Roadstead,225.0,19.0,10.5,10.5,Yes,Yes,Small,Limited,Unknown,-15.2,12.15
46547,Palanca Terminal, ,AO PAT,Angola,Angola,South Atlantic Ocean,Small,Open Roadstead,,,,,Unknown,Unknown,Unknown,,Unknown,-6.95,12.4
46570,Porto Amboim,Benguela Velha,AO PBN,Angola,Angola,South Atlantic Ocean,Very Small,Open Roadstead,146.0,,23.2,10.0,Unknown,Unknown,Unknown,Unknown,Unknown,-10.73333,13.75
46550,Porto Do Ambriz, ,AO AZZ,Angola,Angola,South Atlantic Ocean,Very Small,Coastal (Breakwater),,,5.0,5.0,Unknown,Unknown,Unknown,Unknown,Unknown,-7.83333,13.1
46544,Psvm Terminal, , ,Angola,Angola,South Atlantic Ocean,Very Small,Open Roadstead,,,23.2,23.2,Unknown,Unknown,Unknown,Unknown,Unknown,-6.25,10.73333
46545,Soyo Angola Lng Terminal,Soyo,AO SZA,Angola,Angola,South Atlantic Ocean,Very Small,River (Natural),299.1,12.2,5.2,7.5,Unknown,Unknown,Unknown,Unknown,Unknown,-6.11667,12.33333
46580,Sumbe,Gunza-Kabolo; Nova Redonda,AO NDD,Angola,Angola,South Atlantic Ocean,Very Small,Open Roadstead,,,23.2,3.4,Unknown,Unknown,Unknown,Limited,Unknown,-11.2,13.83333
46485,Takula Terminal, ,AO TAK,Angola,Angola,South Atlantic Ocean,Small,Open Roadstead,,,70.0,,Unknown,Unknown,Unknown,Unknown,Unknown,-5.21667,11.78333
63090,Admiralty Bay, , ,Antarctica,Antarctica,Bransfield Strait; Drake Passage; South Atlantic Ocean,Very Small,Coastal (Natural),,,23.2,,Unknown,Unknown,Unknown,Unknown,Unknown,-62.08333,-58.41667
63120,Andersen Harbor, , ,Antarctica,Antarctica,South Pacific Ocean,Very Small,Coastal (Natural),,,23.2,,Unknown,Unknown,Unknown,Unknown,Unknown,-64.31667,-62.93333
63070,Ellefsen Harbor, , ,Antarctica,Antarctica,Scotia Sea; South Atlantic Ocean,Very Small,Coastal (Natural),,,11.0,,Unknown,Unknown,Unknown,Unknown,Unknown,-60.73333,-45.03333
63130,Mcmurdo Station, ,AQ MCM,Antarctica,Antarctica,Ross Sea; South Pacific Ocean,Small,Coastal (Natural),,,4.9,7.9,Unknown,Unknown,Unknown,Limited,Unknown,-77.85,166.65
63110,Melchior Harbor, , ,Antarctica,Antarctica,South Pacific Ocean,Very Small,Coastal (Natural),,,4.9,,Unknown,Unknown,Unknown,,Unknown,-64.31667,-63.0
63095,Port Foster, ,AQ PFS,Antarctica,Antarctica,Bransfield Strait; Drake Passage; South Atlantic Ocean,Very Small,Coastal (Natural),,,23.2,,Unknown,Unknown,Unknown,Unknown,Unknown,-62.95,-60.63333
63100,Port Lockroy, , ,Antarctica,Antarctica,South Pacific Ocean,Very Small,Coastal (Natural),,,20.1,,Unknown,Unknown,Unknown,Unknown,Unknown,-64.81667,-63.5
63080,Scotia Bay, , ,Antarctica,Antarctica,Scotia Sea; South Atlantic Ocean,Very Small,Coastal (Natural),,,23.2,,Unknown,Unknown,Unknown,Unknown,Unknown,-60.75,-44.71667
11430,St Johns, ,AG SJO,Antigua and Barbuda,Antigua and Barbuda,Caribbean Sea; North Atlantic Ocean,Medium,Open Roadstead,,,9.4,14.0,Unknown,Unknown,Unknown,Limited,Unknown,17.11667,-61.85
13815,Bahia Blanca, ,AR BHI,Argentina,Argentina,South Atlantic Ocean,Very Small,Coastal (Natural),,,9.4,7.9,Unknown,Unknown,Unknown,Major,Medium,-38.78333,-62.26667
13760,Buenos Aires, ,AR BUE,Argentina,Argentina,Rio de la Plata; South Atlantic Ocean,Large,Coastal (Breakwater),,,6.4,7.9,Unknown,Unknown,Large,Major,Large,-34.6,-58.36667
13710,Campana, ,AR CMP,Argentina,Argentina,Rio de la Plata; South Atlantic Ocean,Small,River (Natural),,,3.4,7.9,Unknown,Unknown,Unknown,Limited,Unknown,-34.15,-58.96667
13730,Colon, ,AR COL,Argentina,Argentina,Rio de la Plata; South Atlantic Ocean,Very Small,River (Natural),,,3.4,7.9,Unknown,Unknown,Unknown,Limited,Unknown,-32.21667,-58.13333
13920,Comodoro Rivadavia, ,ARCRD,Argentina,Argentina,Golfo San Jorge; South Atlantic Ocean,Very Small,Coastal (Breakwater),111.7,10.0,23.2,9.4,Yes,Yes,Unknown,Limited,Unknown,-45.86667,-67.46667
13740,Concepcion Del Uruguay, ,AR COU,Argentina,Argentina,Rio de la Plata; South Atlantic Ocean,Small,River (Natural),,,4.9,4.9,Unknown,Unknown,Small,Limited,Unknown,-32.48333,-58.23333
13720,Concordia, ,AR COC,Argentina,Argentina,Rio de la Plata; South Atlantic Ocean,Very Small,River (Natural),,,3.4,1.8,Unknown,Unknown,Unknown,Unknown,Unknown,-31.4,-58.03333
13580,Diamante, ,AR DME,Argentina,Argentina,Rio de la Plata; South Atlantic Ocean,Very Small,River (Natural),,,6.4,6.4,Unknown,Unknown,Unknown,Limited,Unknown,-32.06667,-60.65
13770,La Plata,Eva Peron,AR LPG,Argentina,Argentina,Rio de la Plata; South Atlantic Ocean,Medium,River (Basins),,,7.9,6.4,Unknown,Unknown,Unknown,Moderate,Medium,-34.83333,-57.88333
13780,Mar Del Plata,Puerto Mar Del Plata,AR MDQ,Argentina,Argentina,South Atlantic Ocean,Small,Coastal (Breakwater),280.0,,6.4,11.0,Unknown,Yes,Medium,Limited,Unknown,-38.03333,-57.53333
13570,Parana, ,ARPRA,Argentina,Argentina,Rio de la Plata; South Atlantic Ocean,Very Small,River (Natural),,,3.4,3.4,Unknown,Unknown,Small,Limited,Unknown,-31.71667,-60.53333
13810,Puerto Belgrano,Punta Alta,ARPBG,Argentina,Argentina,South Atlantic Ocean,Small,Coastal (Breakwater),,,9.4,7.9,Unknown,Unknown,Medium,Major,Large,-38.88333,-62.1
13930,Puerto Deseado, ,AR PUD,Argentina,Argentina,South Atlantic Ocean,Very Small,River (Natural),,,6.4,7.9,Unknown,Yes,Unknown,Limited,Unknown,-47.75,-65.9
13960,Puerto Gallegos,Rio Gallegos,AR RGL,Argentina,Argentina,South Atlantic Ocean,Very Small,River (Natural),230.0,,1.8,4.9,Yes,Unknown,Unknown,Limited,Unknown,-51.61667,-68.96667
13840,Puerto Galvan, ,ARPGV,Argentina,Argentina,South Atlantic Ocean,Very Small,Coastal (Natural),,,4.9,7.9,Unknown,Unknown,Large,Limited,Unknown,-38.78333,-62.3
13690,Puerto Ibicuy, ,ARIBY,Argentina,Argentina,Rio de la Plata; South Atlantic Ocean,Very Small,River (Natural),,,,6.4,Unknown,Unknown,Unknown,,Unknown,-33.75,-59.18333
13820,Puerto Ingeniero White, ,ARINW,Argentina,Argentina,South Atlantic Ocean,Small,Coastal (Natural),,,12.5,12.5,Unknown,Unknown,Medium,Moderate,Unknown,-38.8,-62.26667
13900,Puerto Madryn,Port Madryn,AR PMY,Argentina,Argentina,South Atlantic Ocean,Small,Coastal (Natural),317.1,,4.9,15.5,Unknown,Unknown,Unknown,Moderate,Large,-42.76667,-65.03333
13830,Puerto Nacional, ,ARPNL,Argentina,Argentina,South Atlantic Ocean,Very Small,Coastal (Natural),,,6.4,6.4,Unknown,Unknown,Medium,Unknown,Unknown,-38.8,-62.28333
13800,Puerto Rosales,Puerto Arroyo Pareja; Puerto Pareja,ARPRS,Argentina,Argentina,South Atlantic Ocean,Very Small,Coastal (Breakwater),,,,4.9,Unknown,Unknown,Small,Limited,Unknown,-38.93333,-62.06667
13940,Puerto San Julian,Chokrak,AR SJL,Argentina,Argentina,South Atlantic Ocean,Very Small,Coastal (Natural),,6.4,,6.4,Unknown,Unknown,Unknown,Limited,Unknown,-49.31667,-67.7
13600,Puerto San Martin,San Martin,ARSMA,Argentina,Argentina,Rio de la Plata; South Atlantic Ocean,Very Small,River (Natural),,,4.9,3.4,Unknown,Unknown,Small,Limited,Unknown,-32.71667,-60.73333
13950,Puerto Santa Cruz, ,AR RZA,Argentina,Argentina,South Atlantic Ocean,Very Small,River (Natural),,,7.9,9.4,Unknown,Unknown,Unknown,Limited,Unknown,-50.01667,-68.51667
13790,Quequen,Necochea,AR QQN,Argentina,Argentina,South Atlantic Ocean,Very Small,Coastal (Breakwater),,,7.9,11.0,Unknown,Unknown,Medium,Limited,Unknown,-38.58333,-58.7
13660,Ramallo, ,ARRAM,Argentina,Argentina,Rio de la Plata; South Atlantic Ocean,Very Small,River (Natural),,,6.4,6.4,Unknown,Unknown,Unknown,,Unknown,-33.48333,-60.01667
13970,Rio Grande, ,AR RGA,Argentina,Argentina,South Atlantic Ocean,Very Small,River (Natural),,,,,Yes,Unknown,Unknown,Limited,Unknown,-53.78333,-67.68333
13630,Rosario, ,ARROS,Argentina,Argentina,Rio de la Plata; South Atlantic Ocean,Medium,River (Natural),,,6.4,7.9,Unknown,Unknown,Small,Moderate,Unknown,-32.95,-60.63333
13860,San Blas, ,AR BSB,Argentina,Argentina,South Atlantic Ocean,Very Small,Coastal (Natural),,,4.9,,Unknown,Unknown,Unknown,Unknown,Unknown,-40.56667,-62.23333
13610,San Lorenzo, ,ARSLO,Argentina,Argentina,Rio de la Plata; South Atlantic Ocean,Very Small,River (Natural),254.0,,7.9,11.0,Unknown,Unknown,Small,Limited,Unknown,-32.75,-60.73333
13650,San Nicolas, ,ARSNS,Argentina,Argentina,Rio de la Plata; South Atlantic Ocean,Very Small,River (Natural),,,9.4,9.4,Unknown,Unknown,Unknown,Limited,Unknown,-33.33333,-60.23333
13670,San Pedro,Puerto Obligado,ARSPD,Argentina,Argentina,Rio de la Plata; South Atlantic Ocean,Very Small,River (Natural),,,7.9,,Unknown,Unknown,Unknown,Limited,Unknown,-33.58333,-59.81667
13965,San Sebastian Bay, ,AR SSN,Argentina,Argentina,South Atlantic Ocean,Small,Coastal (Natural),,,,,Unknown,Unknown,Unknown,Unknown,Unknown,-53.16667,-68.5
13560,Santa Fe, ,AR SFN,Argentina,Argentina,Rio de la Plata; South Atlantic Ocean,Small,River (Natural),,,3.4,6.4,Unknown,Unknown,Unknown,Moderate,Unknown,-31.65,-60.7
13980,Ushuaia, ,ARUSH,Argentina,Argentina,Drake Passage; South Atlantic Ocean,Small,Coastal (Natural),317.0,,1.8,7.9,Unknown,Unknown,Unknown,Limited,Unknown,-54.81667,-68.3
13981,Villa Constitucion, , ,Argentina,Argentina,Rio de la Plata; South Atlantic Ocean,Very Small,River (Natural),,,7.9,4.9,Unknown,Unknown,Small,Limited,Unknown,-33.3,-60.33333
13640,Villa Constitucion, ,ARVCN,Argentina,Argentina,Rio de la Plata; South Atlantic Ocean,Very Small,River (Natural),,,6.4,4.9,Unknown,Unknown,Unknown,Limited,Unknown,-33.23333,-60.33333
13700,Zarate, ,ARZAE,Argentina,Argentina,Rio de la Plata; South Atlantic Ocean,Small,River (Natural),,,9.4,9.4,Unknown,Unknown,Unknown,Limited,Unknown,-34.08333,-59.03333
11840,Paarden Baai - (Oranjestad), ,AW ORJ,Aruba,Aruba,Caribbean Sea; North Atlantic Ocean,Very Small,Coastal (Breakwater),340.0,9.9,10.0,9.4,Unknown,Unknown,Unknown,Limited,Unknown,12.51667,-70.03333
11830,Sint Nicolaas Baai,Sint Nicolaashaven; St Nicolass,AWSNL,Aruba,Aruba,Caribbean Sea; North Atlantic Ocean,Small,Coastal (Breakwater),228.6,12.2,12.5,12.5,Yes,Unknown,Small,Limited,Unknown,12.43333,-69.91667
54470,Albany,Princess Royal Harbor,AU ALH,Australia,Australia,Indian Ocean,Small,Coastal (Natural),294.0,11.7,11.0,11.0,Yes,No,Medium,Limited,Unknown,-35.03333,117.88333
54236,Ardrossan, ,AU ARD,Australia,Australia,Indian Ocean,Very Small,Open Roadstead,200.0,9.0,7.9,7.9,Yes,No,Unknown,,Unknown,-34.43333,137.91667
53520,Ballina, ,AU BNK,Australia,Australia,Tasman Sea; South Pacific Ocean,Small,River (Natural),,3.6,3.4,3.4,Unknown,Unknown,Unknown,Limited,Small,-28.86667,153.56667
53750,Batemans Bay, ,AU QBW,Australia,Australia,Tasman Sea; South Pacific Ocean,Very Small,Coastal (Natural),,,15.5,3.4,Unknown,Unknown,Unknown,Emergency Only,Unknown,-35.7,150.16667
54943,Beauty Point, ,AU BYP,Australia,Tasmania,Bass Strait; South Pacific Ocean,Small,Coastal (Natural),,,21.6,9.4,No,No,Unknown,Limited,,-41.15,146.81667
53655,Botany Bay,Port Botany,AU BTB,Australia,Australia,Tasman Sea; South Pacific Ocean,Small,Coastal (Natural),336.0,15.2,14.4,13.9,Unknown,Yes,Unknown,Moderate,Unknown,-34.0,151.23333
53490,Brisbane, ,AU BNE,Australia,Australia,South Pacific Ocean,Large,River (Natural),346.9,14.2,9.1,14.9,Yes,Yes,Unknown,Major,Medium,-27.40004,153.15155
54630,Broome, ,AU BME,Australia,Australia,Indian Ocean,Small,Coastal (Natural),294.0,9.1,11.0,7.9,Unknown,Unknown,Unknown,Limited,Unknown,-17.96667,122.23333
54500,Bunbury, ,AU BUY,Australia,Australia,Indian Ocean,Small,Coastal (Breakwater),270.0,11.6,12.5,11.0,Yes,Yes,Small,Limited,Unknown,-33.31667,115.63333
53460,Bundaberg,Port Bundaberg,AU BDB,Australia,Australia,Coral Sea; South Pacific Ocean,Very Small,River (Natural),200.0,11.0,7.9,9.4,Yes,No,Small,Limited,,-24.86667,152.35
54880,Burnie, ,AU BWT,Australia,Tasmania,Bass Strait; South Pacific Ocean,Small,Coastal (Breakwater),294.0,11.2,9.4,11.0,Yes,Yes,Medium,Limited,,-41.05,145.95
53340,Cairns, ,AU CNS,Australia,Australia,Coral Sea; South Pacific Ocean,Small,River (Natural),294.0,10.1,8.3,10.5,Yes,Yes,Small,Moderate,Small,-16.91667,145.78333
54565,Cape Cuvier, ,AU CCU,Australia,Australia,Indian Ocean,Very Small,Open Roadstead,234.0,14.0,17.1,14.0,Yes,Unknown,Unknown,,Unknown,-24.21667,113.38333
53318,Cape Flattery Harbor, ,AU CQP,Australia,Australia,Coral Sea; South Pacific Ocean,Small,Open Roadstead,195.0,,,14.0,Yes,No,Unknown,Unknown,,-14.95,145.35
54605,Dampier, ,AU DAM,Australia,Australia,Indian Ocean,Medium,Coastal (Natural),340.0,19.5,11.0,18.6,Yes,Yes,Unknown,Major,Medium,-20.63333,116.71667
54670,Darwin, ,AU DRW,Australia,Australia,Timor Sea; Indian Ocean,Medium,Coastal (Natural),345.0,12.0,18.6,7.9,Yes,Yes,Small,Limited,Small,-12.47139,130.84778
54920,Devonport, ,AU DPO,Australia,Tasmania,Bass Strait; South Pacific Ocean,Small,River (Basins),209.0,,7.9,9.5,Yes,Yes,Medium,Limited,,-41.18333,146.36667
54830,Dover, , ,Australia,Tasmania,South Pacific Ocean,Very Small,Coastal (Natural),305.0,10.0,12.5,4.9,Unknown,Unknown,Unknown,Emergency Only,Unknown,-43.31667,147.03333
53810,Eden, ,AU QDN,Australia,Australia,Tasman Sea; South Pacific Ocean,Very Small,Coastal (Breakwater),311.0,11.3,9.4,6.4,Yes,Yes,Unknown,Emergency Only,,-37.06667,149.91667
54450,Esperance, ,AU EPR,Australia,Australia,Indian Ocean,Very Small,Coastal (Breakwater),300.0,17.9,18.6,18.6,Yes,Yes,Small,Limited,Unknown,-33.86667,121.9
54520,Fremantle, ,AU FRE,Australia,Australia,Indian Ocean,Large,Coastal (Breakwater),345.0,12.9,12.5,12.5,Yes,Yes,Medium,Major,Medium,-32.05,115.75
54050,Geelong, ,AU GEX,Australia,Australia,Bass Strait; South Pacific Ocean,Medium,Coastal (Natural),265.0,11.9,12.3,9.1,Yes,Yes,Medium,Major,Small,-38.15,144.36667
54540,Geraldton, ,AU GET,Australia,Australia,Indian Ocean,Very Small,Coastal (Breakwater),294.0,12.0,14.0,12.5,Yes,No,Small,Limited,Unknown,-28.78333,114.6
53450,Gladstone,Port Curtis,AU GLT,Australia,Australia,Coral Sea; South Pacific Ocean,Small,River (Natural),320.0,17.9,10.6,11.2,Yes,Yes,Large,Moderate,Small,-23.85,151.25
54675,Gove, ,AU GOV,Australia,Australia,Arafura Sea; South Pacific Ocean,Very Small,Open Roadstead,270.0,15.0,12.5,12.5,Unknown,Unknown,Unknown,Limited,Unknown,-12.2,136.7
53405,Hay Point, ,AU HPT,Australia,Australia,Coral Sea; South Pacific Ocean,Small,Open Roadstead,300.0,19.6,13.1,16.5,Yes,Yes,Small,Unknown,,-21.28333,149.3
54760,Hobart, ,AU HBA,Australia,Tasmania,South Pacific Ocean,Medium,River (Natural),348.0,,12.5,11.0,Yes,Yes,Large,Limited,Medium,-42.88333,147.33333
53710,Jervis Bay, ,AU JEB,Australia,Australia,Tasman Sea; South Pacific Ocean,Very Small,Coastal (Natural),,,23.2,1.8,Unknown,Unknown,Unknown,Emergency Only,Unknown,-35.11667,150.8
54690,Karumba, ,AU KRB,Australia,Australia,Gulf of Carpentaria; Arafura Sea; South Pacific Ocean,Very Small,River (Natural),100.0,4.6,3.4,1.8,Yes,Unknown,Unknown,Emergency Only,Unknown,-17.48333,140.83333
54200,Kingscote, ,AU KGC,Australia,Australia,Indian Ocean,Very Small,Coastal (Breakwater),,4.3,3.4,3.4,No,No,Unknown,Limited,Unknown,-35.63333,137.63333
54210,Klein Point, ,AU KLP,Australia,Australia,Indian Ocean,Very Small,Open Roadstead,120.0,,6.4,6.4,Yes,No,Unknown,,Unknown,-34.96667,137.76667
54970,Launceston, ,AU LST,Australia,Tasmania,Bass Strait; South Pacific Ocean,Small,River (Natural),,,1.8,7.9,No,No,Unknown,Limited,,-41.45,147.11667
53370,Lucinda, ,AU LUC,Australia,Australia,Coral Sea; South Pacific Ocean,Very Small,Open Roadstead,225.0,,12.5,7.9,Yes,No,Small,Limited,,-18.51667,146.33333
53400,Mackay, ,AU MKY,Australia,Australia,Coral Sea; South Pacific Ocean,Small,Coastal (Breakwater),230.0,,8.5,10.6,Yes,No,Small,Limited,,-21.11667,149.21667
54030,Melbourne, ,AU MEL,Australia,Australia,Bass Strait; South Pacific Ocean,Large,Coastal (Natural),349.0,14.9,11.6,9.4,Yes,Yes,Large,Major,Small,-37.83333,144.96667
54671,Milner Bay, ,AU MIB,Australia,Australia,Gulf of Carpentaria; Arafura Sea; South Pacific Ocean,Very Small,Open Roadstead,197.0,12.5,23.2,12.5,Yes,Unknown,Unknown,,Unknown,-13.86667,136.41667
53360,Mourilyan Harbour, ,AU MOU,Australia,Australia,Coral Sea; South Pacific Ocean,Small,Coastal (Natural),200.0,,6.4,9.4,Yes,No,Small,Moderate,,-17.6,146.13333
53610,Newcastle, ,AU NTL,Australia,Australia,Tasman Sea; South Pacific Ocean,Large,Coastal (Breakwater),300.0,16.1,17.7,11.5,Yes,Yes,Unknown,Moderate,Small,-32.91667,151.78333
54580,Onslow, ,AU ONS,Australia,Australia,Indian Ocean,Very Small,Open Roadstead,199.0,11.8,1.8,6.4,Yes,Yes,Unknown,Unknown,Unknown,-21.65,115.1
54575,Point Murat, , ,Australia,Australia,Indian Ocean,Very Small,Open Roadstead,,,11.0,11.0,Unknown,Unknown,Unknown,Limited,Unknown,-21.81667,114.18333
54220,Port Adelaide, ,AU PAE,Australia,Australia,Indian Ocean,Medium,River (Natural),348.0,13.2,14.0,12.5,Yes,Yes,Large,Moderate,Unknown,-34.85,138.5
53440,Port Alma, ,AU PTL,Australia,Australia,Coral Sea; South Pacific Ocean,Small,River (Natural),180.0,9.1,7.0,9.2,Yes,Yes,Unknown,Limited,,-23.58333,150.85
54325,Port Bonython,Stony Point,AU PBY,Australia,Australia,Spencer Gulf; Indian Ocean,Small,Open Roadstead,265.0,15.8,11.0,,No,No,Unknown,Limited,Unknown,-33.01667,137.76667
54940,Port Dalrymple, ,AU PTD,Australia,Tasmania,Bass Strait; South Pacific Ocean,Medium,Coastal (Natural),,,9.4,,No,No,Unknown,Unknown,,-41.13333,146.83333
54255,Port Giles, ,AU PGI,Australia,Australia,Indian Ocean,Very Small,Open Roadstead,230.0,13.5,12.5,11.0,Yes,No,Unknown,,Unknown,-35.03333,137.76667
54620,Port Hedland, ,AU PHE,Australia,Australia,Indian Ocean,Medium,River (Natural),340.0,11.8,14.0,17.1,Yes,No,Small,Major,,-20.31944,118.57222
54810,Port Huon, ,AU PHU,Australia,Tasmania,South Pacific Ocean,Very Small,River (Natural),116.0,8.0,7.9,9.4,Yes,No,Unknown,,,-43.16667,146.98333
53690,Port Kembla, ,AU PKL,Australia,Australia,Tasman Sea; South Pacific Ocean,Medium,Coastal (Breakwater),300.0,16.0,15.2,15.1,Yes,Yes,Large,Limited,,-34.46338,150.90003
54875,Port Latta, ,AU PLA,Australia,Tasmania,Bass Strait; South Pacific Ocean,Very Small,Open Roadstead,245.0,15.2,14.0,15.5,No,No,Small,Limited,,-40.83333,145.38333
54350,Port Lincoln, ,AU PLO,Australia,Australia,Spencer Gulf; Indian Ocean,Medium,Coastal (Breakwater),330.0,14.6,14.0,14.0,Yes,No,Small,Unknown,Unknown,-34.71667,135.85
54290,Port Pirie, ,AU PPI,Australia,Australia,Spencer Gulf; Indian Ocean,Small,River (Natural),187.0,7.3,9.4,11.0,Yes,Yes,Small,Limited,Unknown,-33.18333,138.01667
54600,Port Walcott,Cossack; Samson Point,AU PWL,Australia,Australia,Indian Ocean,Very Small,Open Roadstead,330.0,19.9,12.5,18.6,Yes,Unknown,Unknown,,Unknown,-20.65,117.18333
54140,Portland, ,AU PTJ,Australia,Australia,Indian Ocean,Small,Coastal (Breakwater),265.0,11.5,11.5,10.5,Yes,Yes,Unknown,Limited,Small,-38.33333,141.6
54870,Stanley, ,AU STA,Australia,Tasmania,Bass Strait; South Pacific Ocean,Very Small,Coastal (Breakwater),63.0,5.0,7.9,7.9,Yes,No,Unknown,Limited,,-40.76667,145.28333
53650,Sydney, ,AU SYD,Australia,Australia,Tasman Sea; South Pacific Ocean,Large,Coastal (Natural),348.0,13.7,10.5,20.6,Yes,Yes,Large,Major,Large,-33.86667,151.2
54410,Thevenard, ,AU THE,Australia,Australia,Great Australian Bight; Indian Ocean,Small,Coastal (Natural),190.0,9.3,7.9,9.4,Yes,No,Unknown,Limited,Unknown,-32.16667,133.65
53300,Thursday Island,Port Kennedy,AU TIS,Australia,Australia,Torres Strait; South Pacific Ocean,Small,Coastal (Natural),99.9,,5.3,4.9,Unknown,Unknown,Unknown,Limited,Unknown,-10.58333,142.21667
53380,Townsville, ,AU TSV,Australia,Australia,Coral Sea; South Pacific Ocean,Small,Coastal (Breakwater),238.0,12.0,11.7,12.2,Yes,Yes,Medium,Moderate,,-19.24782,146.83341
54555,Useless Loop, ,AU USL,Australia,Australia,Indian Ocean,Very Small,Open Roadstead,186.0,,9.4,9.4,Yes,No,Unknown,,Unknown,-26.08333,113.4
54280,Wallaroo, ,AU WAL,Australia,Australia,Spencer Gulf; Indian Ocean,Very Small,Open Roadstead,229.1,,7.9,9.4,Yes,No,Small,Limited,Unknown,-33.93333,137.61667
54120,Warrnambool, ,AU WMB,Australia,Australia,Indian Ocean,Very Small,Coastal (Breakwater),,,7.9,4.9,Unknown,Unknown,Unknown,Emergency Only,Unknown,-38.4,142.48333
54672,Weipa, ,AU WEI,Australia,Australia,Gulf of Carpentaria; Arafura Sea; South Pacific Ocean,Very Small,Coastal (Natural),236.0,12.2,9.4,11.0,Unknown,Unknown,Unknown,,Unknown,-12.66667,141.86667
53840,Welshpool,Port Wellshpool,AU WHL,Australia,Australia,Bass Strait; South Pacific Ocean,Very Small,Coastal (Natural),311.0,11.3,1.8,4.9,No,No,Unknown,Emergency Only,Unknown,-38.7,146.46667
53930,Western Port,Hastings,AU WEP,Australia,Australia,Bass Strait; South Pacific Ocean,Very Small,Coastal (Natural),300.0,15.5,14.0,11.0,No,No,Small,Moderate,Unknown,-38.35,145.23333
54320,Whyalla, ,AU WYA,Australia,Australia,Spencer Gulf; Indian Ocean,Small,Coastal (Breakwater),200.0,11.0,9.4,9.4,Yes,No,Medium,Limited,Unknown,-33.03333,137.58333
54660,Wyndham, ,AU WYN,Australia,Australia,Joseph Bonaparte Gulf; Timor Sea; Indian Ocean,Very Small,River (Natural),195.0,8.0,6.4,7.9,Unknown,Unknown,Unknown,,Unknown,-15.46667,128.1
48310,Al Manamah, ,BH AMH,Bahrain,Bahrain,Persian Gulf; Indian Ocean,Small,Coastal (Natural),,,3.4,,Unknown,Unknown,Unknown,,Unknown,26.23333,50.58333
48327,Khalifa Bin Salman, ,BH KBS,Bahrain,Bahrain,Persian Gulf; Indian Ocean,Medium,Coastal (Breakwater),366.0,,12.8,15.0,Yes,Yes,Unknown,Unknown,Unknown,26.18333,50.7
48325,Mina Salman,Khor Kaliya,BH MIN,Bahrain,Bahrain,Persian Gulf; Indian Ocean,Medium,Coastal (Natural),,,14.0,14.0,Unknown,Unknown,Medium,Moderate,Large,26.2,50.63333
48320,Sitrah,Jazirat Sitrah,BH SIT,Bahrain,Bahrain,Persian Gulf; Indian Ocean,Medium,Open Roadstead,,,14.0,14.0,Unknown,Unknown,Unknown,Limited,Large,26.16667,50.66667
49590,Chittagong, ,BD CGP,Bangladesh,Bangladesh,Bay of Bengal; Indian Ocean,Medium,River (Natural),200.0,10.5,4.9,12.2,Yes,Yes,Small,Limited,Medium,22.31667,91.81667
49580,Mongla,Chalna Bazar,BD MGL,Bangladesh,Bangladesh,Bay of Bengal; Indian Ocean,Small,River (Natural),183.0,8.5,4.9,6.5,Unknown,Unknown,Unknown,Limited,Unknown,22.46667,89.6
11690,Bridgetown, ,BB BGI,Barbados,Barbados,North Atlantic Ocean,Small,Coastal (Breakwater),362.1,9.9,12.5,11.0,Yes,Yes,Unknown,Limited,Unknown,13.1,-59.63333
31250,Antwerpen,Antwerp; Anvers,BE ANR,Belgium,Belgium,North Sea; North Atlantic Ocean,Large,River (Tide Gates),,,11.0,11.0,Unknown,Unknown,Unknown,Major,Large,51.21667,4.4
31290,Bruges, ,BE BGS,Belgium,Belgium,North Sea; North Atlantic Ocean,Very Small,Canal or Lake,,,7.9,4.9,Unknown,Unknown,Small,Limited,Unknown,51.23333,3.21667
31260,Bruxelles,Brussels,BE BRU,Belgium,Belgium,North Sea; North Atlantic Ocean,Small,River (Tide Gates),,,3.4,3.4,Unknown,Unknown,Small,Limited,Unknown,50.86667,4.35
31270,Ghent,Ghent,BE GNE,Belgium,Belgium,North Sea; North Atlantic Ocean,Medium,Canal or Lake,,,11.0,11.0,Unknown,Unknown,Medium,Moderate,Medium,51.06667,3.73333
31320,Nieuwpoort, ,BE NIE,Belgium,Belgium,North Sea; North Atlantic Ocean,Very Small,Canal or Lake,,,1.8,3.4,Unknown,Unknown,Small,Limited,Unknown,51.13333,2.75
31310,Oostende,Ostend,BE OST,Belgium,Belgium,North Sea; North Atlantic Ocean,Small,River (Tide Gates),,,4.9,4.9,Unknown,Unknown,Medium,Limited,Medium,51.23333,2.91667
31280,Zeebrugge, ,BE ZEE,Belgium,Belgium,North Sea; North Atlantic Ocean,Medium,Coastal (Breakwater),,,9.4,14.0,Unknown,Unknown,Large,Limited,Medium,51.33333,3.2
9590,Belize City, ,BZ BZE,Belize,Belize,Caribbean Sea; North Atlantic Ocean,Small,Open Roadstead,140.0,7.5,18.2,9.4,Yes,Yes,Small,Moderate,Unknown,17.5,-88.18333
9598,Big Creek, ,BZBGK,Belize,Belize,Caribbean Sea; North Atlantic Ocean,Unknown, ,,11.0,11.0,,Unknown,Unknown,Unknown,Unknown,Unknown,16.51667,-88.4
46110,Cotonou,Appi; Kentou; Kotonu,BJ COO,Benin,Benin,Bight of Benin; Gulf of Guinea; North Atlantic Ocean,Medium,Coastal (Breakwater),,10.0,11.0,11.0,Yes,Yes,Unknown,Limited,Small,6.35,2.43333
9930,Freeport, ,BMFPT,Bermuda, ,North Atlantic Ocean,Unknown, ,347.1,10.4,,,Yes,Unknown,Unknown,Unknown,Unknown,32.31667,-64.83333
9960,Hamilton, ,BM BDA,Bermuda,Bermuda Islands,North Atlantic Ocean,Small,Coastal (Natural),,7.9,7.9,7.9,Unknown,Yes,Small,Limited,Unknown,32.3,-64.78333
9950,Ireland Island,Freeport,BM FPT,Bermuda,Bermuda Islands,North Atlantic Ocean,Medium,Coastal (Breakwater),,,7.9,11.0,Unknown,Unknown,Unknown,Moderate,Unknown,32.31667,-64.83333
9940,St George,Saint George's Harbor,BM SGE,Bermuda,Bermuda Islands,North Atlantic Ocean,Small,Coastal (Natural),,,7.9,7.9,Unknown,Unknown,Medium,Moderate,Unknown,32.38333,-64.68333
41415,Neum, ,BA NEM,Bosnia and Herzegovina,Croatia,Adriatic Sea; Mediterranean Sea; North Atlantic Ocean,Small, ,,,,,Unknown,Unknown,Unknown,Unknown,Unknown,42.91667,17.6
12940,Angra Dos Reis, ,BRADR,Brazil,Brazil SE Coast,South Atlantic Ocean,Small,Coastal (Natural),,9.0,9.4,6.4,Unknown,Unknown,Small,Moderate,Unknown,-23.01667,-44.31667
12772,Aratu, ,BR ARB,Brazil,Brazil SE Coast,South Atlantic Ocean,Small,Open Roadstead,,,17.1,11.0,Unknown,Unknown,Small,Limited,Large,-12.78333,-38.5
12490,Belem,Para,BR BEL,Brazil,Brazil NE Coast,South Atlantic Ocean,Medium,River (Natural),210.0,7.9,9.0,9.0,Unknown,Unknown,Small,Moderate,Medium,-1.45,-48.5
12710,Cabedelo, ,BR CDO,Brazil,Brazil SE Coast,South Atlantic Ocean,Small,River (Natural),200.0,11.0,5.5,11.0,Unknown,Unknown,Medium,Limited,Unknown,-6.96667,-34.83333
12500,Cameta, ,BR CMA,Brazil,Brazil NE Coast,South Atlantic Ocean,Very Small,Typhoon Harbor,,,7.9,,Unknown,Unknown,Unknown,Unknown,Unknown,-2.25,-49.5
12630,Camocim, ,BR CMC,Brazil,Brazil NE Coast Cont,South Atlantic Ocean,Very Small,River (Natural),100.0,4.5,1.8,6.4,Unknown,Unknown,Unknown,Limited,Unknown,-2.9,-40.83333
12900,Dtse / Gegua Oil Terminal, , ,Brazil,Brazil SE Coast,South Atlantic Ocean,Medium,Open Roadstead,,,11.0,,Unknown,Unknown,Unknown,Major,Medium,-22.81667,-43.15
12950,Gebig, , ,Brazil,Brazil SE Coast,South Atlantic Ocean,Small,Open Roadstead,,,23.2,,Unknown,Unknown,Unknown,Moderate,Unknown,-23.05,-44.21667
12935,Guaiba Island Terminal,Sepetiba Terminal, ,Brazil,Brazil SE Coast,South Atlantic Ocean,Small,Coastal (Natural),,,21.6,21.6,Unknown,Unknown,Small,,Unknown,-23.01667,-44.03333
12661,Guamare Oil Terminal, ,BR GUA,Brazil,Brazil NE Coast Cont,South Atlantic Ocean,Very Small,Open Roadstead,,,16.0,,Unknown,Unknown,Unknown,Moderate,Unknown,-4.86667,-36.28333
13040,Imbituba, ,BR IBB,Brazil,Brazil SE Coast,South Atlantic Ocean,Very Small,Coastal (Natural),,,11.0,9.4,Unknown,Unknown,Small,Limited,Unknown,-28.23333,-48.66667
12540,Itacoatiara,Serpa,BRIAR,Brazil,Brazil NE Coast,South Atlantic Ocean,Very Small,River (Natural),,12.5,11.0,9.4,Unknown,Unknown,Small,Limited,Unknown,-3.15,-58.45
13020,Itajai, ,BR ITJ,Brazil,Brazil SE Coast,South Atlantic Ocean,Medium,River (Natural),,11.5,9.4,12.5,Unknown,Unknown,Unknown,Moderate,Unknown,-26.91667,-48.63333
12585,Itaqui, ,BRIQI,Brazil,Brazil NE Coast Cont,South Atlantic Ocean,Small,Coastal (Natural),365.0,23.0,15.5,17.1,Unknown,Unknown,Large,,Unknown,-2.56667,-44.36667
13050,Laguna,Villa Laguna,BR LGA,Brazil,Brazil SE Coast,South Atlantic Ocean,Very Small,River (Natural),,,3.4,4.9,Unknown,Unknown,Small,Limited,Unknown,-28.5,-48.78333
12890,Macae,Macahe,BR MEA,Brazil,Brazil SE Coast,South Atlantic Ocean,Very Small,River (Natural),,5.7,1.8,,Unknown,Unknown,Unknown,Unknown,Unknown,-22.36667,-41.76667
12775,Madre De Deus, ,BR MDD,Brazil,Brazil SE Coast,South Atlantic Ocean,Very Small,Open Roadstead,,,11.0,3.4,Unknown,Unknown,Unknown,Limited,Unknown,-12.75,-38.61667
12560,Manaus,Manaos,BRMAO,Brazil,Brazil NE Coast,South Atlantic Ocean,Small,River (Natural),225.0,11.5,11.5,40.0,Unknown,Unknown,Small,Moderate,Unknown,-3.13333,-60.01667
12690,Natal, ,BR NAT,Brazil,Brazil NE Coast Cont,South Atlantic Ocean,Small,River (Natural),190.0,9.3,10.0,11.5,Unknown,Unknown,Medium,Limited,Small,-5.78333,-35.2
12930,Niteroi,Nictheroy,BR NTR,Brazil,Brazil SE Coast,South Atlantic Ocean,Small,Coastal (Natural),,,6.4,7.9,Unknown,Unknown,Small,Moderate,Medium,-22.88333,-43.11667
12980,Paranagua, ,BR PNG,Brazil,Brazil SE Coast,South Atlantic Ocean,Small,Coastal (Natural),,,11.0,11.0,Unknown,Unknown,Medium,Moderate,Unknown,-25.5,-48.51667
13070,Pelotas, ,BRPET,Brazil,Brazil SE Coast,South Atlantic Ocean,Very Small,River (Natural),,5.2,4.9,4.9,Unknown,Unknown,Small,Limited,Unknown,-31.78333,-52.33333
12760,Port De Aracaju,Carmopolis,BR AJU,Brazil,Brazil SE Coast,South Atlantic Ocean,Small,River (Natural),,4.2,4.0,7.0,Unknown,Unknown,Medium,Limited,Unknown,-10.91667,-37.05
12770,Port De Salvador,Bahia Salvador,BR SSA,Brazil,Brazil SE Coast,South Atlantic Ocean,Medium,Coastal (Breakwater),,,11.0,9.4,Unknown,Unknown,Medium,Limited,Small,-12.96667,-38.51667
12810,Port Of Ilheus,Malhado; Porto De Ilheus; Sao Jorges Dos Ilheus,BRIOS,Brazil,Brazil SE Coast,South Atlantic Ocean,Small,Coastal (Breakwater),,8.5,9.4,7.9,Unknown,Unknown,Small,Limited,Unknown,-14.78333,-39.01667
13080,Porto Alegre, ,BR POA,Brazil,Brazil SE Coast,South Atlantic Ocean,Medium,River (Natural),235.0,5.2,4.9,4.9,Unknown,Unknown,Small,Limited,Small,-30.03333,-51.23333
12750,Porto De Maceio, ,BR MCZ,Brazil,Brazil SE Coast,South Atlantic Ocean,Small,Coastal (Breakwater),339.0,10.5,14.0,11.0,Unknown,Unknown,Large,Limited,Unknown,-9.66667,-35.73333
12650,Porto De Mucuripe,Ceara; Fortaleza, ,Brazil,Brazil NE Coast Cont,South Atlantic Ocean,Small,Open Roadstead,299.5,11.0,11.0,13.0,Unknown,Unknown,Small,Moderate,Unknown,-3.71667,-38.48333
12740,Porto De Suape, ,BR SUA,Brazil,Brazil SE Coast,South Atlantic Ocean,Small,Coastal (Breakwater),320.0,17.3,16.5,15.5,Unknown,Unknown,Small,,Large,-8.4,-34.96667
12910,Porto Do Forno,Arraial Do Cabo; Arrail Do Caeo,BR FNO,Brazil,Brazil SE Coast,South Atlantic Ocean,Very Small,Coastal (Natural),,,11.0,4.9,Unknown,Unknown,Unknown,,Unknown,-22.96667,-42.01667
12485,Porto Santana,Macapa,BRSTN,Brazil,Brazil NE Coast,South Atlantic Ocean,Very Small,River (Natural),210.0,8.6,9.4,9.4,Unknown,Unknown,Unknown,Limited,Unknown,-0.05,-51.18333
12820,Portocel, , ,Brazil,Brazil SE Coast,South Atlantic Ocean,Small,Coastal (Breakwater),214.0,,11.0,11.0,Unknown,Unknown,Unknown,,Unknown,-19.85,-40.05
12730,Recife,Pernambuco,BR REC,Brazil,Brazil SE Coast,South Atlantic Ocean,Medium,Coastal (Breakwater),,12.0,9.7,11.0,Unknown,Unknown,Medium,Major,Unknown,-8.05,-34.86667
12920,Rio De Janeiro, ,BR RIO,Brazil,Brazil SE Coast,South Atlantic Ocean,Large,Coastal (Natural),,14.2,15.5,12.5,Unknown,Unknown,Small,Major,Large,-22.9,-43.16667
13060,Rio Grande,San Pedro Do Sul; Sao Pedro Do Sul,BRRIG,Brazil,Brazil SE Coast,South Atlantic Ocean,Large,River (Natural),337.0,12.8,12.5,11.0,Unknown,Unknown,Medium,Limited,Unknown,-32.05,-52.08333
12857,Santa Clara, , ,Brazil,Brazil SE Coast,South Atlantic Ocean,Very Small,Coastal (Natural),,5.5,4.9,4.9,Unknown,Unknown,Unknown,Unknown,Unknown,-20.88333,-51.36667
12510,Santarem, ,BRSTM,Brazil,Brazil NE Coast,South Atlantic Ocean,Very Small,Typhoon Harbor,,9.8,9.4,9.4,Unknown,Unknown,Unknown,Limited,Unknown,-2.41667,-54.71667
12970,Santos, ,BR SSZ,Brazil,Brazil SE Coast,South Atlantic Ocean,Large,Coastal (Natural),354.0,15.0,12.5,11.0,Unknown,Unknown,Large,Major,Medium,-23.95,-46.3
13000,Sao Francisco, ,BR SFS,Brazil,Brazil SE Coast,South Atlantic Ocean,Small,River (Natural),,,11.0,9.4,Unknown,Unknown,Small,Moderate,Unknown,-26.25,-48.63333
12960,Sao Sebastiao, ,BR SSO,Brazil,Brazil SE Coast,South Atlantic Ocean,Small,Open Roadstead,,22.3,9.4,7.9,Unknown,Unknown,Unknown,Limited,Unknown,-23.8,-45.4
13055,Tramandai,Maritimo Almirande; Tranmandai,BRTRM,Brazil,Brazil SE Coast,South Atlantic Ocean,Small,Open Roadstead,,,20.1,,Unknown,Unknown,Small,Limited,Unknown,-29.98333,-50.13333
12855,Tubarao, ,BRTUB,Brazil,Brazil SE Coast,South Atlantic Ocean,Large,Coastal (Breakwater),,23.3,21.6,23.2,Unknown,Unknown,Large,Limited,Unknown,-20.28333,-40.25
12600,Tutoia,Tutoya,BR TUT,Brazil,Brazil NE Coast Cont,South Atlantic Ocean,Very Small,River (Natural),,,4.9,4.9,Unknown,Unknown,Unknown,Emergency Only,Unknown,-2.78333,-42.28333
12491,Vila Do Conde, ,BR VDC,Brazil,Brazil NE Coast,South Atlantic Ocean,Very Small,River (Natural),,,11.0,14.0,Unknown,Unknown,Unknown,Limited,Unknown,-1.55,-48.75
12850,Vitoria,Victoria,BRVIX,Brazil,Brazil SE Coast,South Atlantic Ocean,Medium,River (Natural),,10.4,9.4,9.4,Unknown,Unknown,Medium,Limited,Unknown,-20.31667,-40.33333
47800,Diego Garcia, ,IO DGA,British Indian Ocean Territory,Chagos Archipelago,Indian Ocean,Very Small,Coastal (Breakwater),,,12.5,,Unknown,Unknown,Unknown,Unknown,Large,-7.35,72.46667
11350,Road Harbor,Road Town, VG RAD,British Virgin Islands,Tortola Island,Caribbean Sea; North Atlantic Ocean,Medium,Coastal (Natural),240.0,6.7,6.4,9.4,Yes,Yes,Small,Limited,Unknown,18.41667,-64.61667
51630,Bandar Seri Begawan, ,BN BWN,Brunei,Brunei,South China Sea; North Pacific Ocean,Small,River (Natural),,,4.9,4.9,Unknown,Unknown,Unknown,Limited,Unknown,4.88333,114.88333
51646,Kuala Belait, ,BNKUB,Brunei,Malaysia,South China Sea; North Pacific Ocean,Very Small,Coastal (Natural),79.0,3.4,,,Unknown,Unknown,Unknown,Limited,Unknown,4.63333,114.2
51635,Lumut, ,BN LUM,Brunei,Brunei,South China Sea; North Pacific Ocean,Very Small,Open Roadstead,290.0,11.6,,,Yes,Unknown,Unknown,Emergency Only,Unknown,4.71667,114.45
51620,Muara Harbor,Brooketon,BN MUA,Brunei,Brunei,South China Sea; North Pacific Ocean,Small,Coastal (Natural),238.0,10.0,7.9,7.9,Yes,Yes,Unknown,Limited,Unknown,5.03333,115.06667
51645,Seria Oil Loading Terminal, ,BNSER,Brunei,Brunei,South China Sea; North Pacific Ocean,Very Small,Open Roadstead,,,,,Unknown,Unknown,Unknown,Limited,Unknown,4.61667,114.31667
43500,Burgas,Burghaz; Druiba,BG BOJ,Bulgaria,Bulgaria,Black Sea; North Atlantic Ocean,Small,Coastal (Breakwater),252.0,14.8,15.0,6.4,Yes,Yes,Large,Limited,Medium,42.48333,27.48333
43510,Varna,Stalin,BG VAR,Bulgaria,Bulgaria,Black Sea; North Atlantic Ocean,Large,Coastal (Breakwater),225.0,9.9,9.4,4.9,Yes,Yes,Large,Moderate,Large,43.18333,27.96667
49640,Bassein, ,MM BSX,Burma,Burma (Myanmar),Andaman Sea; Indian Ocean,Small,River (Natural),143.0,6.4,6.0,13.7,Unknown,Unknown,Small,Limited,Unknown,16.78333,94.73333
49690,Mergui, ,MM MER,Burma,Burma (Myanmar),Andaman Sea; Indian Ocean,Small,River (Natural),,,4.9,,Unknown,Unknown,Unknown,Unknown,Unknown,12.43333,98.6
49660,Moulmein Harbor, , ,Burma,Burma (Myanmar),Andaman Sea; Indian Ocean,Small,River (Natural),72.0,3.6,1.8,4.9,Unknown,Unknown,Small,Limited,Unknown,16.48333,97.61667
49650,Rangoon, ,MM RGN,Burma,Burma (Myanmar),Andaman Sea; Indian Ocean,Small,River (Natural),210.7,10.0,7.3,13.0,Unknown,Unknown,Medium,Limited,Small,16.76667,96.16667
49620,Sittwe,Akyab,MM AKY,Burma,Burma (Myanmar),Bay of Bengal; Indian Ocean,Small,Open Roadstead,146.0,8.2,4.9,4.9,Unknown,Unknown,Unknown,Limited,Unknown,20.13333,92.9
49730,Victoria Point Harbor,Kawsong Harbor, ,Burma,Burma (Myanmar),Andaman Sea; Indian Ocean,Very Small,Open Roadstead,,6.2,,6.1,Unknown,Unknown,Unknown,Unknown,Unknown,9.98333,98.55
49685,Yetagun Marine Terminal, , ,Burma,Burma (Myanmar),Andaman Sea; Indian Ocean,Very Small,Open Roadstead,,,23.2,,Unknown,Unknown,Unknown,,Unknown,13.05,96.85
45910,Porto Da Praia, ,CV RAI,Cabo Verde,Cape Verde,North Atlantic Ocean,Small,Coastal (Breakwater),,,6.4,7.9,Unknown,Unknown,Unknown,Limited,Unknown,14.91667,-23.51667
45880,Porto Grande,Mindelo,CV GRA,Cabo Verde,Cape Verde,North Atlantic Ocean,Very Small,Coastal (Natural),,,,11.0,Unknown,Unknown,Unknown,Major,Unknown,16.88333,-25.0
57485,Kampong Saom,Krong Preah Sihanouk; Sihanoukville,KH KOS,Cambodia,Cambodia,Gulf of Thailand; South China Sea; North Pacific Ocean,Medium,Coastal (Breakwater),,,7.9,12.5,Unknown,Unknown,Small,Limited,Unknown,10.63333,103.5
57490,Phsar Ream,Ream, ,Cambodia,Cambodia,Gulf of Thailand; South China Sea; North Pacific Ocean,Very Small,Coastal (Natural),,,4.9,3.4,Unknown,Unknown,Unknown,Emergency Only,Unknown,10.5,103.6
46280,Douala,Duala,CM DLA,Cameroon,Cameroon,Gulf of Guinea; North Atlantic Ocean,Medium,River (Natural),268.8,8.5,6.5,11.5,Yes,Yes,Large,Major,Large,4.05,9.68333
46287,Ebome Marine Terminal, ,CM EBT,Cameroon,Cameroon,Gulf of Guinea; North Atlantic Ocean,Very Small,Open Roadstead,,,30.0,,Unknown,Unknown,Unknown,,Unknown,2.8,9.81667
46285,Kole Oil Terminal,FPSO Massango,CM KOL,Cameroon,Cameroon,Gulf of Guinea; North Atlantic Ocean,Very Small,Open Roadstead,,,,,Unknown,Unknown,Unknown,Moderate,Unknown,4.25,8.55
46292,Kome Kribi 1 Marine Terminal, ,CM KBI,Cameroon,Cameroon,Gulf of Guinea; North Atlantic Ocean,Very Small,Open Roadstead,,,,,Unknown,Unknown,Unknown,Limited,Unknown,2.91667,9.8
46295,Kribi Deep Sea Port, ,CM KBI,Cameroon, ,Gulf of Guinea; North Atlantic Ocean,Unknown, ,335.0,14.5,,,Unknown,Unknown,Unknown,Unknown,Unknown,2.71853,9.86053
46262,Limboh Terminal, ,CMLIT,Cameroon,Cameroon,Gulf of Guinea; North Atlantic Ocean,Very Small,Open Roadstead,247.0,14.5,23.2,9.4,Unknown,Unknown,Unknown,Unknown,Unknown,3.98333,9.15
46286,Moudi Marine Terminal, ,CMMOU,Cameroon,Cameroon,Gulf of Guinea; North Atlantic Ocean,Very Small,Open Roadstead,,,,,Unknown,Unknown,Unknown,,Unknown,4.11667,8.48333
18790,Ahousat, , ,Canada,Canada West Coast,North Pacific Ocean,Very Small,Coastal (Natural),,,,4.9,Unknown,Unknown,Unknown,Unknown,Unknown,49.28333,-126.06667
18860,Alert Bay, ,CA AAL,Canada,Canada West Coast,Alaska-Canada coastal waters; North Pacific Ocean,Very Small,Coastal (Natural),,,14.0,7.9,Unknown,Unknown,Unknown,Limited,Unknown,50.58333,-126.93333
19055,Alliford Bay, , ,Canada,Canada West Coast,Alaska-Canada coastal waters; North Pacific Ocean,Very Small,Coastal (Natural),,,14.0,6.4,Unknown,Unknown,Unknown,Unknown,Unknown,53.21667,-131.98333
3380,Amherstburg, ,CA AMH,Canada,Canada Lake Erie,Lake Erie; Great Lakes,Small,River (Natural),,,4.9,4.9,Unknown,Unknown,Unknown,Limited,Unknown,42.1,-83.1
1710,Argentia, ,CA NWP,Canada,Newfoundland S Coast,North Atlantic Ocean,Medium,Coastal (Natural),198.0,11.0,11.0,11.0,Yes,Yes,Unknown,Limited,Medium,47.3,-53.98333
6044,Arichat Harbour, , ,Canada,Cape Breton Island,North Atlantic Ocean,Unknown, ,,,,,Unknown,Unknown,Unknown,Unknown,Unknown,45.51667,-61.01667
1714,Arnold's Cove, , ,Canada,Newfoundland S Coast,North Atlantic Ocean,Small, ,,,,,Unknown,Unknown,Unknown,Unknown,Unknown,47.7648,-53.98107
5950,Baddeck Harbour, , ,Canada,Cape Breton Island,North Atlantic Ocean,Unknown, ,,,,,Unknown,Unknown,Unknown,Unknown,Unknown,46.1,-60.75
2015,Baie Comeau,Baie Du Moulin,CA BCO,Canada,Canada St Lawrence R,Gulf of Saint Lawrence; North Atlantic Ocean,Small,River (Natural),,,7.9,11.0,Unknown,Unknown,Unknown,Limited,Unknown,49.23333,-68.13333
1470,Baie Verte, ,CA BVE,Canada,Newfoundland  E Coast,North Atlantic Ocean,Unknown, ,,,,,Unknown,Unknown,Unknown,Unknown,Unknown,49.91667,-56.2
2080,Baie des Escoumins, , ,Canada,Canada St Lawrence R,Gulf of Saint Lawrence; North Atlantic Ocean,Unknown, ,,,,,Unknown,Unknown,Unknown,Unknown,Unknown,48.35082,-69.38917
18665,Bamberton, ,CA BAM,Canada,Canada West Coast,Alaska-Canada coastal waters; North Pacific Ocean,Very Small,Coastal (Natural),,,23.2,7.9,Unknown,Unknown,Unknown,Unknown,Unknown,48.55,-123.51667
5140,Batchawana Bay, , ,Canada,Canada Lake Superior,Lake Superior; Great Lakes,Very Small,Coastal (Natural),,,6.4,3.4,Unknown,Unknown,Unknown,Unknown,Unknown,46.91667,-84.6
5590,Bathurst Harbour, , ,Canada,New Brunswick,Gulf of Saint Lawrence; North Atlantic Ocean,Unknown, ,,,,,Unknown,Unknown,Unknown,Unknown,Unknown,47.63333,-65.63333
1675,Bay Bulls, ,CABBU,Canada,Newfoundland  E Coast,North Atlantic Ocean,Unknown, ,,10.9,,,Unknown,Unknown,Unknown,Unknown,Unknown,47.31667,-52.81667
1650,Bay Roberts, ,CABYR,Canada,Newfoundland  E Coast,North Atlantic Ocean,Very Small, ,,7.8,,,Yes,Unknown,Unknown,Unknown,Unknown,47.58905,-53.26265
2550,Beauharnois, ,CA BHA,Canada,Canada St Lawrence R,Lake Ontario; Great Lakes,Very Small,Canal or Lake,,,3.4,3.4,Unknown,Unknown,Unknown,Unknown,Unknown,45.31667,-73.88333
18915,Bella Bella, , ,Canada,Canada West Coast,Alaska-Canada coastal waters; North Pacific Ocean,Very Small,Coastal (Natural),,,23.2,6.4,Unknown,Unknown,Unknown,Unknown,Unknown,52.16667,-128.15
18890,Bella Coola, ,CA BLC,Canada,Canada West Coast,Alaska-Canada coastal waters; North Pacific Ocean,Very Small,Coastal (Natural),,,,6.4,Unknown,Unknown,Unknown,Unknown,Unknown,52.36667,-126.8
5585,Belledune Harbor, , ,Canada,New Brunswick,Gulf of Saint Lawrence; North Atlantic Ocean,Unknown, ,,,,,Unknown,Unknown,Unknown,Unknown,Unknown,47.9,-65.83333
2930,Belleville, ,CA BLV,Canada,Canada Lake Ontario,Lake Ontario; Great Lakes,Small,Coastal (Natural),,,3.4,3.4,Unknown,Unknown,Small,Limited,Unknown,44.15,-77.4
18818,Bergh Cove, , ,Canada,Canada West Coast,North Pacific Ocean,Very Small,Coastal (Natural),,,23.2,4.9,Unknown,Unknown,Unknown,Unknown,Unknown,50.53333,-127.61667
1880,Blanc Sablon, ,CA YBX,Canada,North Side,Gulf of Saint Lawrence; North Atlantic Ocean,Very Small,River (Natural),,6.6,7.9,6.4,Unknown,Unknown,Unknown,Limited,Unknown,51.41667,-57.13333
4200,Blind River, ,CA BLR,Canada,Canada Lake Huron,Lake Huron; Great Lakes,Very Small,Coastal (Natural),,,1.8,4.9,Unknown,Unknown,Unknown,Limited,Unknown,46.18333,-82.95
1540,Botwood, ,CA BWD,Canada,Newfoundland  E Coast,North Atlantic Ocean,Unknown, ,,9.7,,,Unknown,Unknown,Unknown,Limited,Unknown,49.13333,-55.33333
2700,Brockville, ,CA BCK,Canada,Canada St Lawrence R,Lake Ontario; Great Lakes,Very Small,Coastal (Natural),,,1.8,1.8,Unknown,Unknown,Unknown,Limited,Unknown,44.58333,-75.66667
3030,Bronte, , ,Canada,Canada Lake Ontario,Lake Ontario; Great Lakes,Very Small,Coastal (Breakwater),,,1.8,3.4,Unknown,Unknown,Small,Limited,Unknown,43.4,-79.71667
4230,Bruce Mines, ,CA BCM,Canada,Canada Lake Huron,Lake Huron; Great Lakes,Very Small,Coastal (Natural),,,4.9,4.9,Unknown,Unknown,Unknown,Limited,Unknown,46.28333,-83.78333
1790,Burgeo, ,CABUO,Canada,Newfoundland  W Coast,North Atlantic Ocean,Small, ,64.0,4.0,,5.0,Unknown,Unknown,Unknown,Limited,Unknown,47.61667,-57.6
18920,Butedale, , ,Canada,Canada West Coast,Alaska-Canada coastal waters; North Pacific Ocean,Very Small,Coastal (Natural),,,,9.4,Unknown,Unknown,Small,Limited,Unknown,53.16667,-128.68333
4050,Byng Inlet,Britt,CA BTT,Canada,Canada Lake Huron,Lake Huron; Great Lakes,Very Small,Coastal (Natural),,,4.9,6.4,Unknown,Unknown,Small,Limited,Unknown,45.76667,-80.56667
6545,Canaport (St. John),St. John,CA CPT,Canada,Nova Scotia Cont,Bay of Fundy; North Atlantic Ocean,Large,Open Roadstead,336.1,25.0,23.2,,Unknown,Unknown,Unknown,Unknown,Unknown,45.2,-65.98333
1989,Cap des Mechins, , ,Canada,Canada St Lawrence R,Gulf of Saint Lawrence; North Atlantic Ocean,Unknown, ,,,,,Unknown,Unknown,Unknown,Unknown,Unknown,49.0,-66.98333
5600,Caraquet, ,CA CAQ,Canada,New Brunswick,Gulf of Saint Lawrence; North Atlantic Ocean,Small,Coastal (Natural),,,4.9,6.4,Unknown,Unknown,Unknown,Limited,Unknown,47.8,-64.93333
2670,Cardinal, ,CA CDN,Canada,Canada St Lawrence R,Lake Ontario; Great Lakes,Very Small,Canal or Lake,,,,6.4,Unknown,Unknown,Unknown,Unknown,Unknown,44.78333,-75.38333
2350,Carillon, , ,Canada,Ottawa River,Lake Ontario; Great Lakes,Very Small,River (Natural),,,1.8,1.8,Unknown,Unknown,Unknown,Unknown,Unknown,45.56667,-74.36667
1591,Carmanville, ,CA CMV,Canada,Newfoundland  E Coast,North Atlantic Ocean,Unknown, ,,6.2,,,Yes,Unknown,Unknown,Unknown,Unknown,49.4,-54.26667
1600,Catalina Harbor, ,CA CAT,Canada,Newfoundland  E Coast,North Atlantic Ocean,Small,Coastal (Natural),119.0,7.3,9.1,4.9,Unknown,Unknown,Unknown,Unknown,Unknown,48.51611,-53.07056
5540,Chandler, , ,Canada,South Side,Gulf of Saint Lawrence; North Atlantic Ocean,Unknown, ,,,,,Unknown,Unknown,Unknown,Unknown,Unknown,48.35,-64.66667
5750,Charlottetown, ,CA CHA,Canada,Prince Edward Island,Gulf of Saint Lawrence; North Atlantic Ocean,Small,Coastal (Natural),,,9.4,7.9,Unknown,Unknown,Unknown,Limited,Unknown,46.23333,-63.13333
2130,Chicoutimi (Port Saguenay),Port Saguenay,CA CHI,Canada,Canada St Lawrence R,Gulf of Saint Lawrence; North Atlantic Ocean,Small,River (Natural),,,4.9,12.5,Unknown,Unknown,Unknown,Limited,Small,48.43333,-71.06667
1090,Churchill, ,CA CHV,Canada,Hudson Bay,Hudson Bay; Arctic Ocean,Unknown, ,,,,,Yes,Yes,Unknown,Limited,Unknown,58.78333,-94.2
2370,Chute A Blondeau, ,CA CAB,Canada,Ottawa River,Lake Ontario; Great Lakes,Very Small,River (Natural),,,1.8,1.8,Unknown,Unknown,Unknown,Unknown,Unknown,45.58333,-74.46667
1611,Clarenville, ,CA CLE,Canada,Newfoundland  E Coast,North Atlantic Ocean,Small,Coastal (Natural),250.0,7.9,23.2,7.9,Yes,Unknown,Unknown,Emergency Only,Unknown,48.17515,-53.9591
3015,Clarkson,Clarkson Harbor,CA CSN,Canada,Canada Lake Ontario,Lake Ontario; Great Lakes,Very Small,Open Roadstead,,,6.4,6.4,Unknown,Unknown,Unknown,Unknown,Unknown,43.5,-79.6
18780,Clayoquot, , ,Canada,Canada West Coast,North Pacific Ocean,Very Small,Coastal (Natural),,,4.9,3.4,Unknown,Unknown,Unknown,Unknown,Unknown,49.15,-125.91667
18835,Coal Harbor, ,CA CAU,Canada,Canada West Coast,North Pacific Ocean,Very Small,Coastal (Natural),,,18.6,6.4,Unknown,Unknown,Small,Limited,Unknown,50.6,-127.58333
2960,Cobourg, ,CA CBG,Canada,Canada Lake Ontario,Lake Ontario; Great Lakes,Small,Coastal (Breakwater),,,3.4,3.4,Unknown,Unknown,Unknown,Limited,Unknown,43.95,-78.16667
4210,Cockburn, ,BSCBT,Canada,Canada Lake Huron,Lake Huron; Great Lakes,Very Small,Coastal (Natural),,,3.4,4.9,Unknown,Unknown,Unknown,Unknown,Unknown,45.95,-83.31667
3900,Collingwood, ,CA COL,Canada,Canada Lake Huron,Lake Huron; Great Lakes,Small,Coastal (Breakwater),,,6.4,6.4,Unknown,Unknown,Medium,Major,Small,44.5,-80.23333
1715,Come By Chance Harbor, ,CA CBC,Canada,Newfoundland S Coast,North Atlantic Ocean,Small,Open Roadstead,442.0,27.4,23.2,14.0,Unknown,Unknown,Unknown,Limited,Unknown,47.8,-54.01667
18460,Comox Harbor, ,CA COX,Canada,Canada West Coast,Alaska-Canada coastal waters; North Pacific Ocean,Small,Coastal (Natural),,,12.5,7.9,Unknown,Unknown,Unknown,Limited,Unknown,49.66667,-124.91667
2975,Contrecour, ,CA COC,Canada,Canada Lake Ontario,Gulf of Saint Lawrence; North Atlantic Ocean,Very Small,River (Natural),,,9.4,6.4,Unknown,Unknown,Small,Unknown,Unknown,45.88333,-73.2
1830,Corner Brook, ,CA CBK,Canada,Newfoundland  W Coast,Gulf of Saint Lawrence; North Atlantic Ocean,Small,Coastal (Natural),345.0,10.0,9.4,9.4,Yes,Yes,Unknown,Limited,Unknown,48.95,-57.95
2620,Cornwall, ,CA CWL,Canada,Canada St Lawrence R,Lake Ontario; Great Lakes,Very Small,Canal or Lake,,,7.9,7.9,Unknown,Unknown,Unknown,Moderate,Unknown,45.01667,-74.73333
2560,Coteau Landing,Coteau Du Lac,CA CQA,Canada,Canada St Lawrence R,Lake Ontario; Great Lakes,Very Small,Canal or Lake,,,3.4,3.4,Unknown,Unknown,Unknown,Unknown,Medium,45.25,-74.2
3670,Courtright, ,CA CRR,Canada,Canada Lake Huron,Lake Saint Clair; Great Lakes,Very Small,River (Natural),,,6.4,3.4,Unknown,Unknown,Unknown,,Unknown,42.81667,-82.46667
18580,Cowichan Bay, ,CA CCB,Canada,Canada West Coast,Alaska-Canada coastal waters; North Pacific Ocean,Very Small,Coastal (Natural),,,9.4,7.9,Unknown,Unknown,Unknown,Limited,Unknown,48.75,-123.61667
5999,Crawley Creek, , ,Canada,Cape Breton Island,North Atlantic Ocean,Unknown, ,,,,,Unknown,Unknown,Unknown,Unknown,Unknown,46.15,-60.22333
18570,Crofton, ,CA CRO,Canada,Canada West Coast,Alaska-Canada coastal waters; North Pacific Ocean,Very Small,Coastal (Natural),,,,11.0,Unknown,Unknown,Unknown,Limited,Unknown,48.86667,-123.63333
2480,Cumberland, ,CA OCL,Canada,Ottawa River,Lake Ontario; Great Lakes,Very Small,River (Natural),,,1.8,1.8,Unknown,Unknown,Unknown,Unknown,Unknown,45.51667,-75.4
5560,Dalhousie, ,CA DHS,Canada,New Brunswick,Gulf of Saint Lawrence; North Atlantic Ocean,Small,Open Roadstead,,,9.4,9.4,Unknown,Unknown,Unknown,Limited,Medium,48.06667,-66.36667
1150,Deception Bay, ,CA DEB,Canada, ,Hudson Strait; Arctic Ocean,Unknown, ,200.8,10.0,,,Yes,Unknown,Unknown,Unknown,Unknown,62.15,-74.68333
4020,Depot Harbour, , ,Canada,Canada Lake Huron,Lake Huron; Great Lakes,Very Small,Coastal (Natural),,,6.4,6.4,Unknown,Unknown,Unknown,Unknown,Unknown,45.31667,-80.1
4250,Desbarats, , ,Canada,Canada Lake Huron,Lake Huron; Great Lakes,Very Small,River (Natural),,,1.8,1.8,Unknown,Unknown,Unknown,Unknown,Unknown,46.33333,-83.91667
6470,Digby, ,CA DIG,Canada,Nova Scotia Cont,Bay of Fundy; North Atlantic Ocean,Small,Coastal (Natural),,,11.0,21.6,Unknown,Unknown,Unknown,Limited,Unknown,44.61667,-65.76667
5930,Dingwall Harbor, , ,Canada,Cape Breton Island,North Atlantic Ocean,Unknown, ,,,,,Unknown,Unknown,Unknown,Unknown,Unknown,46.9,-60.46667
5520,Douglastown, , ,Canada,South Side,Gulf of Saint Lawrence; North Atlantic Ocean,Very Small,Open Roadstead,,,1.8,6.4,Unknown,Unknown,Unknown,Unknown,Unknown,48.76667,-64.38333
18441,Duncan Bay, ,CA DCN,Canada,Canada West Coast,Alaska-Canada coastal waters; North Pacific Ocean,Very Small,Coastal (Natural),,,23.2,9.4,Unknown,Unknown,Unknown,Unknown,Unknown,50.06667,-125.28333
2400,Fassett, ,CA FSS,Canada,Ottawa River,Lake Ontario; Great Lakes,Very Small,River (Natural),,,1.8,1.8,Unknown,Unknown,Unknown,Unknown,Unknown,45.65,-74.86667
1784,Fortune, , ,Canada,Newfoundland Cont.,North Atlantic Ocean,Unknown, ,,3.0,5.2,,Unknown,Unknown,Unknown,Limited,Unknown,47.07328,-55.83069
18110,Fraser Mills, ,CA FRR,Canada,Canada West Coast,Alaska-Canada coastal waters; North Pacific Ocean,Very Small,River (Natural),,,,7.9,Unknown,Unknown,Unknown,Moderate,Unknown,49.22415,-122.85597
2720,Gananoque, ,CA GNE,Canada,Canada St Lawrence R,Lake Ontario; Great Lakes,Very Small,River (Natural),,,3.4,4.9,Unknown,Unknown,Unknown,Unknown,Unknown,44.33333,-76.16667
18600,Ganges, ,CA GGS,Canada,Canada West Coast,Alaska-Canada coastal waters; North Pacific Ocean,Very Small,Coastal (Natural),,,11.0,4.9,Unknown,Unknown,Small,Limited,Unknown,48.85,-123.48333
5150,Gargantua, , ,Canada,Canada Lake Superior,Lake Superior; Great Lakes,Very Small,Coastal (Natural),,,3.4,1.8,Unknown,Unknown,Unknown,Unknown,Unknown,47.56667,-84.96667
5510,Gaspe, ,CA GPE,Canada,South Side,Gulf of Saint Lawrence; North Atlantic Ocean,Small,Coastal (Natural),,,21.6,9.4,Unknown,Unknown,Unknown,Limited,Medium,48.83333,-64.48333
2510,Gatineau,Pointe Gatineau,CA GAT,Canada,Ottawa River,Lake Ontario; Great Lakes,Very Small,River (Natural),,,,1.8,Unknown,Unknown,Unknown,Unknown,Unknown,45.48333,-75.65
5740,Georgetown, ,CA GEO,Canada,Prince Edward Island,Gulf of Saint Lawrence; North Atlantic Ocean,Small,River (Natural),,,6.4,7.9,Unknown,Unknown,Small,Limited,Unknown,46.18333,-62.53333
1980,Godbout,Godbout Village; Godbout River, ,Canada,Canada St Lawrence R,Gulf of Saint Lawrence; North Atlantic Ocean,Unknown, ,,,,,Unknown,Unknown,Unknown,Unknown,Unknown,49.31667,-67.6
3730,Goderich, ,CA GOH,Canada,Canada Lake Huron,Lake Huron; Great Lakes,Small,Coastal (Breakwater),,,6.4,6.4,Unknown,Unknown,Unknown,Moderate,Unknown,43.75,-81.73333
18792,Gold River, ,CA GOR,Canada,Canada West Coast,North Pacific Ocean,Very Small,River (Natural),190.0,11.9,,9.4,Unknown,Unknown,Unknown,Limited,Unknown,49.68333,-126.11667
6170,Goldboro, ,CA GBR,Canada,Nova Scotia Cont,North Atlantic Ocean,Very Small,Coastal (Natural),,,6.4,4.9,Unknown,Unknown,Unknown,Unknown,Unknown,45.18333,-61.65
1340,Goose Bay, ,CA GOO,Canada,Labrador,Labrador Sea; North Atlantic Ocean,Very Small,Coastal (Natural),,9.4,9.4,4.9,Unknown,Unknown,Unknown,Limited,Unknown,53.36667,-60.3
4170,Gore Bay, ,CA YZE,Canada,Canada Lake Huron,Lake Huron; Great Lakes,Very Small,Coastal (Natural),,,4.9,4.9,Unknown,Unknown,Unknown,Limited,Unknown,45.91667,-82.46667
5130,Goulais Bay, ,CA 345,Canada,Canada Lake Superior,Lake Superior; Great Lakes,Very Small,Coastal (Natural),,,1.8,1.8,Unknown,Unknown,Unknown,Unknown,Unknown,46.73333,-84.5
1785,Grand Bank, ,CAGRB,Canada,Newfoundland Cont.,North Atlantic Ocean,Unknown, ,,4.5,,,Unknown,Unknown,Unknown,Limited,Unknown,47.1,-55.75
5970,Grand Narrows, , ,Canada,Cape Breton Island,North Atlantic Ocean,Very Small,Coastal (Natural),,,7.9,3.4,Unknown,Unknown,Unknown,Unknown,Unknown,45.95,-60.78333
1789,Great Jervis Harbor, , ,Canada, ,North Atlantic Ocean,Unknown, ,,,,,Unknown,Unknown,Unknown,Unknown,Unknown,47.65,-56.18333
2380,Grenville, ,CA GRZ,Canada,Ottawa River,Lake Ontario; Great Lakes,Very Small,River (Natural),,,1.8,1.8,Unknown,Unknown,Unknown,Unknown,Unknown,45.63333,-74.6
6340,Halifax, ,CA HAL,Canada,Nova Scotia Cont,North Atlantic Ocean,Large,Coastal (Natural),396.0,15.0,20.1,15.5,Yes,Yes,Large,Major,Medium,44.65,-63.58333
3050,Hamilton, ,CA HAM,Canada,Canada Lake Ontario,Lake Ontario; Great Lakes,Medium,Coastal (Natural),,,7.9,7.9,Unknown,Unknown,Small,Major,Unknown,43.25,-79.85
1786,Harbour Breton, , ,Canada,Newfoundland Cont.,North Atlantic Ocean,Small, ,,4.3,5.5,,Unknown,Unknown,Unknown,Limited,Unknown,47.48333,-55.8
18525,Harmac, ,CA HMC,Canada,Canada West Coast,Alaska-Canada coastal waters; North Pacific Ocean,Very Small,Coastal (Natural),,,,12.5,Unknown,Unknown,Unknown,Unknown,Unknown,49.13333,-123.85
5700,Havre Aubert,Amherst Harbor, ,Canada, ,Gulf of Saint Lawrence; North Atlantic Ocean,Unknown, ,,,,,Unknown,Unknown,Unknown,Unknown,Unknown,47.23333,-61.83333
1890,Havre St Pierre, ,CA HSP,Canada,North Side,Gulf of Saint Lawrence; North Atlantic Ocean,Very Small,Coastal (Natural),,,7.9,7.9,Unknown,Unknown,Unknown,Limited,Unknown,50.23333,-63.6
5704,Havre de la Grande Entree, , ,Canada, ,Gulf of Saint Lawrence; North Atlantic Ocean,Unknown, ,,,,,Unknown,Unknown,Unknown,Unknown,Unknown,47.58333,-61.58333
1853,Hawkes Habor, , ,Canada, ,Gulf of Saint Lawrence; North Atlantic Ocean,Unknown, ,,,10.9,,Unknown,Unknown,Unknown,Unknown,Unknown,50.61667,-57.3
2390,Hawkesbury, ,CA HAW,Canada,Ottawa River,Lake Ontario; Great Lakes,Very Small,River (Natural),,,1.8,1.8,Unknown,Unknown,Unknown,Unknown,Unknown,45.61667,-74.61667
5180,Heron Bay, ,CA HBY,Canada,Canada Lake Superior,Lake Superior; Great Lakes,Very Small,Coastal (Natural),,,6.4,6.4,Unknown,Unknown,Unknown,Unknown,Unknown,48.65,-86.31667
4240,Hilton,Marksville, ,Canada,Canada Lake Huron,Lake Huron; Great Lakes,Very Small,Coastal (Natural),,,3.4,3.4,Unknown,Unknown,Unknown,Unknown,Unknown,46.25,-83.88333
1655,Holyrood, , ,Canada,Newfoundland  E Coast,North Atlantic Ocean,Unknown, ,,10.6,,,Yes,Unknown,Unknown,Limited,Unknown,47.4,-53.13333
4150,Honora, , ,Canada,Canada Lake Huron,Lake Huron; Great Lakes,Very Small,Coastal (Natural),,,6.4,1.8,Unknown,Unknown,Unknown,Unknown,Unknown,45.86667,-82.16667
18650,Hope Bay, , ,Canada,Canada West Coast,Alaska-Canada coastal waters; North Pacific Ocean,Very Small,Coastal (Natural),,,,9.4,Unknown,Unknown,Unknown,Unknown,Unknown,48.8,-123.28333
2320,Hudson, ,CA HUD,Canada,Ottawa River,Lake Ontario; Great Lakes,Very Small,River (Natural),,,1.8,1.8,Unknown,Unknown,Unknown,Unknown,Unknown,45.46667,-74.13333
2530,Hull, ,CA HUL,Canada,Ottawa River,Lake Ontario; Great Lakes,Very Small,River (Natural),,,1.8,3.4,Unknown,Unknown,Unknown,Unknown,Unknown,45.43333,-75.7
5702,Ile du Cap aux Meules,Grindstone Island, ,Canada, ,Gulf of Saint Lawrence; North Atlantic Ocean,Unknown, ,,,,,Unknown,Unknown,Unknown,Unknown,Unknown,47.38333,-61.91667
2145,Ile du Gros Cacouna,Le Gros Cacouna, ,Canada,Canada St Lawrence R,Gulf of Saint Lawrence; North Atlantic Ocean,Unknown, ,,,,,Unknown,Unknown,Unknown,Unknown,Unknown,47.93333,-69.5
4160,Kagawong, , ,Canada,Canada Lake Huron,Lake Huron; Great Lakes,Very Small,Coastal (Natural),,,6.4,4.9,Unknown,Unknown,Unknown,Limited,Unknown,45.91667,-82.25
18923,Kemano Bay, , ,Canada,Canada West Coast,Alaska-Canada coastal waters; North Pacific Ocean,Very Small,River (Basins),,,23.2,6.4,Unknown,Unknown,Unknown,Unknown,Unknown,53.48333,-128.13333
4060,Key Harbour, ,CA KHO,Canada,Canada Lake Huron,Lake Huron; Great Lakes,Very Small,Coastal (Natural),,,4.9,,Unknown,Unknown,Unknown,Limited,Unknown,45.88333,-80.75
4080,Killarney,Shebaonaning,CA KLY,Canada,Canada Lake Huron,Lake Huron; Great Lakes,Very Small,Coastal (Natural),,,4.9,3.4,Unknown,Unknown,Medium,Limited,Unknown,45.96667,-81.51667
2740,Kingston, ,CA KIN,Canada,Canada St Lawrence R,Lake Ontario; Great Lakes,Very Small,Coastal (Natural),,,6.4,4.9,Unknown,Unknown,Medium,Moderate,Small,44.23333,-76.5
3360,Kingsville, ,CA KVL,Canada,Canada Lake Erie,Lake Erie; Great Lakes,Very Small,Coastal (Breakwater),,,1.8,1.8,Unknown,Unknown,Unknown,Limited,Unknown,42.01667,-82.73333
18925,Kitimat, ,CA KTM,Canada,Canada West Coast,Alaska-Canada coastal waters; North Pacific Ocean,Small,Coastal (Natural),,,9.4,9.4,Unknown,Unknown,Unknown,Limited,Unknown,54.0,-128.68333
18916,Klemtu, ,CA YKT,Canada,Canada West Coast,Alaska-Canada coastal waters; North Pacific Ocean,Very Small,Coastal (Natural),,,14.0,7.9,Unknown,Unknown,Unknown,Unknown,Unknown,52.6,-128.51667
2110,La Baie (Port Alfred),Port Alfred,CA LBA,Canada,Canada St Lawrence R,Gulf of Saint Lawrence; North Atlantic Ocean,Small,River (Natural),,,9.4,11.0,Unknown,Unknown,Unknown,Limited,Unknown,48.33333,-70.88333
2155,La Malbaie,Murray Bay, ,Canada,Canada St Lawrence R,Gulf of Saint Lawrence; North Atlantic Ocean,Unknown, ,,,,,Unknown,Unknown,Unknown,Unknown,Unknown,47.63333,-70.13333
3350,Leamington, ,CA LMN,Canada,Canada Lake Erie,Lake Erie; Great Lakes,Very Small,Open Roadstead,,,4.9,4.9,Unknown,Unknown,Unknown,Limited,Unknown,42.03333,-82.6
1560,Lewisporte, ,CA LWP,Canada,Newfoundland  E Coast,North Atlantic Ocean,Unknown, ,,8.2,,,Yes,Yes,Unknown,Limited,Small,49.25,-55.05
3790,Lions Head, , ,Canada,Canada Lake Huron,Lake Huron; Great Lakes,Very Small,Coastal (Breakwater),,,3.4,3.4,Unknown,Unknown,Unknown,,Unknown,44.98333,-81.25
5980,Little Bras D Or, , ,Canada,Cape Breton Island,North Atlantic Ocean,Very Small,Coastal (Natural),,,3.4,3.4,Unknown,Unknown,Unknown,Unknown,Unknown,46.25,-60.3
4140,Little Current, ,CA LIC,Canada,Canada Lake Huron,Lake Huron; Great Lakes,Small,Coastal (Natural),,,6.4,6.4,Unknown,Unknown,Medium,Limited,Unknown,45.98333,-81.93333
6410,Liverpool (Brooklyn),Brooklyn,CA BKN,Canada,Nova Scotia Cont,North Atlantic Ocean,Small,Coastal (Natural),,,7.9,7.9,Unknown,Unknown,Large,Moderate,Unknown,44.03333,-64.65
6420,Lockeport Harbor, , ,Canada,Nova Scotia Cont,North Atlantic Ocean,Unknown, ,,,,,Unknown,Unknown,Unknown,Unknown,Unknown,43.7,-65.11667
1712,Long Harbour, , ,Canada,Newfoundland S Coast,North Atlantic Ocean,Unknown, ,221.0,12.1,,,Yes,Unknown,Unknown,Limited,Unknown,47.42362,-53.82677
1658,Long Pond, , ,Canada,Newfoundland  E Coast,North Atlantic Ocean,Unknown, ,,6.9,6.2,,Yes,Unknown,Unknown,Limited,Unknown,47.5192,-52.97841
6020,Louisbourg, ,CA LOU,Canada,Cape Breton Island,North Atlantic Ocean,Very Small,Coastal (Natural),,,7.9,6.4,Unknown,Unknown,Unknown,Limited,Unknown,45.91667,-59.96667
2680,Lower Lakes Terminal,Johnstown,CA JOH,Canada,Canada St Lawrence R,Lake Ontario; Great Lakes,Small,River (Natural),,,7.9,7.9,Unknown,Unknown,Small,Unknown,Large,44.73333,-75.46667
6390,Lunenburg Harbour, , ,Canada,Nova Scotia Cont,North Atlantic Ocean,Unknown, ,,,,,Unknown,Unknown,Unknown,Unknown,Unknown,44.36667,-64.3
18630,Lyall Harbor, ,CA YAJ,Canada,Canada West Coast,Alaska-Canada coastal waters; North Pacific Ocean,Very Small,Coastal (Natural),,,,7.9,Unknown,Unknown,Unknown,Unknown,Unknown,48.8,-123.2
4120,Manitowaning, ,CA YEM,Canada,Canada Lake Huron,Lake Huron; Great Lakes,Very Small,Coastal (Natural),,,6.4,4.9,Unknown,Unknown,Unknown,Unknown,Unknown,45.75,-81.8
1730,Marystown,Mortier Bay, ,Canada,Newfoundland Cont.,North Atlantic Ocean,Unknown, ,,,,10.7,Yes,Unknown,Unknown,Major,Large,47.18333,-55.11667
19000,Masset Harbor, ,CAMSS,Canada,Canada West Coast,Alaska-Canada coastal waters; North Pacific Ocean,Very Small,Coastal (Natural),,,3.4,6.4,Unknown,Unknown,Unknown,Unknown,Unknown,54.01667,-132.15
2490,Masson, ,CA MAS,Canada,Ottawa River,Lake Ontario; Great Lakes,Very Small,River (Natural),,,1.8,1.8,Unknown,Unknown,Unknown,Unknown,Unknown,45.53333,-75.41667
1990,Matane, ,CA MNE,Canada,Canada St Lawrence R,Gulf of Saint Lawrence; North Atlantic Ocean,Very Small,River (Natural),,,7.9,9.4,Unknown,Unknown,Unknown,Limited,Unknown,48.85,-67.53333
3880,Meaford, ,CA MFD,Canada,Canada Lake Huron,Lake Huron; Great Lakes,Very Small,Coastal (Breakwater),,,3.4,3.4,Unknown,Unknown,Unknown,Limited,Unknown,44.61667,-80.6
4180,Meldrum Bay, ,CA MDB,Canada,Canada Lake Huron,Lake Huron; Great Lakes,Very Small,Coastal (Natural),,,6.4,3.4,Unknown,Unknown,Unknown,Limited,Unknown,45.93333,-83.11667
5160,Michipicoten, ,CA MIH,Canada,Canada Lake Superior,Lake Superior; Great Lakes,Very Small,Coastal (Natural),,,6.4,4.9,Unknown,Unknown,Unknown,Unknown,Unknown,47.96667,-84.9
3940,Midland, ,CA MID,Canada,Canada Lake Huron,Lake Huron; Great Lakes,Small,Coastal (Natural),,,6.4,6.4,Unknown,Unknown,Small,Unknown,Unknown,44.75,-79.91667
2830,Millhaven, ,CA ILL,Canada,Canada Lake Ontario,Lake Ontario; Great Lakes,Very Small,Coastal (Natural),,,3.4,1.8,Unknown,Unknown,Unknown,Unknown,Unknown,44.2,-76.73333
1900,Mingan Harbor, , ,Canada,North Side,Gulf of Saint Lawrence; North Atlantic Ocean,Unknown, ,,,,,Unknown,Unknown,Unknown,Unknown,Unknown,50.28333,-64.01667
5630,Miramichi, , ,Canada,New Brunswick,Gulf of Saint Lawrence; North Atlantic Ocean,Unknown, ,,9.0,,,Unknown,Unknown,Unknown,Unknown,Unknown,47.01667,-65.5
18140,Mission City, ,CA MIB,Canada,Canada West Coast,Alaska-Canada coastal waters; North Pacific Ocean,Very Small,River (Natural),,,,3.4,Unknown,Unknown,Unknown,Unknown,Unknown,49.14639,-122.25861
2420,Montebello, ,CA MBO,Canada,Ottawa River,Lake Ontario; Great Lakes,Very Small,River (Natural),,,1.8,1.8,Unknown,Unknown,Unknown,Unknown,Unknown,45.65,-74.93333
2235,Montreal, ,CA MTR,Canada,Canada St Lawrence R,Lake Ontario; Great Lakes,Large,River (Natural),,,11.0,9.4,Unknown,Unknown,Unknown,Major,Medium,45.51667,-73.55
6330,Musquodoboit Harbour, ,CA MUS,Canada,Nova Scotia Cont,North Atlantic Ocean,Very Small,Coastal (Natural),,,1.8,4.9,Unknown,Unknown,Unknown,Unknown,Unknown,44.78333,-63.15
1260,Nain, ,CA NAI,Canada, ,Labrador Sea; North Atlantic Ocean,Unknown, ,,,,,Unknown,Unknown,Unknown,Unknown,Unknown,56.55,-61.68333
18520,Nanaimo, ,CAN NO,Canada,Canada West Coast,Alaska-Canada coastal waters; North Pacific Ocean,Small,Coastal (Natural),320.0,11.1,,,Unknown,Unknown,Unknown,Unknown,Unknown,49.16667,-123.93333
18518,Nanoose Harbor, ,CA NNE,Canada,Canada West Coast,Alaska-Canada coastal waters; North Pacific Ocean,Very Small,Coastal (Natural),,,,18.6,Unknown,Unknown,Unknown,Unknown,Unknown,49.26667,-124.15
1888,Natashquan,Pointe de Natashquan, ,Canada,North Side,Gulf of Saint Lawrence; North Atlantic Ocean,Unknown, ,,,,,Unknown,Unknown,Unknown,Unknown,Unknown,50.08333,-61.73333
18100,New Westminster, ,CA NWE,Canada,Canada West Coast,Alaska-Canada coastal waters; North Pacific Ocean,Medium,River (Natural),,,9.4,11.0,Unknown,Unknown,Medium,Moderate,Unknown,49.2,-122.91667
5542,Newport (Canada), , ,Canada,South Side,Gulf of Saint Lawrence; North Atlantic Ocean,Unknown, ,,,,,Unknown,Unknown,Unknown,Unknown,Unknown,48.26667,-64.75
3100,Niagara, ,CA NOL,Canada,Canada Lake Ontario,Lake Ontario; Great Lakes,Very Small,River (Natural),,,4.9,9.4,Unknown,Unknown,Unknown,Unknown,Unknown,43.25,-79.06667
5990,North Sydney, ,CA NSY,Canada,Cape Breton Island,North Atlantic Ocean,Small,Coastal (Natural),,,11.0,9.4,Unknown,Unknown,Medium,Limited,Unknown,46.21667,-60.25
3020,Oakville, ,CA OAJ,Canada,Canada Lake Ontario,Lake Ontario; Great Lakes,Very Small,Coastal (Breakwater),,,1.8,3.4,Unknown,Unknown,Unknown,Limited,Unknown,43.43333,-79.66667
2310,Oka Sur Le Lac, ,CA OKA,Canada,Ottawa River,Lake Ontario; Great Lakes,Very Small,River (Natural),,,1.8,1.8,Unknown,Unknown,Unknown,Unknown,Unknown,45.46667,-74.08333
1860,Old Ferolle Harbor,Brig Bay, ,Canada, ,Gulf of Saint Lawrence; North Atlantic Ocean,Small, ,,,,4.3,Unknown,Unknown,Unknown,Unknown,Unknown,51.08333,-56.88333
2980,Oshawa, ,CA OSH,Canada,Canada Lake Ontario,Lake Ontario; Great Lakes,Small,Coastal (Breakwater),,,7.9,6.4,Unknown,Unknown,Unknown,Limited,Unknown,43.86667,-78.81667
2520,Ottawa, ,CA OTT,Canada,Ottawa River,Lake Ontario; Great Lakes,Small,River (Natural),,,1.8,3.4,Unknown,Unknown,Unknown,Moderate,Unknown,45.43333,-75.7
3860,Owen Sound, ,CA OWS,Canada,Canada Lake Huron,Lake Huron; Great Lakes,Small,River (Natural),190.0,6.8,6.4,6.4,Unknown,Unknown,Small,Unknown,Unknown,44.58333,-80.93333
1035,Padloping Island, , ,Canada,Baffin Island,Baffin Bay; Arctic Ocean,Very Small,Coastal (Natural),,,23.2,1.8,Unknown,Unknown,Unknown,Unknown,Unknown,67.03333,-62.73333
1040,Pangnirtung, ,CA PNT,Canada,Baffin Island,Cumberland Sound; Labrador Sea; North Atlantic Ocean,Very Small,Coastal (Natural),,,23.2,,Unknown,Unknown,Unknown,Unknown,Unknown,66.13333,-65.75
2430,Papineauville, ,CA PPV,Canada,Ottawa River,Lake Ontario; Great Lakes,Very Small,River (Natural),,,1.8,1.8,Unknown,Unknown,Unknown,Unknown,Unknown,45.61667,-75.01667
4030,Parry Sound, ,CA PRS,Canada,Canada Lake Huron,Lake Huron; Great Lakes,Small,Coastal (Natural),,,7.9,6.4,Unknown,Unknown,Medium,Limited,Unknown,45.33333,-80.03333
3330,Pelee I North Wharf, ,CA DLM,Canada,Canada Lake Erie,Lake Erie; Great Lakes,Very Small,Coastal (Natural),,,3.4,3.4,Unknown,Unknown,Unknown,Unknown,Unknown,41.81667,-82.66667
3340,Pelee I West Dock, , ,Canada,Canada Lake Erie,Lake Erie; Great Lakes,Very Small,Open Roadstead,,,3.4,3.4,Unknown,Unknown,Unknown,Unknown,Unknown,41.76667,-82.68333
3930,Penetanguishene, ,CA PTH,Canada,Canada Lake Huron,Lake Huron; Great Lakes,Very Small,Coastal (Natural),,,4.9,4.9,Unknown,Unknown,Small,Moderate,Unknown,44.76667,-79.93333
2880,Picton, ,CA PIC,Canada,Canada Lake Ontario,Lake Ontario; Great Lakes,Very Small,Coastal (Natural),,,1.8,1.8,Unknown,Unknown,Unknown,Unknown,Unknown,44.01667,-77.13333
5800,Pictou, ,CA PTO,Canada,Nova Scotia,Gulf of Saint Lawrence; North Atlantic Ocean,Small,Coastal (Natural),,,6.4,6.4,Unknown,Unknown,Large,Major,Small,45.66667,-62.71667
1700,Placentia Bay, , ,Canada,Newfoundland S Coast,North Atlantic Ocean,Very Small, ,,,,,Unknown,Unknown,Unknown,Unknown,Unknown,47.25355,-54.01422
3710,Point Edward, ,CA PEW,Canada,Canada Lake Huron,Lake Huron; Great Lakes,Small,River (Natural),,,6.4,6.4,Unknown,Unknown,Unknown,Unknown,Unknown,43.0,-82.41667
1957,Pointe Noire, ,CA PNO,Canada,Canada St Lawrence R,Gulf of Saint Lawrence; North Atlantic Ocean,Small,River (Natural),,,23.2,14.0,Unknown,Unknown,Unknown,Limited,Unknown,50.16667,-66.48333
2173,Pointe des Roches, , ,Canada,Canada St Lawrence R,Gulf of Saint Lawrence; North Atlantic Ocean,Unknown, ,,,,,Unknown,Unknown,Unknown,Unknown,Unknown,47.41667,-70.4
1020,Pond Inlet, ,CA PDI,Canada,Baffin Island,Northwest Passages; Arctic Ocean,Medium,Open Roadstead,250.0,,23.2,,No,No,Unknown,Unknown,Unknown,72.75,-76.75
18942,Porpoise Harbor, , ,Canada,Canada West Coast,Alaska-Canada coastal waters; North Pacific Ocean,Very Small,Coastal (Natural),,,3.4,9.4,Unknown,Unknown,Unknown,Unknown,Unknown,54.21667,-130.28333
18730,Port Alberni, ,CA PAB,Canada,Canada West Coast,Alaska-Canada coastal waters; North Pacific Ocean,Small,River (Natural),190.0,,23.2,12.5,Unknown,Unknown,Small,Moderate,Unknown,49.23333,-124.81667
18820,Port Alice, ,CA PAC,Canada,Canada West Coast,North Pacific Ocean,Small,Coastal (Natural),176.8,10.7,23.2,9.4,Unknown,Unknown,Unknown,Limited,Unknown,50.38333,-127.45
1795,Port Aux Basques, ,CA PBQ,Canada,Newfoundland  W Coast,North Atlantic Ocean,Small,Coastal (Natural),203.0,6.3,17.1,7.3,Unknown,Unknown,Unknown,Limited,Unknown,47.56667,-59.13333
6575,Port Bayside Nb, ,CA BST,Canada,Nova Scotia Cont,Bay of Fundy; North Atlantic Ocean,Very Small,River (Natural),,,,,Unknown,Unknown,Unknown,Unknown,Unknown,45.15,-67.13333
1958,Port Cartier, ,CAPCA,Canada,Canada St Lawrence R,Gulf of Saint Lawrence; North Atlantic Ocean,Very Small,River (Natural),,,15.5,14.0,Unknown,Unknown,Unknown,Limited,Unknown,50.03333,-66.78333
19030,Port Clements, ,CA PCS,Canada,Canada West Coast,Alaska-Canada coastal waters; North Pacific Ocean,Very Small,Coastal (Natural),,,,3.4,Unknown,Unknown,Unknown,Unknown,Unknown,53.68333,-132.18333
3250,Port Colborne, ,CA PCO,Canada,Canada Lake Erie,Lake Erie; Great Lakes,Small,Canal or Lake,,,7.9,7.9,Unknown,Unknown,Unknown,Moderate,Large,42.88333,-79.25
18130,Port Coquitlam, ,CA PTC,Canada,Canada West Coast,Alaska-Canada coastal waters; North Pacific Ocean,Very Small,River (Natural),,,,6.4,Unknown,Unknown,Medium,Unknown,Unknown,49.23333,-122.76667
3010,Port Credit, ,CA PCR,Canada,Canada Lake Ontario,Lake Ontario; Great Lakes,Very Small,Coastal (Breakwater),,,1.8,7.9,Unknown,Unknown,Small,Limited,Unknown,43.55,-79.58333
3060,Port Dalhousie, ,CADHS,Canada,Canada Lake Ontario,Lake Ontario; Great Lakes,Very Small,Coastal (Breakwater),,,4.9,3.4,Unknown,Unknown,Small,Limited,Small,43.21667,-79.26667
2200,Port De Becancour, ,CA BEC,Canada,Canada St Lawrence R,Gulf of Saint Lawrence; North Atlantic Ocean,Very Small,River (Natural),,,9.4,9.4,Unknown,Unknown,Unknown,Unknown,Unknown,46.4,-72.38333
3270,Port Dover, ,CA PDV,Canada,Canada Lake Erie,Lake Erie; Great Lakes,Very Small,River (Natural),,,1.8,1.8,Unknown,Unknown,Small,Limited,Unknown,42.78333,-80.2
3750,Port Elgin, ,CA PEL,Canada,Canada Lake Huron,Lake Huron; Great Lakes,Very Small,Coastal (Breakwater),,,3.4,1.8,Unknown,Unknown,Unknown,Moderate,Unknown,44.43333,-81.4
5880,Port Hastings, ,CA PHA,Canada,Cape Breton Island,North Atlantic Ocean,Very Small,Coastal (Natural),,,12.5,7.9,Unknown,Unknown,Unknown,Unknown,Unknown,45.65,-61.4
5870,Port Hawkesbury, ,CA PHW,Canada,Cape Breton Island,North Atlantic Ocean,Small,Coastal (Natural),333.0,25.9,4.9,9.4,Unknown,Unknown,Medium,Limited,Small,45.61667,-61.36667
5890,Port Hood, , ,Canada,Cape Breton Island,Gulf of Saint Lawrence; North Atlantic Ocean,Unknown, ,,,,,Unknown,Unknown,Unknown,Unknown,Unknown,46.0,-61.55
2970,Port Hope, ,CA OPE,Canada,Canada Lake Ontario,Lake Ontario; Great Lakes,Small,Coastal (Breakwater),,,1.8,4.9,Unknown,Unknown,Unknown,Unknown,Unknown,43.93333,-78.28333
3260,Port Maitland, ,CAPTM,Canada,Canada Lake Erie,Lake Erie; Great Lakes,Small,River (Basins),,,6.4,6.4,Unknown,Unknown,Unknown,Limited,Unknown,42.85,-79.58333
18872,Port Mcneill, ,CA PMA,Canada,Canada West Coast,Alaska-Canada coastal waters; North Pacific Ocean,Very Small,Coastal (Natural),244.0,,11.0,6.4,Unknown,Unknown,Unknown,Unknown,Unknown,50.58333,-127.08333
3960,Port Mcnicoll, , ,Canada,Canada Lake Huron,Lake Huron; Great Lakes,Very Small,Coastal (Natural),,,6.4,7.9,Unknown,Unknown,Small,Unknown,Unknown,44.75,-79.8
18235,Port Mellon, ,CA PML,Canada,Canada West Coast,Alaska-Canada coastal waters; North Pacific Ocean,Very Small,Coastal (Natural),212.5,,9.4,9.4,Unknown,Unknown,Unknown,Unknown,Unknown,49.51667,-123.48333
1910,Port Menier, , ,Canada, ,Gulf of Saint Lawrence; North Atlantic Ocean,Unknown, ,,,,,Unknown,Unknown,Unknown,Unknown,Unknown,49.81667,-64.35
18160,Port Moody, ,CA PMO,Canada,Canada West Coast,Alaska-Canada coastal waters; North Pacific Ocean,Very Small,Coastal (Natural),,,9.4,11.0,Unknown,Unknown,Large,Major,Medium,49.28333,-122.88333
18705,Port San Juan, , ,Canada,Canada West Coast,Alaska-Canada coastal waters; North Pacific Ocean,Very Small,Coastal (Natural),,,9.4,3.4,Unknown,Unknown,Unknown,Unknown,Unknown,48.55,-124.43333
1850,Port Saunders, , ,Canada, ,Gulf of Saint Lawrence; North Atlantic Ocean,Small, ,,,,,Unknown,Unknown,Unknown,Unknown,Unknown,50.65,-57.28333
4000,Port Severn, , ,Canada,Canada Lake Huron,Lake Huron; Great Lakes,Very Small,River (Natural),,,1.8,1.8,Unknown,Unknown,Unknown,Limited,Unknown,44.8,-79.71667
18960,Port Simpson, ,CA PSI,Canada,Canada West Coast,Alaska-Canada coastal waters; North Pacific Ocean,Very Small,Coastal (Natural),,,15.5,9.4,Unknown,Unknown,Unknown,Unknown,Unknown,54.56667,-130.43333
3310,Port Stanley, ,CA PST,Canada,Canada Lake Erie,Lake Erie; Great Lakes,Very Small,River (Natural),,,4.9,4.9,Unknown,Unknown,Small,Moderate,Small,42.66667,-81.2
1605,Port Union, , ,Canada,Newfoundland  E Coast,North Atlantic Ocean,Very Small,Coastal (Natural),,,7.9,4.9,Unknown,Unknown,Unknown,Unknown,Unknown,48.5,-53.08333
3070,Port Weller, ,CA PWE,Canada,Canada Lake Ontario,Lake Ontario; Great Lakes,Small,River (Tide Gates),,,7.9,7.9,Unknown,Unknown,Unknown,Major,Large,43.23333,-79.21667
2990,Port Whitby, ,CA WHI,Canada,Canada Lake Ontario,Lake Ontario; Great Lakes,Small,Coastal (Breakwater),,,1.8,6.4,Unknown,Unknown,Unknown,Limited,Small,43.85,-78.93333
2555,Port de Valleyfield, , ,Canada,Canada St Lawrence R,Lake Ontario; Great Lakes,Unknown, ,,,,,Unknown,Unknown,Unknown,Unknown,Unknown,45.21667,-74.1
2160,Portneuf, , ,Canada,Canada St Lawrence R,Gulf of Saint Lawrence; North Atlantic Ocean,Unknown, ,,,,,Unknown,Unknown,Unknown,Unknown,Unknown,46.68333,-71.88333
18950,Prince Rupert, ,CA PRR,Canada,Canada West Coast,Alaska-Canada coastal waters; North Pacific Ocean,Medium,Coastal (Natural),400.0,20.0,23.2,11.0,Unknown,Unknown,Small,Limited,Small,54.31667,-130.33333
5780,Pugwash Harbour, , ,Canada,Nova Scotia,Gulf of Saint Lawrence; North Atlantic Ocean,Unknown, ,,,,,Unknown,Unknown,Unknown,Unknown,Unknown,45.85,-63.66667
2180,Quebec, ,CA QUE,Canada,Canada St Lawrence R,Gulf of Saint Lawrence; North Atlantic Ocean,Medium,River (Natural),,,11.0,15.5,Unknown,Unknown,Unknown,Major,Large,46.81667,-71.21667
5170,Quebec Harbour, , ,Canada,Canada Lake Superior,Lake Superior; Great Lakes,Very Small,Coastal (Natural),,,4.9,3.4,Unknown,Unknown,Unknown,Unknown,Unknown,47.7,-85.8
19050,Queen Charlotte, ,CA QCH,Canada,Canada West Coast,Alaska-Canada coastal waters; North Pacific Ocean,Very Small,Coastal (Natural),,,,6.4,Unknown,Unknown,Unknown,Unknown,Unknown,53.25,-132.08333
3110,Queenston, ,CA QNS,Canada,Canada Lake Ontario,Lake Erie; Great Lakes,Very Small,River (Natural),,,6.4,3.4,Unknown,Unknown,Unknown,Unknown,Unknown,43.16667,-79.06667
4270,Richards Landing, , ,Canada,Canada Lake Huron,Lake Huron; Great Lakes,Very Small,Coastal (Natural),,,6.4,3.4,Unknown,Unknown,Unknown,Unknown,Unknown,46.3,-84.03333
5650,Richibucto Harbor, , ,Canada,New Brunswick,Gulf of Saint Lawrence; North Atlantic Ocean,Unknown, ,,,,,Unknown,Unknown,Unknown,Unknown,Unknown,46.68333,-64.86667
2030,Rimouski, ,CA RIM,Canada,Canada St Lawrence R,Gulf of Saint Lawrence; North Atlantic Ocean,Small,River (Natural),,,4.9,6.4,Unknown,Unknown,Unknown,Limited,Small,48.45,-68.51667
6401,Riverport, , ,Canada,Nova Scotia Cont,North Atlantic Ocean,Unknown, ,,,,,Unknown,Unknown,Unknown,Unknown,Unknown,44.3,-64.33333
2150,Riviere Du Loup,Fraserville,CA RDL,Canada,Canada St Lawrence R,Gulf of Saint Lawrence; North Atlantic Ocean,Small,River (Natural),,,1.8,3.4,Unknown,Unknown,Unknown,Limited,Unknown,47.83333,-69.51667
2470,Rockland, ,CA ROK,Canada,Ottawa River,Lake Ontario; Great Lakes,Very Small,River (Natural),,,1.8,,Unknown,Unknown,Unknown,Unknown,Unknown,45.55,-75.3
2710,Rockport, ,CA GNN,Canada,Canada St Lawrence R,Lake Ontario; Great Lakes,Very Small,River (Natural),,,3.4,3.4,Unknown,Unknown,Small,Unknown,Unknown,44.38333,-75.93333
1450,Roddickton, ,CA ROD,Canada,Newfoundland  E Coast,North Atlantic Ocean,Unknown, ,,,,,Yes,Unknown,Unknown,Unknown,Unknown,50.86667,-56.13333
3320,Rondeau,Erieau,CA ENE,Canada,Canada Lake Erie,Lake Erie; Great Lakes,Small,Coastal (Natural),,,3.4,6.4,Unknown,Unknown,Small,Moderate,Unknown,42.26667,-81.9
3700,Sarnia, ,CA SNI,Canada,Canada Lake Huron,Lake Saint Clair; Great Lakes,Small,River (Natural),,,4.9,6.4,Unknown,Unknown,Small,Major,Unknown,42.98333,-82.41667
4290,Sault Ste Marie, ,CA SSM,Canada,Canada Lake Huron,Lake Superior; Great Lakes,Small,River (Natural),,,4.9,6.4,Unknown,Unknown,Unknown,Major,Small,46.51667,-84.35
1955,Sept Iles,Seven Islands,CA SEI,Canada,Canada St Lawrence R,Gulf of Saint Lawrence; North Atlantic Ocean,Medium,River (Natural),345.0,19.6,11.0,17.1,Yes,Yes,Unknown,Limited,Unknown,50.2,-66.38333
5680,Shediac Harbor, , ,Canada,New Brunswick,Gulf of Saint Lawrence; North Atlantic Ocean,Unknown, ,,,,,Unknown,Unknown,Unknown,Unknown,Unknown,46.21667,-64.53333
6290,Sheet Harbor, , ,Canada,Nova Scotia Cont,North Atlantic Ocean,Unknown, ,,,,,Unknown,Unknown,Unknown,Unknown,Unknown,44.9,-62.5
4130,Sheguiandah, , ,Canada,Canada Lake Huron,Lake Huron; Great Lakes,Very Small,Coastal (Natural),,,4.9,4.9,Unknown,Unknown,Unknown,Unknown,Unknown,45.9,-81.91667
6430,Shelburne Harbour, , ,Canada,Nova Scotia Cont,North Atlantic Ocean,Unknown, ,,,,,Unknown,Unknown,Unknown,Unknown,Unknown,43.75,-65.31667
5620,Shippegan, ,CA SHP,Canada,New Brunswick,Gulf of Saint Lawrence; North Atlantic Ocean,Very Small,Coastal (Natural),,,4.9,3.4,Unknown,Unknown,Unknown,Unknown,Unknown,47.75,-64.7
18660,Sidney, ,CA SDY,Canada,Canada West Coast,Alaska-Canada coastal waters; North Pacific Ocean,Very Small,Coastal (Natural),,,,4.9,Unknown,Unknown,Small,Major,Large,48.65,-123.38333
18850,Sointula, , ,Canada,Canada West Coast,Alaska-Canada coastal waters; North Pacific Ocean,Very Small,Coastal (Natural),,,23.2,9.4,Unknown,Unknown,Unknown,Limited,Unknown,50.63333,-127.01667
3660,Sombra, ,CA SOM,Canada,Canada Lake Huron,Lake Saint Clair; Great Lakes,Very Small,River (Natural),,,6.4,3.4,Unknown,Unknown,Unknown,,Unknown,42.71667,-82.48333
6220,Sonora, , ,Canada,Nova Scotia Cont,North Atlantic Ocean,Very Small,River (Natural),,,3.4,3.4,Unknown,Unknown,Unknown,Unknown,Unknown,45.06667,-61.91667
2220,Sorel, ,CA SOR,Canada,Canada St Lawrence R,Gulf of Saint Lawrence; North Atlantic Ocean,Small,River (Natural),,,11.0,9.4,Unknown,Unknown,Large,Major,Medium,46.05,-73.11667
5730,Souris Harbour, , ,Canada,Prince Edward Island,Gulf of Saint Lawrence; North Atlantic Ocean,Unknown, ,,,,,Unknown,Unknown,Unknown,Unknown,Unknown,46.35,-62.25
2600,South Lancaster,East Lancaster,CA LCS,Canada,Canada St Lawrence R,Lake Ontario; Great Lakes,Very Small,River (Natural),,,1.8,1.8,Unknown,Unknown,Unknown,Unknown,Unknown,45.13333,-74.5
3760,Southampton, ,CA SON,Canada,Canada Lake Huron,Lake Huron; Great Lakes,Very Small,Coastal (Breakwater),,,1.8,1.8,Unknown,Unknown,Unknown,Moderate,Unknown,44.5,-81.38333
1500,Springdale, ,CA SPD,Canada,Newfoundland  E Coast,North Atlantic Ocean,Unknown, ,,,,,Unknown,Unknown,Unknown,Unknown,Unknown,49.5,-56.06667
2340,St Andrews East,St Andrews,CA SAE,Canada,Ottawa River,Lake Ontario; Great Lakes,Very Small,River (Natural),,,1.8,1.8,Unknown,Unknown,Unknown,Unknown,Unknown,45.56667,-74.33333
2590,St Anicet, ,CA AIT,Canada,Canada St Lawrence R,Lake Ontario; Great Lakes,Very Small,River (Natural),,,1.8,1.8,Unknown,Unknown,Unknown,Unknown,Unknown,45.13333,-74.36667
5942,St Anns Harbour, , ,Canada,Cape Breton Island,North Atlantic Ocean,Unknown, ,,,,,Unknown,Unknown,Unknown,Unknown,Unknown,46.28333,-60.55
1420,St Anthony, ,CA SAT,Canada,Newfoundland  E Coast,North Atlantic Ocean,Unknown, ,,7.2,,,Unknown,Yes,Unknown,Limited,Unknown,51.36667,-55.56667
3095,St Catherine, ,CA SC4,Canada,Canada Lake Ontario,Lake Ontario; Great Lakes,Very Small,Canal or Lake,,,9.4,6.4,Unknown,Unknown,Unknown,Limited,Unknown,43.18333,-79.28333
1820,St George's,Saint George's Harbor, ,Canada,Newfoundland  W Coast,Gulf of Saint Lawrence; North Atlantic Ocean,Small,Coastal (Natural),,,12.8,12.5,Unknown,Unknown,Unknown,Unknown,Unknown,48.45,-58.45
6550,St John, ,CA SJB,Canada,Nova Scotia Cont,Bay of Fundy; North Atlantic Ocean,Medium,Coastal (Breakwater),360.0,12.1,7.9,,Yes,Yes,Unknown,Major,Large,45.26667,-66.05
1670,St John's, ,CASJF,Canada,Newfoundland  E Coast,North Atlantic Ocean,Medium,Coastal (Natural),225.0,7.0,11.0,17.1,Yes,Yes,Large,Major,Medium,47.56667,-52.7
2330,St Placide, ,CA PLI,Canada,Ottawa River,Lake Ontario; Great Lakes,Very Small,River (Natural),,,1.8,,Unknown,Unknown,Unknown,Unknown,Unknown,45.53333,-74.2
2152,St Simeon, , ,Canada,Canada St Lawrence R,Gulf of Saint Lawrence; North Atlantic Ocean,Unknown, ,,,,,Unknown,Unknown,Unknown,Unknown,Unknown,47.83333,-69.86667
2570,St Zotique, ,CA SZT,Canada,Canada St Lawrence R,Lake Ontario; Great Lakes,Very Small,Canal or Lake,,,1.8,1.8,Unknown,Unknown,Unknown,Unknown,Unknown,45.25,-74.25
1862,St. Barbe Harbor, , ,Canada, ,Gulf of Saint Lawrence; North Atlantic Ocean,Small, ,,,,6.8,Unknown,Unknown,Unknown,Unknown,Unknown,51.2,-56.76667
1810,Stephenville,Port Harmon,CA STV,Canada,Newfoundland  W Coast,Gulf of Saint Lawrence; North Atlantic Ocean,Very Small,Coastal (Breakwater),,,9.4,7.9,Unknown,Unknown,Unknown,Limited,Unknown,48.53333,-58.53333
18090,Steveston, ,CA SVN,Canada,Canada West Coast,Alaska-Canada coastal waters; North Pacific Ocean,Very Small,River (Natural),,,9.5,,Unknown,Unknown,Unknown,Unknown,Unknown,49.13333,-123.18333
18980,Stewart, ,CA STW,Canada,Canada West Coast,Alaska-Canada coastal waters; North Pacific Ocean,Very Small,Coastal (Natural),,,,7.9,Unknown,Unknown,Unknown,Unknown,Unknown,55.93333,-130.0
6190,Stormont, ,CA SMT,Canada,Nova Scotia Cont,North Atlantic Ocean,Very Small,Coastal (Natural),,,17.1,4.9,Unknown,Unknown,Unknown,Unknown,Unknown,45.21667,-61.71667
5770,Summerside, ,CA SUM,Canada,Prince Edward Island,Gulf of Saint Lawrence; North Atlantic Ocean,Small,Coastal (Natural),,,6.4,6.4,Unknown,Unknown,Unknown,Limited,Unknown,46.4,-63.78333
6000,Sydney, ,CA SYD,Canada,Cape Breton Island,North Atlantic Ocean,Medium,Coastal (Natural),,,11.0,11.0,Unknown,Unknown,Large,Moderate,Small,46.15,-60.2
2100,Tadoussac, , ,Canada,Canada St Lawrence R,Gulf of Saint Lawrence; North Atlantic Ocean,Unknown, ,,,,,Unknown,Unknown,Unknown,Unknown,Unknown,48.15,-69.71667
18805,Tahsis, ,CA PTA,Canada,Canada West Coast,North Pacific Ocean,Very Small,Coastal (Natural),213.0,12.5,23.2,11.0,Unknown,Unknown,Small,Limited,Unknown,49.91667,-126.66667
4220,Thessalon, ,CA THS,Canada,Canada Lake Huron,Lake Huron; Great Lakes,Very Small,Coastal (Breakwater),,,7.9,4.9,Unknown,Unknown,Unknown,Unknown,Unknown,46.25,-83.56667
3890,Thornbury, ,CA TBY,Canada,Canada Lake Huron,Lake Huron; Great Lakes,Very Small,Coastal (Breakwater),,,3.4,3.4,Unknown,Unknown,Unknown,Unknown,Unknown,44.56667,-80.45
3092,Thorold, ,CA THD,Canada,Canada Lake Ontario,Lake Ontario; Great Lakes,Small,Canal or Lake,,,7.9,7.9,Unknown,Unknown,Unknown,Limited,Unknown,43.08333,-79.71667
5210,Thunder Bay,Fort William; Port Arthur,CA THU,Canada,Canada Lake Superior,Lake Superior; Great Lakes,Medium,Coastal (Breakwater),226.0,7.3,6.4,6.4,Unknown,Unknown,Unknown,Major,Medium,48.4,-89.23333
2460,Thurso, ,CA URS,Canada,Ottawa River,Lake Ontario; Great Lakes,Very Small,River (Natural),,,1.8,,Unknown,Unknown,Unknown,Unknown,Unknown,45.6,-75.23333
3950,Tiffin, , ,Canada,Canada Lake Huron,Lake Huron; Great Lakes,Very Small,Coastal (Natural),,,6.4,6.4,Unknown,Unknown,Unknown,Unknown,Unknown,44.75,-79.85
3770,Tobermory, ,GBTOB,Canada,Canada Lake Huron,Lake Huron; Great Lakes,Very Small,Coastal (Natural),,,6.4,4.9,Unknown,Unknown,Unknown,Limited,Unknown,45.26667,-81.66667
3000,Toronto, ,CA TOR,Canada,Canada Lake Ontario,Lake Ontario; Great Lakes,Medium,Coastal (Natural),,,7.9,7.9,Unknown,Unknown,Unknown,Moderate,Small,43.61667,-79.38333
2940,Trenton, ,CA TTC,Canada,Canada Lake Ontario,Lake Ontario; Great Lakes,Small,River (Natural),,,3.4,,Unknown,Unknown,Small,Limited,Unknown,44.1,-77.56667
2210,Trois Rivieres,Three Rivers,CA TRR,Canada,Canada St Lawrence R,Gulf of Saint Lawrence; North Atlantic Ocean,Medium,River (Natural),,,11.0,9.4,Unknown,Unknown,Unknown,Limited,Unknown,46.35,-72.55
1570,Twillingate, ,CA TWI,Canada,Newfoundland  E Coast,North Atlantic Ocean,Unknown, ,,,,,Unknown,Unknown,Unknown,Limited,Unknown,49.65,-54.76667
18760,Ucluelet, ,CA UCL,Canada,Canada West Coast,North Pacific Ocean,Very Small,Coastal (Natural),,,1.8,6.4,Unknown,Unknown,Small,Limited,Unknown,48.95,-125.55
18150,Vancouver, ,CA VAN,Canada,Canada West Coast,Alaska-Canada coastal waters; North Pacific Ocean,Large,Coastal (Natural),367.0,,23.2,14.0,Unknown,Unknown,Large,Major,Medium,49.28333,-123.11667
2300,Vaudreuil, ,CA DON,Canada,Ottawa River,Lake Ontario; Great Lakes,Very Small,River (Natural),,,1.8,1.8,Unknown,Unknown,Unknown,Unknown,Unknown,45.4,-74.03333
18670,Victoria Harbor, ,CA VIC,Canada,Canada West Coast,Alaska-Canada coastal waters; North Pacific Ocean,Medium,Coastal (Breakwater),348.0,12.8,17.1,12.5,Unknown,Unknown,Medium,Moderate,Large,48.43333,-123.38333
3650,Walpole Island, , ,Canada,Canada Lake Huron,Lake Saint Clair; Great Lakes,Very Small,River (Natural),,,6.4,,Unknown,Unknown,Unknown,,Unknown,42.61667,-82.51667
3980,Waubaushene, , ,Canada,Canada Lake Huron,Lake Huron; Great Lakes,Very Small,Coastal (Natural),,,4.9,1.8,Unknown,Unknown,Unknown,Limited,Unknown,44.76667,-79.71667
3090,Welland, ,CA WEL,Canada,Canada Lake Ontario,Lake Erie; Great Lakes,Small,Canal or Lake,,,7.9,6.4,Unknown,Unknown,Unknown,Limited,Unknown,43.0,-79.25
18330,Westview, , ,Canada,Canada West Coast,Alaska-Canada coastal waters; North Pacific Ocean,Very Small,Coastal (Breakwater),,,,7.9,Unknown,Unknown,Unknown,Limited,Unknown,49.83417,-124.53194
5960,Whycocomagh, , ,Canada,Cape Breton Island,North Atlantic Ocean,Very Small,Coastal (Natural),,,3.4,4.9,Unknown,Unknown,Unknown,Unknown,Unknown,45.96667,-61.13333
3810,Wiarton, ,CA YVV,Canada,Canada Lake Huron,Lake Huron; Great Lakes,Very Small,Coastal (Natural),,,3.4,4.9,Unknown,Unknown,Medium,Limited,Unknown,44.75,-81.13333
3390,Windsor, ,CA WND,Canada,Canada Lake Erie,Lake Erie; Great Lakes,Medium,River (Natural),,,6.4,6.4,Unknown,Unknown,Unknown,Limited,Unknown,42.31667,-83.03333
6500,Windsor, ,CA WDR,Canada,Nova Scotia Cont,Bay of Fundy; North Atlantic Ocean,Very Small,River (Natural),,,6.4,6.4,Unknown,Unknown,Unknown,Limited,Unknown,45.0,-64.15
2730,Wolfe Island, ,CA WFI,Canada,Canada St Lawrence R,Lake Ontario; Great Lakes,Very Small,River (Natural),,,1.8,1.8,Unknown,Unknown,Unknown,Unknown,Unknown,44.2,-76.43333
6460,Yarmouth Harbor (Canada), , ,Canada,Nova Scotia Cont,North Atlantic Ocean,Unknown, ,106.3,4.0,,,Unknown,Unknown,Unknown,Unknown,Unknown,43.83333,-66.11667
11781,Goto Oil Terminal, ,BQGOT,Caribbean Netherlands,Bonaire,Caribbean Sea; North Atlantic Ocean,Very Small,Open Roadstead,,29.5,23.2,,Unknown,Unknown,Unknown,Limited,Unknown,12.21667,-68.38333
11780,Kralendijk,Bonaise; Bopec Terminal,BQKRA,Caribbean Netherlands,Bonaire,Caribbean Sea; North Atlantic Ocean,Very Small,Open Roadstead,330.0,8.8,12.5,9.4,Unknown,Yes,Unknown,Limited,Unknown,12.15,-68.28333
11390,Oranjestad,Orange Baai; Orange Stad,BQORA,Caribbean Netherlands,Saint Eustatius,Caribbean Sea; North Atlantic Ocean,Small,Open Roadstead,415.0,28.7,7.9,3.4,Unknown,Unknown,Unknown,Limited,Unknown,17.48333,-62.98333
11782,Salina,Brasil,BRSAA,Caribbean Netherlands,Bonaire,Caribbean Sea; North Atlantic Ocean,Very Small,Open Roadstead,,,23.2,14.0,Unknown,Unknown,Unknown,Limited,Unknown,12.08333,-68.28333
10585,Cayman Brac, ,KY CYB,Cayman Islands,Cayman Islands,Caribbean Sea; North Atlantic Ocean,Very Small,Open Roadstead,75.0,4.8,3.4,3.4,Yes,Unknown,Unknown,Limited,Unknown,19.75,-79.75
10580,Georgetown, ,KY GEC,Cayman Islands,Cayman Islands,Caribbean Sea; North Atlantic Ocean,Very Small,Open Roadstead,139.0,6.5,,6.4,Yes,Yes,Unknown,Moderate,Unknown,19.3,-81.38333
14660,Antofagasta,Mejillones,CL ANF,Chile,Chile,South Pacific Ocean,Medium,Coastal (Breakwater),,,9.4,11.0,Unknown,Unknown,Medium,Limited,Unknown,-23.65,-70.41667
14110,Bahia Agua Fresca,Agua Fresca, ,Chile,Chile,South Pacific Ocean,Very Small,Coastal (Natural),,,,,Unknown,Unknown,Unknown,Unknown,Unknown,-53.38333,-70.96667
14340,Bahia De Valdivia, ,CLZAL,Chile,Chile,South Pacific Ocean,Small,River (Natural),,4.8,3.4,4.9,Unknown,Unknown,Small,Moderate,Small,-39.8,-73.25
14500,Bahia De Valparaiso, ,CLVAP,Chile,Chile,South Pacific Ocean,Medium,Coastal (Breakwater),,,23.2,11.0,Unknown,Unknown,Unknown,Major,Small,-33.03333,-71.61667
14140,Bahia Harris,Harriss Bay, ,Chile,Chile,South Pacific Ocean,Very Small,Coastal (Natural),,,14.0,1.8,Unknown,Unknown,Unknown,Unknown,Unknown,-53.85,-70.45
14560,Bahia Herradura Guayacan, ,CLGYC,Chile,Chile,South Pacific Ocean,Very Small,Open Roadstead,,,15.5,9.4,Unknown,Unknown,Unknown,Limited,Unknown,-29.96667,-71.36667
14510,Bahia Quintero (Ventanas), ,CLQTV,Chile,Chile,South Pacific Ocean,Very Small,Open Roadstead,,,,14.0,Unknown,Unknown,Unknown,Limited,Unknown,-32.76667,-71.53333
14415,Bahia San Vicente, ,CLSVE,Chile,Chile,South Pacific Ocean,Very Small,Coastal (Natural),,,23.2,11.0,Unknown,Unknown,Medium,Moderate,Large,-36.73333,-73.16667
14095,Caleta Clarencia, ,CLCLR,Chile,Chile,South Pacific Ocean,Very Small,Coastal (Natural),,,15.5,,Unknown,Unknown,Unknown,Unknown,Unknown,-52.9,-70.1
14175,Caleta Mina Elena,Mina Elena, ,Chile,Chile,South Pacific Ocean,Very Small,Coastal (Natural),,,,,Unknown,Unknown,Unknown,Unknown,Unknown,-52.68333,-71.9
14671,Caleta Patillos, ,CLCAL,Chile,Chile,South Pacific Ocean,Very Small,Coastal (Natural),,,,11.0,Unknown,Unknown,Unknown,Unknown,Unknown,-20.73333,-70.2
14570,Coquimbo, ,CL CQQ,Chile,Chile,South Pacific Ocean,Very Small,Coastal (Natural),,,21.6,9.4,Unknown,Unknown,Unknown,Limited,Unknown,-29.95,-71.33333
14400,Coronel, ,CLCNL,Chile,Chile,South Pacific Ocean,Small,Coastal (Natural),,,17.1,12.5,Unknown,Unknown,Unknown,,Unknown,-37.03333,-73.16667
14610,Huasco, ,CLHSO,Chile,Chile,South Pacific Ocean,Very Small,Open Roadstead,,,23.2,21.6,Unknown,Unknown,Small,Limited,Unknown,-28.46667,-71.25
14760,Iquique, ,CLIQQ,Chile,Chile,South Pacific Ocean,Small,Coastal (Breakwater),,,12.5,15.5,Unknown,Unknown,Medium,Limited,Medium,-20.2,-70.16667
14425,Lirquen, ,CLLQN,Chile,Chile,South Pacific Ocean,Very Small,Coastal (Natural),,,,12.5,Unknown,Unknown,Medium,Moderate,Unknown,-36.71667,-72.98333
14380,Lota, ,CLLTA,Chile,Chile,South Pacific Ocean,Very Small,Coastal (Natural),160.0,5.5,11.0,7.9,Unknown,Unknown,Small,Limited,Unknown,-37.1,-73.15
14670,Mejillones, ,CL MJS,Chile,Chile,South Pacific Ocean,Small,Coastal (Natural),,,20.1,12.5,Unknown,Unknown,Unknown,Limited,Unknown,-23.1,-70.46667
14440,Penco,Tome,CLPEO,Chile,Chile,South Pacific Ocean,Very Small,Coastal (Natural),,,,9.4,Unknown,Unknown,Unknown,Unknown,Unknown,-36.71667,-73.0
14130,Port San Juan De La Juan,Port Famine; Puerto Famine, ,Chile,Chile,South Pacific Ocean,Very Small,Coastal (Natural),,,,,Unknown,Unknown,Unknown,Unknown,Unknown,-53.63333,-70.91667
14630,Puerto Caldera, ,CLCLD,Chile,Chile,South Pacific Ocean,Very Small,Coastal (Natural),,,14.0,12.5,Unknown,Unknown,Small,Limited,Unknown,-27.05,-70.83333
14635,Puerto Calderilla, ,CLCAA,Chile,Chile,South Pacific Ocean,Very Small,Coastal (Natural),,,23.2,14.0,Unknown,Unknown,Unknown,Limited,Unknown,-27.08333,-70.86667
14220,Puerto Castro, ,CL WCA,Chile,Chile,South Pacific Ocean,Very Small,Coastal (Natural),,,11.0,4.9,Unknown,Unknown,Unknown,Unknown,Unknown,-42.48333,-73.76667
14197,Puerto Chacabuco, ,CLPCH,Chile,Chile,South Pacific Ocean,Very Small,River (Natural),,,1.8,9.4,Unknown,Unknown,Unknown,,Unknown,-45.46667,-72.83333
14640,Puerto Chanaral,Chanaral De Las Animas,CLCNR,Chile,Chile,South Pacific Ocean,Very Small,Coastal (Natural),200.0,,23.2,12.5,Unknown,Unknown,Small,Limited,Unknown,-26.35,-70.65
14330,Puerto De Corral, ,CLCRR,Chile,Chile,South Pacific Ocean,Very Small,Coastal (Natural),,,11.0,11.0,Unknown,Unknown,Small,Limited,Unknown,-39.86667,-73.43333
14270,Puerto Montt, ,CL PMC,Chile,Chile,South Pacific Ocean,Small,Coastal (Natural),,,23.2,6.4,Unknown,Unknown,Unknown,Limited,Unknown,-41.48333,-72.96667
14190,Puerto Natales, ,CLPNT,Chile,Chile,South Pacific Ocean,Very Small,Open Roadstead,,8.2,,7.9,Unknown,Unknown,Unknown,Unknown,Unknown,-51.71667,-72.56667
14250,Puerto Quemchi, ,CL QMC,Chile,Chile,South Pacific Ocean,Very Small,Coastal (Natural),,,,,Unknown,Unknown,Unknown,Limited,Unknown,-42.15,-73.48333
14470,Puerto San Antonio, ,CL SAI,Chile,Chile,South Pacific Ocean,Small,Coastal (Breakwater),,,23.2,11.0,Unknown,Unknown,Medium,Moderate,Unknown,-33.58333,-71.61667
14090,Puerto Sara, ,CL,Chile,Chile,South Pacific Ocean,Very Small,Coastal (Natural),,,,,Unknown,Unknown,Unknown,Unknown,Unknown,-52.63333,-70.2
14075,Puerto Williams, ,CLWPU,Chile,Chile,Drake Passage; South Atlantic Ocean,Very Small,Open Roadstead,,,,7.9,Unknown,Unknown,Unknown,Limited,Unknown,-54.93333,-67.6
14150,Puerto Yartou,Port Yartou; Port Yartow, ,Chile,Chile,South Pacific Ocean,Very Small,Coastal (Natural),,,23.2,1.8,Unknown,Unknown,Unknown,Unknown,Unknown,-53.88333,-70.15
14080,Punta Delgada,Delgada Point,CL,Chile,Chile,South Atlantic Ocean,Very Small,Open Roadstead,340.0,,,,Unknown,Unknown,Unknown,Unknown,Unknown,-52.46667,-69.55
14800,Rada De Arica, ,CL ARI,Chile,Chile,South Pacific Ocean,Small,Open Roadstead,,,15.5,11.0,Unknown,Unknown,Small,Limited,Small,-18.46667,-70.33333
14100,Rada Punta Arenas,Magallanes,CL PUQ,Chile,Chile,South Pacific Ocean,Small,Open Roadstead,,,,9.4,Unknown,Unknown,Small,Moderate,Unknown,-53.16667,-70.9
14420,Talcahuano, ,CLTAL,Chile,Chile,South Pacific Ocean,Small,Coastal (Natural),,,23.2,7.9,Unknown,Unknown,Medium,Major,Medium,-36.7,-73.1
14650,Taltal, ,CL TTC,Chile,Chile,South Pacific Ocean,Very Small,Coastal (Natural),,,20.1,4.9,Unknown,Unknown,Small,Limited,Unknown,-25.4,-70.48333
14720,Tocopilla, ,CLTOQ,Chile,Chile,South Pacific Ocean,Small,Open Roadstead,200.0,,23.2,11.0,Unknown,Unknown,Small,Limited,Unknown,-22.08333,-70.23333
60030,Ankingcheng,Anking; Anqing; Huai Ning, ,China,China Continued,East China Sea; North Pacific Ocean,Very Small,River (Natural),,,3.4,1.8,Unknown,Unknown,Small,,Unknown,30.51667,117.03333
57768,Basuo,Dongfong,CN BSP,China,China,Gulf of Tonkin; South China Sea; North Pacific Ocean,Small,Coastal (Breakwater),229.0,13.5,7.9,7.9,Unknown,Unknown,Medium,Limited,Unknown,19.1,108.61667
60230,Bayuquan, ,CN BYQ,China,China Continued,Bo Hai; Yellow Sea; North Pacific Ocean,Very Small,Open Roadstead,,,14.0,11.0,Unknown,Unknown,Small,Unknown,Unknown,40.3,122.08333
57750,Beihai,Pakho; Pakhoi,CN BIH,China,China,Gulf of Tonkin; South China Sea; North Pacific Ocean,Very Small,Open Roadstead,315.0,12.9,11.0,11.0,Unknown,Unknown,Unknown,Limited,Unknown,21.48333,109.06667
59974,Changshu, ,CN CGS,China,China Continued,East China Sea; North Pacific Ocean,Small,Open Roadstead,,,6.4,6.4,Unknown,Unknown,Unknown,Unknown,Unknown,31.76667,120.95
59986,Changzhou, ,CN CZX,China,China Continued,East China Sea; North Pacific Ocean,Small,Open Roadstead,,,9.4,11.0,Unknown,Unknown,Unknown,Limited,Unknown,31.96667,119.98333
57862,Chaozhou,Sanbaimen,CN COZ,China,China,South China Sea; North Pacific Ocean,Medium,Coastal (Natural),230.0,38.0,,,Unknown,Unknown,Unknown,Unknown,Unknown,23.61667,117.08333
57818,Chiwan,Mawan,CN CWN,China,China,Gulf of Tonkin; South China Sea; North Pacific Ocean,Very Small,Coastal (Breakwater),,,9.4,3.4,Unknown,Unknown,Small,Limited,Unknown,19.96667,110.03333
60180,Dagu Tanggu,Asin Kang; Hsin Kang; Tang Ku, ,China,China Continued,Bo Hai; Yellow Sea; North Pacific Ocean,Very Small,River (Natural),,,3.4,4.9,Unknown,Unknown,Large,Major,Medium,38.96667,117.66667
60250,Dalian,Dairen; Dalian; Dalian Wan; Ta Cien; Ta Lien,CN DAL,China,China Continued,Yellow Sea; North Pacific Ocean,Large,Coastal (Breakwater),,,23.2,17.1,Unknown,Unknown,Medium,Major,Medium,38.91667,121.66667
60233,Dandong, ,CN DDZ,China,China Continued,Korea Bay; Yellow Sea; North Pacific Ocean,Very Small,Open Roadstead,,,4.9,6.4,Unknown,Unknown,Medium,Limited,Unknown,39.81667,124.15
57864,Dongshan, ,CN DSN,China,China,South China Sea; North Pacific Ocean,Small,Coastal (Natural),334.0,22.5,7.2,,Unknown,Unknown,Unknown,Limited,Unknown,23.75667,117.505
57745,Fang-Cheng, ,CNFAN,China,China,Gulf of Tonkin; South China Sea; North Pacific Ocean,Medium,River (Natural),325.0,20.0,15.5,12.5,Unknown,Unknown,Unknown,Limited,Small,21.75,108.35
59860,Fuzhou,Foochou; Foochow,CN FZG,China,China Continued,East China Sea; North Pacific Ocean,Very Small,River (Natural),367.3,27.5,9.5,27.5,Yes,Yes,Unknown,Moderate,Medium,26.08333,119.3
59987,Gaogang,Taizhou,CN GAO,China,China Continued,East China Sea; North Pacific Ocean,Small,River (Natural),,,9.4,7.9,Unknown,Unknown,Unknown,Limited,Unknown,32.28333,119.85
57830,Guangzhou,Canton; Kuaung Fhou,CN GGZ,China,China,South China Sea; North Pacific Ocean,Medium,River (Natural),,,12.5,12.5,Unknown,Unknown,Small,Major,Medium,23.11667,113.23333
57760,Haikou,Hoihow,CN HIG,China,China,South China Sea; North Pacific Ocean,Very Small,Coastal (Natural),263.2,,9.4,9.4,Unknown,Unknown,Unknown,Limited,Unknown,20.05,110.28333
59930,Haimen,Haimen; Taizhou,CN HME,China,China Continued,East China Sea; North Pacific Ocean,Very Small,River (Natural),,15.3,6.4,4.9,Unknown,Unknown,Unknown,Limited,Unknown,28.68333,121.45
60060,Hankow,Wu Han,CN HNK,China,China Continued,East China Sea; North Pacific Ocean,Medium,River (Natural),,,3.4,4.9,Unknown,Unknown,Unknown,Moderate,Unknown,30.58333,114.28333
57822,Huangpu, ,CN HUA,China,China,South China Sea; North Pacific Ocean,Small,River (Natural),,,9.4,7.9,Unknown,Unknown,Small,Limited,Small,23.08333,113.41667
57825,Huangpuxingang, ,CN HUN,China,China,South China Sea; North Pacific Ocean,Small,River (Natural),,,1.8,14.0,Unknown,Unknown,Small,Limited,Medium,23.05,113.5
57859,Huizhou, ,CN HUI,China,China,South China Sea; North Pacific Ocean,Very Small,Coastal (Natural),340.0,19.8,9.4,7.9,Unknown,Unknown,Unknown,,Unknown,22.71667,114.51667
60210,Huludao Gang, ,CN HUD,China,China Continued,Bo Hai; Yellow Sea; North Pacific Ocean,Very Small,Coastal (Breakwater),,,7.9,7.9,Unknown,Unknown,Small,Moderate,Large,40.7,120.98333
59985,Jiangyin, ,CN JGY,China,China Continued,East China Sea; North Pacific Ocean,Small,River (Natural),,,6.4,7.9,Unknown,Unknown,Unknown,Limited,Unknown,31.91667,120.23333
60215,Jinzhou Wan, ,CN JNZ,China,China Continued,Bo Hai; Yellow Sea; North Pacific Ocean,Very Small,Open Roadstead,,,12.5,14.0,Unknown,Unknown,Medium,Limited,Unknown,40.75,121.1
60125,Lanshan, ,CNLSN,China,China Continued,Yellow Sea; North Pacific Ocean,Very Small,Open Roadstead,,,14.0,12.5,Unknown,Unknown,Unknown,Unknown,Unknown,35.08,119.36667
60130,Lianyungang,Laoyao; Yuntai,CNLYG,China,China Continued,Yellow Sea; North Pacific Ocean,Small,Coastal (Breakwater),,,15.5,12.5,Unknown,Unknown,Medium,Limited,Unknown,34.73333,119.45
57775,Lon Shui Terminal, , ,China,China,South China Sea; North Pacific Ocean,Large,Open Roadstead,,,23.2,,Unknown,Unknown,Unknown,,Unknown,20.83333,115.68333
60170,Longkou Gang,Lungkow,CN LKU,China,China Continued,Bo Hai; Yellow Sea; North Pacific Ocean,Small,Coastal (Natural),,,11.0,9.4,Unknown,Unknown,Unknown,Limited,Small,37.63333,120.28333
60240,Lushun,Port Arthur; Ryojun Ko,CN LSH,China,China Continued,Yellow Sea; North Pacific Ocean,Very Small,Coastal (Breakwater),,,7.9,,Unknown,Unknown,Medium,Limited,Unknown,38.78333,121.25
60000,Nanjing,Nanking,CN NJI,China,China Continued,East China Sea; North Pacific Ocean,Very Small,River (Natural),,,9.4,9.4,Unknown,Unknown,Small,Limited,Unknown,32.08333,118.75
59991,Nantong, ,CN NTG,China,China Continued,East China Sea; North Pacific Ocean,Small,River (Natural),,,9.4,7.9,Unknown,Unknown,Unknown,Limited,Medium,32.0,120.8
59940,Ningbo, ,CNNBO,China,China Continued,East China Sea; North Pacific Ocean,Small,River (Natural),,,7.9,4.9,Unknown,Unknown,Small,Moderate,Small,29.88333,121.55
60165,Penglai, ,CN PLI,China,China Continued,Yellow Sea; North Pacific Ocean,Very Small,Coastal (Natural),,,3.4,7.9,Unknown,Unknown,Unknown,Unknown,Unknown,37.81667,120.83333
60140,Qingdao Gang,Tsingtao,CN QIN,China,China Continued,Yellow Sea; North Pacific Ocean,Large,Open Roadstead,,,17.1,18.6,Unknown,Unknown,Small,Moderate,Medium,36.03333,120.26667
60200,Qinhuangdao,Chin Huang Tao; Chin Wangtao; Qinhuangdao,CN SHP,China,China Continued,Bo Hai; Yellow Sea; North Pacific Ocean,Medium,Coastal (Breakwater),,,12.5,15.5,Unknown,Unknown,Medium,Limited,Medium,39.93333,119.61667
57820,Qinzhou, ,CN QZH,China,China,Gulf of Tonkin; South China Sea; North Pacific Ocean,Very Small,Coastal (Natural),366.0,12.2,12.5,9.4,Unknown,Unknown,Unknown,Unknown,Small,21.73333,108.58333
57874,Quanzhou, ,CN QZL,China,China,Taiwan Strait; North Pacific Ocean,Small,Coastal (Natural),294.0,15.1,4.9,4.9,Unknown,Unknown,Unknown,,Unknown,24.88333,118.6
60133,Rizhao,Shijiu Zui; Shijiusuo,CNRZH,China,China Continued,Yellow Sea; North Pacific Ocean,Very Small,Coastal (Natural),,,14.0,11.0,Unknown,Unknown,Unknown,Limited,Unknown,35.38333,119.56667
57816,Sanya, ,CN SYA,China,China,Gulf of Tonkin; South China Sea; North Pacific Ocean,Very Small,Open Roadstead,261.0,6.8,6.4,3.4,Unknown,Unknown,Unknown,Limited,Unknown,18.31667,109.45
57860,Shan T Ou,Swanton; Swatou,CN STG,China,China,South China Sea; North Pacific Ocean,Small,River (Natural),349.0,14.5,8.5,17.3,Yes,Yes,Unknown,Limited,Unknown,23.36667,116.68333
59970,Shanghai,Shanghai,CNSGH,China,China Continued,East China Sea; North Pacific Ocean,Large,River (Natural),,,7.9,11.0,Unknown,Unknown,Large,Major,Large,31.21667,121.5
57777,Shekou,Chiwan,CN SHK,China,China,South China Sea; North Pacific Ocean,Medium,Coastal (Natural),400.0,16.5,12.5,15.5,Unknown,Unknown,Small,Limited,Unknown,22.46667,113.86667
57819,Shui Dong, ,CN SDG,China,China,South China Sea; North Pacific Ocean,Very Small,Coastal (Breakwater),200.0,11.5,9.4,4.9,Unknown,Unknown,Unknown,Limited,Unknown,21.48333,111.08333
60205,Suizhang Gang, , ,China,China Continued,Bo Hai; Yellow Sea; North Pacific Ocean,Very Small,Open Roadstead,,,11.0,12.5,Unknown,Unknown,Unknown,Unknown,Unknown,40.06667,121.05
59976,Taicang, ,CN TAC,China,China Continued,East China Sea; North Pacific Ocean,Very Small,Coastal (Breakwater),,,9.4,11.0,Unknown,Unknown,Unknown,Limited,Unknown,31.65,121.2
60193,Tangshan (Jingtang),Jingtang,CN TGS,China,China Continued,Bo Hai; Yellow Sea; North Pacific Ocean,Very Small,Coastal (Breakwater),340.0,19.5,11.0,9.4,Yes,Yes,Small,Unknown,Unknown,39.2,119.01667
60190,Tianjin Xin Gang,Tien Ching; Tientsin,CN TXG,China,China Continued,Bo Hai; Yellow Sea; North Pacific Ocean,Large,River (Natural),,,14.0,21.6,Unknown,Unknown,Large,Limited,Large,38.96667,117.83333
60150,Weihai, ,CN WEG,China,China Continued,Yellow Sea; North Pacific Ocean,Medium,Coastal (Natural),,,23.2,11.0,Unknown,Unknown,Unknown,Unknown,Unknown,37.5,122.1
59910,Wenzhou,Yung Chia,CNWZO,China,China Continued,East China Sea; North Pacific Ocean,Medium,River (Natural),295.0,15.0,3.4,12.5,Unknown,Unknown,Unknown,Limited,Small,28.01667,120.65
60010,Wu Hu, , ,China,China Continued,East China Sea; North Pacific Ocean,Small,River (Natural),,,6.4,4.9,Unknown,Unknown,Unknown,,Unknown,31.33333,118.36667
57870,Xiamen,Amoy,CN XMG,China,China,Taiwan Strait; North Pacific Ocean,Medium,River (Natural),400.0,17.5,9.5,17.0,Yes,Yes,Medium,Limited,Small,24.45,118.06667
57876,Xiuyu, ,CN XYG,China,China,Taiwan Strait; North Pacific Ocean,Very Small,Coastal (Breakwater),362.0,17.9,12.5,3.4,Unknown,Unknown,Unknown,Unknown,Unknown,25.23333,118.98333
57817,Yangpu, ,CN YPG,China,China,Gulf of Tonkin; South China Sea; North Pacific Ocean,Very Small,Coastal (Breakwater),340.0,20.5,7.9,12.5,Unknown,Unknown,Unknown,Limited,Unknown,19.73333,109.18333
59988,Yangzhou, ,CN YZH,China,China Continued,East China Sea; North Pacific Ocean,Small,River (Natural),,,4.9,9.4,Unknown,Unknown,Unknown,Limited,Unknown,32.26667,119.43333
60160,Yantai,Chefoo; Chin Fou,CN YTG,China,China Continued,Yellow Sea; North Pacific Ocean,Small,Coastal (Breakwater),,,14.0,14.0,Unknown,Unknown,Medium,Major,Unknown,37.55,121.45
57857,Yantian, ,CN YTN,China,China,South China Sea; North Pacific Ocean,Small,Coastal (Natural),400.0,17.6,14.0,14.0,Unknown,Unknown,Small,Limited,Unknown,22.58333,114.26667
60220,Yingkou,Newchwang,CN YIK,China,China Continued,Bo Hai; Yellow Sea; North Pacific Ocean,Small,Coastal (Breakwater),,,4.9,4.9,Unknown,Unknown,Small,Limited,Unknown,40.68333,122.23333
59990,Zhangjiangang, ,CN ZJG,China,China Continued,East China Sea; North Pacific Ocean,Small,River (Natural),,,9.4,9.4,Unknown,Unknown,Unknown,Limited,Unknown,31.96667,120.4
57872,Zhangzhou, ,CN ZZU,China,China,Taiwan Strait; North Pacific Ocean,Small,Coastal (Natural),295.0,15.0,11.0,6.4,Unknown,Unknown,Small,Unknown,Unknown,24.68333,118.15
57770,Zhanjiang,Fort Bayard; Hsi Ying; Tsamkong,CN ZNG,China,China,South China Sea; North Pacific Ocean,Small,River (Natural),362.0,15.5,11.0,12.5,Unknown,Unknown,Small,Limited,Unknown,21.2,110.4
59963,Zhapu,Chapu; Hangzhou,CN ZPU,China,China Continued,East China Sea; North Pacific Ocean,Small,Open Roadstead,,,7.9,11.0,Unknown,Unknown,Unknown,Limited,Small,30.58333,121.08333
59950,Zhen Hai,Chen-hai; Chinhai,CN ZHI,China,China Continued,East China Sea; North Pacific Ocean,Very Small,River (Natural),,,4.9,6.4,Unknown,Unknown,Medium,Moderate,Unknown,29.95,121.7
59995,Zhenjiang,Chinkiang,CN ZHE,China,China Continued,East China Sea; North Pacific Ocean,Small,River (Natural),,,9.4,11.0,Unknown,Unknown,Medium,Limited,Unknown,32.21667,119.43333
59960,Zhoushan,Dinghai,CN ZOS,China,China Continued,East China Sea; North Pacific Ocean,Small,Coastal (Natural),,23.0,21.6,23.2,Unknown,Unknown,Unknown,Limited,Medium,30.0,122.1
57821,Zhuhai, ,CN ZUH,China,China,South China Sea; North Pacific Ocean,Very Small,Coastal (Breakwater),345.0,16.2,7.9,4.9,Unknown,Unknown,Unknown,Limited,Unknown,22.23333,113.58333
50910,Flying Fish Cove, ,CX FFC,Christmas Island,Christmas Island,Indian Ocean,Medium,Coastal (Natural),,,23.2,4.9,Unknown,Unknown,Unknown,,Unknown,-10.41667,105.7
11930,Barranquilla, ,COBAQ,Colombia,Colombia North Coast,Caribbean Sea; North Atlantic Ocean,Medium,River (Natural),200.0,12.5,7.9,9.4,Yes,Yes,Small,Moderate,Small,10.96667,-74.76667
15370,Buenaventura, ,COBUN,Colombia,Colombia West Coast,North Pacific Ocean,Medium,Coastal (Natural),368.5,13.9,7.9,9.4,Unknown,Unknown,Small,Major,Unknown,3.88333,-77.06667
11910,Cartagena, ,COCTG,Colombia,Colombia North Coast,Caribbean Sea; North Atlantic Ocean,Medium,Coastal (Natural),366.5,13.1,11.0,12.5,Yes,Yes,Small,Major,Medium,10.41667,-75.53333
11900,Covenas,Covenas Offshore Tanker Terminal,CO CVE,Colombia,Colombia North Coast,Caribbean Sea; North Atlantic Ocean,Small,Open Roadstead,,,23.2,7.9,Unknown,Unknown,Unknown,Limited,Unknown,9.41667,-75.68333
11901,Covenas Offshore Term., ,CO COV,Colombia,Colombia North Coast,Caribbean Sea; North Atlantic Ocean,Very Small,Open Roadstead,,,23.2,,Unknown,Unknown,Unknown,Limited,Unknown,9.5,-75.73333
11908,El Bosque, ,COEBQ,Colombia,Colombia North Coast,Caribbean Sea; North Atlantic Ocean,Small,Coastal (Natural),,,12.5,11.0,Unknown,Unknown,Unknown,Limited,Unknown,10.4,-75.53333
11905,Mamonal, ,COMAM,Colombia,Colombia North Coast,Caribbean Sea; North Atlantic Ocean,Small,Open Roadstead,,,9.4,6.4,Unknown,Unknown,Small,Limited,Unknown,10.31667,-75.51667
11935,Pozos Colorados, ,CO POC,Colombia,Colombia North Coast,Caribbean Sea; North Atlantic Ocean,Small,Open Roadstead,,,,,Unknown,Unknown,Small,Limited,Unknown,11.15,-74.25
11946,Puerto Bolivar, ,CO PBO,Colombia,Colombia North Coast,Caribbean Sea; North Atlantic Ocean,Small,Coastal (Breakwater),300.0,17.5,9.4,17.1,Yes,Yes,Medium,,Unknown,12.25,-71.96667
11934,Puerto Prodeco,Puerto Zuniga,CO PPR,Colombia,Colombia North Coast,Caribbean Sea; North Atlantic Ocean,Small,Open Roadstead,,,,,Unknown,Unknown,Unknown,Unknown,Unknown,11.15,-74.21667
9768,San Andres Island, ,COADZ,Colombia, ,Caribbean Sea; North Atlantic Ocean,Unknown, ,,5.3,,,Unknown,Unknown,Unknown,Unknown,Unknown,12.56667,-81.7
11940,Santa Marta, ,CO SMR,Colombia,Colombia North Coast,Caribbean Sea; North Atlantic Ocean,Small,Coastal (Natural),270.0,14.3,23.2,15.5,Yes,Yes,Large,Limited,Unknown,11.25,-74.21667
15360,Tumaco, ,COTCO,Colombia,Colombia West Coast,North Pacific Ocean,Very Small,Open Roadstead,,8.5,6.4,6.4,Unknown,Unknown,Unknown,Unknown,Unknown,1.81667,-78.75
11880,Turbo, ,CO TRB,Colombia,Colombia North Coast,Caribbean Sea; North Atlantic Ocean,Very Small,Open Roadstead,,,12.5,11.0,Unknown,Yes,Unknown,Unknown,Unknown,8.08333,-76.73333
47340,Dzaoudzi, ,KM DZA,Comoros,Comoros,Mozambique Channel; Indian Ocean,Very Small,Open Roadstead,,,4.9,11.0,Unknown,Unknown,Unknown,Limited,Unknown,-12.78333,45.25
47310,Fomboni,Fumboni,KM FOU,Comoros,Comoros,Mozambique Channel; Indian Ocean,Very Small,Open Roadstead,,,23.2,15.5,Unknown,Unknown,Unknown,,Unknown,-12.26667,43.75
47300,Moroni, ,KM YVA,Comoros,Comoros,Mozambique Channel; Indian Ocean,Very Small,Open Roadstead,,,23.2,3.4,Unknown,Unknown,Unknown,Unknown,Unknown,-11.7,43.25
47320,Moutsamoudu,Matsamudu,KM MUT,Comoros,Comoros,Indian Ocean,Very Small,Open Roadstead,,,9.4,7.9,Unknown,Unknown,Unknown,,Unknown,-12.15,44.4
46472,Djeno Terminal, ,CG DJE,Congo (Brazzaville),Congo,South Atlantic Ocean,Very Small,Open Roadstead,,,21.6,,Unknown,Unknown,Unknown,,Unknown,-4.93333,11.9
46473,N'kossa Terminal,FSO Nkossa II,CG NKO,Congo (Brazzaville),Congo,South Atlantic Ocean,Very Small,Open Roadstead,,,23.2,,Unknown,Unknown,Unknown,,Unknown,-5.26667,11.56667
46470,Pointe Noire,Balck Point Bay,CG PNR,Congo (Brazzaville),Congo,South Atlantic Ocean,Small,Coastal (Breakwater),366.5,16.0,11.5,,Yes,Yes,Large,Moderate,Small,-4.78333,11.83333
46460,Yombo Terminal,FPSO La Noumbi,CG YOM,Congo (Brazzaville),Congo,South Atlantic Ocean,Very Small,Open Roadstead,,,200.0,,Unknown,Unknown,Unknown,,Unknown,-4.45,11.1
46510,Banana, ,CD BNW,Congo (Kinshasa),Congo,South Atlantic Ocean,Very Small,River (Natural),130.0,5.5,4.9,5.8,Unknown,Unknown,Unknown,,Unknown,-5.98333,12.38333
46520,Boma, ,CD BOA,Congo (Kinshasa),Congo,South Atlantic Ocean,Small,River (Natural),178.5,7.2,7.9,9.4,Unknown,Unknown,Medium,Moderate,Small,-5.85,13.05
46530,Matadi, ,CD MAT,Congo (Kinshasa),Congo,South Atlantic Ocean,Small,River (Natural),189.9,10.0,7.9,12.0,Yes,Yes,Small,,Unknown,-5.81667,13.45
55740,Avatiu,Avarua; Port Hutt,CK AVA,Cook Islands,Cook Islands,South Pacific Ocean,Very Small,Coastal (Natural),120.0,8.1,4.9,4.9,Unknown,Unknown,Unknown,Limited,Unknown,-21.2,-159.78333
15480,Golfito, ,CR GLF,Costa Rica,Costa Rica West Coast,North Pacific Ocean,Small,Coastal (Natural),250.0,9.0,7.3,9.5,Unknown,Unknown,,Moderate,Unknown,8.63333,-83.16667
15500,Puerto Caldera, ,CR CAL,Costa Rica,Costa Rica West Coast,North Pacific Ocean,Very Small,Coastal (Natural),299.5,12.7,13.0,13.0,Yes,Yes,,Limited,Unknown,9.91667,-84.71667
9810,Puerto Limon,Limon; Puerto Moin,CR LIO,Costa Rica,Costa Rica E Coast,Caribbean Sea; North Atlantic Ocean,Very Small,Coastal (Breakwater),300.0,11.8,11.5,11.0,Yes,Yes,Small,Limited,Unknown,9.98333,-83.01667
9805,Puerto Moin,Puerto Limon,CR PMN,Costa Rica,Costa Rica E Coast,Caribbean Sea; North Atlantic Ocean,Very Small,Coastal (Breakwater),,,11.0,11.0,Unknown,Unknown,Small,Limited,Unknown,10.0,-83.08333
15490,Puerto Quepos,Punta Quepos,CR XQP,Costa Rica,Costa Rica West Coast,North Pacific Ocean,Very Small,Coastal (Natural),,,,7.9,Unknown,Unknown,,Unknown,Unknown,9.43333,-84.16667
15510,Puntarenas,Punta Arenas,CR PAS,Costa Rica,Costa Rica West Coast,North Pacific Ocean,Very Small,Open Roadstead,,,10.0,9.7,Unknown,Unknown,,Moderate,Unknown,9.98333,-84.83333
46000,Abidjan, ,CI ABJ,Cote D'Ivoire,Ivory Coast,North Atlantic Ocean,Large,Canal or Lake,400.0,11.5,13.5,12.5,Yes,Yes,Unknown,Major,Small,5.25,-4.01667
45970,Baobab Marine Terminal,Baobab Ivoirien MV10,CI BAO,Cote D'Ivoire,Ivory Coast,North Atlantic Ocean,Very Small,Open Roadstead,,,,,Unknown,Unknown,Unknown,,Unknown,4.96667,-4.55
46008,Espoir Marine Terminal,Espoir Ivoirien,CI ESP,Cote D'Ivoire,Ivory Coast,North Atlantic Ocean,Very Small,Open Roadstead,332.0,,,,Unknown,Unknown,,,Unknown,5.05,-4.45
45990,Port Bouet,Bouet; Pickaninny Bassam,CI PBT,Cote D'Ivoire,Ivory Coast,North Atlantic Ocean,Very Small,Open Roadstead,350.0,21.0,23.2,,Unknown,Unknown,Unknown,Moderate,Unknown,5.23333,-3.96667
45963,San Pedro, ,CI SPY,Cote D'Ivoire,Ivory Coast,North Atlantic Ocean,Very Small,Coastal (Breakwater),294.1,14.0,13.5,9.0,Yes,Yes,,,,4.73778,-6.61111
41030,Bakar,Buccari,HR BAK,Croatia,Croatia,Adriatic Sea; Mediterranean Sea; North Atlantic Ocean,Small,Coastal (Natural),,,23.2,17.1,Unknown,Unknown,Small,Unknown,Unknown,45.3,14.53333
40985,Brsica,Arsa; Luka Rasa; Rasa; Valdivagna; Zaliv Rasa, ,Croatia,Croatia,Adriatic Sea; Mediterranean Sea; North Atlantic Ocean,Very Small,Coastal (Natural),,,,11.0,Unknown,Unknown,Unknown,Unknown,Unknown,45.03333,14.05
41550,Dubrovnik,Ragusa,HR DBV,Croatia,Croatia,Adriatic Sea; Mediterranean Sea; North Atlantic Ocean,Small,Coastal (Natural),,,23.2,3.4,Unknown,Unknown,Small,Limited,Unknown,42.66667,18.08333
41350,Dugi Rat, ,HR DUR,Croatia,Croatia,Adriatic Sea; Mediterranean Sea; North Atlantic Ocean,Very Small,Coastal (Natural),,,23.2,,Unknown,Unknown,Unknown,Unknown,Unknown,43.45,16.65
41420,Korcula, ,HR KOR,Croatia,Croatia,Adriatic Sea; Mediterranean Sea; North Atlantic Ocean,Very Small,Coastal (Natural),,,23.2,23.2,Unknown,Unknown,Unknown,Limited,Unknown,42.93333,17.13333
41045,Omisalj, ,HR OMI,Croatia,Croatia,Adriatic Sea; Mediterranean Sea; North Atlantic Ocean,Small,Coastal (Natural),,,23.2,,Unknown,Unknown,Unknown,Unknown,Unknown,45.21667,14.55
41410,Ploce,Kardelievo; Kardeljevo,HR PLE,Croatia,Croatia,Adriatic Sea; Mediterranean Sea; North Atlantic Ocean,Very Small,Coastal (Natural),,,9.4,3.4,Unknown,Unknown,Large,Limited,Unknown,43.05,17.43333
40960,Pula,Rada Di Pola,HR PUY,Croatia,Croatia,Adriatic Sea; Mediterranean Sea; North Atlantic Ocean,Very Small,Coastal (Breakwater),,,7.9,3.4,Unknown,Unknown,Small,Moderate,Medium,44.88333,13.8
41010,Rijeka Luka,Baross; Branjoica; Brgud; Fiume; Luka Rijeka; Nazar Sauro; Susacka; Susaka,HR RJK,Croatia,Croatia,Adriatic Sea; Mediterranean Sea; North Atlantic Ocean,Large,River (Basins),,,17.1,6.4,Unknown,Unknown,Large,Major,Medium,45.33333,14.43333
40940,Rovinj,Rovigno Distria,HR ROV,Croatia,Croatia,Adriatic Sea; Mediterranean Sea; North Atlantic Ocean,Small,Coastal (Breakwater),,,4.9,4.9,Unknown,Unknown,Small,,Unknown,45.08333,13.63333
41090,Senj,Luka Senj,HR SEN,Croatia,Croatia,Adriatic Sea; Mediterranean Sea; North Atlantic Ocean,Very Small,Coastal (Natural),,,14.0,1.8,Unknown,Unknown,Unknown,Unknown,Unknown,44.98333,14.9
41290,Sibenik,Sebenico,HR SIB,Croatia,Croatia,Adriatic Sea; Mediterranean Sea; North Atlantic Ocean,Small,Coastal (Natural),,,21.6,4.9,Unknown,Unknown,Small,Limited,Small,43.73333,15.88333
41320,Split, ,HR SPU,Croatia,Croatia,Adriatic Sea; Mediterranean Sea; North Atlantic Ocean,Large,Coastal (Breakwater),,,12.5,6.4,Unknown,Unknown,Medium,Moderate,Small,43.5,16.43333
40880,Umag, ,HR UMG,Croatia,Croatia,Adriatic Sea; Mediterranean Sea; North Atlantic Ocean,Very Small,Coastal (Breakwater),,,6.4,4.9,Unknown,Unknown,Unknown,Limited,Unknown,45.43333,13.51667
41220,Zadar,Zara,HR ZAD,Croatia,Croatia,Adriatic Sea; Mediterranean Sea; North Atlantic Ocean,Small,Coastal (Natural),,,7.9,6.4,Unknown,Unknown,Small,Limited,Small,44.11667,15.21667
40980,Zaliv Rasa, ,HR RAS,Croatia,Croatia,Adriatic Sea; Mediterranean Sea; North Atlantic Ocean,Very Small,Coastal (Natural),,,23.2,14.0,Unknown,Unknown,Small,Unknown,Unknown,45.05,14.06667
10230,Antilla, ,CUANT,Cuba,Cuba North Coast,North Atlantic Ocean,Large,Coastal (Natural),169.0,6.7,12.5,6.4,Yes,Unknown,Medium,,Unknown,20.83333,-75.73333
10100,Bahai De La Habana,Havana,CU HAV,Cuba,Cuba North Coast,Gulf of Mexico; North Atlantic Ocean,Large,Coastal (Breakwater),268.3,10.0,12.5,9.4,Yes,Yes,Medium,Major,Medium,23.13333,-82.36667
10270,Bahia De Sagua De Tanamo,Cayo Mambi; Puerto Tanamo,CUSDT,Cuba,Cuba North Coast,North Atlantic Ocean,Large,Open Roadstead,106.0,6.1,20.1,6.4,Yes,Unknown,Unknown,,Unknown,20.68333,-75.33333
10070,Bahia Honda, ,CU BHO,Cuba, ,Gulf of Mexico; North Atlantic Ocean,Unknown, ,150.0,6.7,,,Yes,Unknown,Unknown,Unknown,Unknown,22.96667,-83.16667
10210,Banes, ,CUBAN,Cuba, ,North Atlantic Ocean,Unknown, ,106.0,7.0,,,Unknown,Unknown,Unknown,Unknown,Unknown,20.91667,-75.71667
10290,Baracoa, ,CUBCA,Cuba, ,North Atlantic Ocean,Unknown, ,,,,,Unknown,Unknown,Unknown,Unknown,Unknown,20.35,-74.5
10080,Cabanas, ,CU CAB,Cuba,Cuba North Coast,Gulf of Mexico; North Atlantic Ocean,Medium,Coastal (Natural),,,6.4,6.4,Unknown,Unknown,Unknown,,Unknown,23.0,-82.96667
10140,Caibarien, ,CUCAI,Cuba, ,North Atlantic Ocean,Unknown, ,,2.0,,,No,Unknown,Unknown,Unknown,Unknown,22.53333,-79.46667
10120,Cardenas, ,CU CAR,Cuba,Cuba North Coast,Straits of Florida; North Atlantic Ocean,Small,Open Roadstead,170.7,5.2,4.9,4.9,Yes,Unknown,Medium,Limited,Unknown,23.05,-81.2
10530,Casilda,Trinidad,CU CAS,Cuba,Cuba South Coast,Caribbean Sea; North Atlantic Ocean,Medium,Coastal (Natural),170.0,7.6,6.4,6.4,Unknown,Unknown,Small,,Unknown,21.75,-79.98333
10280,Cayo Moa Grande, ,CUMOA,Cuba,Cuba North Coast,North Atlantic Ocean,Small,Coastal (Breakwater),170.0,9.2,11.0,11.0,Yes,Yes,Unknown,Limited,Unknown,20.66667,-74.9
10430,Ceiba Hueca, ,CU CEI,Cuba,Cuba South Coast,Caribbean Sea; North Atlantic Ocean,Very Small,Open Roadstead,,,9.4,7.9,Unknown,Unknown,Unknown,,Unknown,20.21667,-77.31667
10540,Cienfuegos, ,CU CFG,Cuba,Cuba South Coast,Caribbean Sea; North Atlantic Ocean,Large,Coastal (Natural),185.0,11.5,11.0,9.4,Yes,Unknown,Medium,Limited,Unknown,22.15,-80.45
10250,Felton, ,CUFEL,Cuba,Cuba North Coast,North Atlantic Ocean,Small,Coastal (Natural),177.0,7.3,4.9,7.9,Yes,Unknown,Medium,Unknown,Unknown,20.73333,-75.6
10470,Guayabal, ,CU GYB,Cuba,Cuba South Coast,Caribbean Sea; North Atlantic Ocean,Small,Open Roadstead,170.0,10.0,12.5,9.4,Yes,Unknown,Small,,Unknown,20.7,-77.61667
10130,Isabela De Sagua,Isabela; La Isabella; Sagua La Grande,CU IDS,Cuba,Cuba North Coast,Straits of Florida; North Atlantic Ocean,Small,Open Roadstead,170.0,6.9,6.4,4.9,Yes,Unknown,Medium,Limited,Unknown,22.95,-80.0
10500,Jucaro, ,CU JUC,Cuba,Cuba South Coast,Caribbean Sea; North Atlantic Ocean,Very Small,Open Roadstead,,,7.9,9.4,Unknown,Unknown,Unknown,,Unknown,21.61667,-78.85
10158,Manati,Puerto Manati,CU MNT,Cuba,Cuba North Coast,North Atlantic Ocean,Small,River (Natural),165.0,9.6,15.5,9.4,Yes,Unknown,Small,Limited,Unknown,21.36667,-76.81667
10460,Manzanillo, ,CU MZO,Cuba,Cuba South Coast,Caribbean Sea; North Atlantic Ocean,Very Small,Open Roadstead,,,9.4,9.4,Yes,Unknown,Unknown,Limited,Unknown,20.35,-77.11667
10090,Mariel,Boca Del Mariel,CU MAR,Cuba,Cuba North Coast,Gulf of Mexico; North Atlantic Ocean,Small,Coastal (Breakwater),211.9,8.5,9.4,7.9,Yes,Yes,Medium,,Unknown,22.98333,-82.75
10110,Matanzas, ,CU QMA,Cuba,Cuba North Coast,Straits of Florida; North Atlantic Ocean,Small,Coastal (Natural),252.0,17.0,14.0,11.0,Yes,Unknown,Small,Limited,Unknown,23.05,-81.55
10420,Media Luna, ,CU MEL,Cuba,Cuba South Coast,Caribbean Sea; North Atlantic Ocean,Very Small,Open Roadstead,,,9.4,6.4,Unknown,Unknown,Small,,Unknown,20.15,-77.43333
10260,Nicaro, ,CUICR,Cuba,Cuba North Coast,North Atlantic Ocean,Small,Coastal (Natural),,8.5,14.0,7.9,Unknown,Unknown,Unknown,,Unknown,20.71667,-75.55
10550,Nueva Gerona,Isla De Pinos,CU GER,Cuba,Cuba South Coast,Caribbean Sea; North Atlantic Ocean,Very Small,Open Roadstead,152.0,5.8,4.9,4.9,Yes,Unknown,Unknown,,Unknown,21.91667,-82.8
10150,Nuevitas Bay,Nuevitas; Pastelillo; Puerto Tarafa,CU NVT,Cuba,Cuba North Coast,North Atlantic Ocean,Large,Coastal (Natural),195.0,10.0,9.4,4.9,Yes,Unknown,Medium,Limited,Unknown,21.55,-77.26667
10505,Palo Alto, ,CUPAL,Cuba, ,Caribbean Sea; North Atlantic Ocean,Unknown, ,90.0,5.5,,,Yes,Unknown,Unknown,Unknown,Unknown,21.58333,-78.96667
10240,Preston, ,CUPST,Cuba, ,North Atlantic Ocean,Unknown, ,,6.1,,,Unknown,Unknown,Unknown,Unknown,Unknown,20.76667,-75.65
10320,Puerto Guantanamo,Deseo; El Deseo,CU GUB,Cuba,Cuba South Coast,Caribbean Sea; North Atlantic Ocean,Large,Coastal (Natural),,5.8,12.5,4.9,Yes,Unknown,Medium,Unknown,Unknown,19.98333,-75.13333
10160,Puerto Padre,Bahia De Manati; Cayo Juan Claro; Puerto Manati,CU PPA,Cuba,Cuba North Coast,North Atlantic Ocean,Small,Coastal (Natural),170.0,9.1,7.9,7.9,Yes,Unknown,Small,Limited,Unknown,21.28333,-76.53333
10480,Santa Cruz del Sur, ,CUSCS,Cuba, ,Caribbean Sea; North Atlantic Ocean,Unknown, ,,3.0,,,Unknown,Unknown,Unknown,Unknown,Unknown,20.7,-77.98333
10050,Santa Lucia, ,CU SLU,Cuba, ,Gulf of Mexico; North Atlantic Ocean,Unknown, ,,,,,Yes,Unknown,Unknown,Unknown,Unknown,22.66667,-83.96667
10370,Santiago De Cuba, ,CU SCU,Cuba,Cuba South Coast,Caribbean Sea; North Atlantic Ocean,Medium,Coastal (Natural),214.0,10.9,7.9,7.9,Yes,Yes,Small,Limited,Unknown,20.01667,-75.83333
10520,Tunas De Zaza, ,CU TDZ,Cuba,Cuba South Coast,Caribbean Sea; North Atlantic Ocean,Very Small,Open Roadstead,,,6.4,7.9,Unknown,Unknown,Unknown,,Unknown,21.63333,-79.55
10190,Vita, ,CUVIT,Cuba, ,North Atlantic Ocean,Unknown, ,160.0,9.0,,,Yes,Unknown,Unknown,Unknown,Unknown,21.1,-75.96667
11820,Bullen Baai,Curacao Oil Terminal,CWBUB,Curacao,Curacao,Caribbean Sea; North Atlantic Ocean,Medium,Open Roadstead,,28.7,21.6,,Unknown,Unknown,Medium,Limited,Unknown,12.18333,-69.03333
11800,Caracasbaai,Caracas Bay,CWCRB,Curacao,Curacao,Caribbean Sea; North Atlantic Ocean,Small,Open Roadstead,320.0,,14.0,12.5,Unknown,Unknown,Unknown,Limited,Small,12.06667,-68.86667
11821,Sint Michelsbaai, ,CW SMB,Curacao,Curacao,Caribbean Sea; North Atlantic Ocean,Very Small,Open Roadstead,,,,23.2,Unknown,Unknown,Unknown,Limited,Unknown,12.13333,-69.01667
11810,Willemstad, ,CWWIL,Curacao,Curacao,Caribbean Sea; North Atlantic Ocean,Medium,Coastal (Breakwater),362.1,13.7,14.0,14.0,Yes,Yes,Unknown,Major,Medium,12.11667,-68.93333
44965,Dhekelia, ,CY DHK,Cyprus,Cyprus,Mediterranean Sea; North Atlantic Ocean,Very Small,Open Roadstead,,,9.4,6.4,Unknown,Unknown,Unknown,,Unknown,34.96667,33.71667
44970,Famagusta, ,CY FMG,Cyprus,Cyprus,Mediterranean Sea; North Atlantic Ocean,Small,Coastal (Breakwater),,,9.4,9.4,Unknown,Unknown,Small,Limited,Medium,35.11667,33.93333
44900,Kyrenia, ,CY KYR,Cyprus,Cyprus,Mediterranean Sea; North Atlantic Ocean,Very Small,Coastal (Breakwater),,,7.9,7.9,Unknown,Unknown,Unknown,Limited,Small,35.35,33.33333
44960,Larnaca, ,CY LCA,Cyprus,Cyprus,Mediterranean Sea; North Atlantic Ocean,Small,Coastal (Breakwater),,,12.5,11.0,Unknown,Unknown,Unknown,Limited,Unknown,34.91667,33.65
44950,Limassol, ,CY LMS,Cyprus,Cyprus,Mediterranean Sea; North Atlantic Ocean,Medium,Coastal (Breakwater),,,14.0,14.0,Yes,Yes,Unknown,Limited,Medium,34.64889,33.01972
44910,Xeros,Kara Vostasi; New Soli,CY KAR,Cyprus,Cyprus,Mediterranean Sea; North Atlantic Ocean,Very Small,Open Roadstead,,,23.2,1.8,Unknown,Unknown,Unknown,Limited,Unknown,35.13333,32.83333
30100,Abenra,Apenrade,DK AAB,Denmark,Jylland,Baltic Sea; North Atlantic Ocean,Small,Coastal (Breakwater),,,11.0,6.4,Unknown,Unknown,Small,Major,Unknown,55.05,9.43333
29800,Aeroskobing, , ,Denmark,Aero,Baltic Sea; North Atlantic Ocean,Very Small,Coastal (Breakwater),,,3.4,4.9,Unknown,Unknown,Unknown,Limited,Small,54.88333,10.41667
30400,Alborg,Aalborg,DKAAL,Denmark,Jylland,Kattegat; North Atlantic Ocean,Small,River (Natural),250.0,9.4,9.4,9.4,Yes,Yes,Small,Major,Small,57.05,9.93333
30260,Arhus,Aarhus,DK AAR,Denmark,Jylland,Kattegat; North Atlantic Ocean,Medium,Coastal (Breakwater),450.0,15.0,11.0,7.9,Yes,Yes,Large,Limited,Medium,56.15,10.21667
29930,Assens, ,DK ASN,Denmark,Fyn,Baltic Sea; North Atlantic Ocean,Small,Coastal (Breakwater),130.0,6.8,6.4,6.4,Yes,No,Small,Limited,Unknown,55.26667,9.88333
30095,Augustenborg, ,DK AUB,Denmark,Jylland,Baltic Sea; North Atlantic Ocean,Small,Coastal (Natural),,,3.4,3.4,Unknown,Unknown,Unknown,Unknown,Unknown,54.95,9.86667
29670,Bandholm, ,DK BDX,Denmark,Lolland,Baltic Sea; North Atlantic Ocean,Small,Coastal (Breakwater),128.0,5.3,4.9,3.4,Yes,No,Medium,Limited,Unknown,54.83333,11.5
29130,Christianso Harbor, ,DK CSO,Denmark,Bornholm,Baltic Sea; North Atlantic Ocean,Very Small,Coastal (Breakwater),,,1.8,,Unknown,Unknown,Small,Unknown,Unknown,55.31667,15.18333
30105,Ensted, ,DK ENS,Denmark,Jylland,Baltic Sea; North Atlantic Ocean,Very Small,Open Roadstead,,,12.5,15.5,Unknown,Unknown,Unknown,Limited,Unknown,55.01667,9.43333
30640,Esbjerg, ,DK EBJ,Denmark,Jylland,North Sea; North Atlantic Ocean,Small,Coastal (Natural),,,9.4,7.9,Unknown,Unknown,Small,Limited,Small,55.46667,8.45
29940,Faborg,Faaborg,DK FAA,Denmark,Fyn,Baltic Sea; North Atlantic Ocean,Small,Coastal (Natural),,5.0,6.4,3.4,No,No,Small,Limited,Unknown,55.1,10.25
29180,Fakse Ladeplads Havn,Faxe Haven,DK FAK,Denmark,Sjaelland,Baltic Sea; North Atlantic Ocean,Very Small,Coastal (Breakwater),,,3.4,3.4,Unknown,Unknown,Small,Limited,Unknown,55.21667,12.16667
30170,Fredericia, ,DK FRC,Denmark,Jylland,Kattegat; North Atlantic Ocean,Small,Coastal (Natural),,,14.0,4.9,Unknown,Unknown,Large,Limited,Medium,55.56667,9.76667
30430,Frederikshavn, ,DK FDH,Denmark,Jylland,Kattegat; North Atlantic Ocean,Small,Coastal (Breakwater),186.9,14.0,7.9,6.4,Yes,No,Medium,Major,Medium,57.43333,10.55
29420,Frederikssund, ,DK FDS,Denmark,Sjaelland,Kattegat; North Atlantic Ocean,Very Small,Coastal (Breakwater),,,1.8,4.9,Unknown,Unknown,Small,,Unknown,55.83333,12.05
29410,Frederiksvaerk, ,DK FDV,Denmark,Sjaelland,Kattegat; North Atlantic Ocean,Very Small,Coastal (Breakwater),,,3.4,4.9,Unknown,Unknown,Small,Limited,Unknown,55.96667,12.01667
30290,Grenaa Havn, ,DK GRE,Denmark,Jylland,Kattegat; North Atlantic Ocean,Very Small,Coastal (Breakwater),190.0,9.2,4.9,3.4,Yes,Yes,Small,Limited,Unknown,56.41667,10.93333
29546,Gulfhaven, ,DK GFH,Denmark,Sjaelland,Baltic Sea; North Atlantic Ocean,Very Small,Open Roadstead,,,4.9,,Unknown,Unknown,Unknown,Limited,Unknown,55.2,11.26667
30120,Haderslev, ,DK HAD,Denmark,Jylland,Baltic Sea; North Atlantic Ocean,Small,River (Basins),110.0,6.0,4.9,1.8,No,No,Small,Limited,Unknown,55.25,9.5
30340,Hadsund, ,DK HSU,Denmark,Jylland,Kattegat; North Atlantic Ocean,Very Small,Coastal (Natural),120.0,5.2,4.9,4.9,Yes,No,Small,Limited,Unknown,56.71667,10.11667
30380,Hals, ,DK HAS,Denmark,Jylland,Kattegat; North Atlantic Ocean,Very Small,River (Natural),,5.7,11.0,1.8,Yes,No,Small,Limited,Small,56.98333,10.31667
30455,Hanstholm, ,DK HAN,Denmark,Jylland,North Sea; North Atlantic Ocean,Very Small,Coastal (Breakwater),,7.8,6.4,6.4,Yes,No,Small,Limited,Small,57.13333,8.6
29120,Hasle, ,DK HSL,Denmark,Bornholm,Baltic Sea; North Atlantic Ocean,Very Small,Coastal (Breakwater),,,3.4,3.4,Unknown,Unknown,Medium,Limited,Unknown,55.18333,14.7
29350,Helsingor,Elsingor,DK HLS,Denmark,Sjaelland,Baltic Sea; North Atlantic Ocean,Very Small,Coastal (Breakwater),,,,4.9,Unknown,Unknown,Small,Limited,Unknown,56.03333,12.61667
30450,Hirtshals, ,DK HIR,Denmark,Jylland,Skagerrak; North Atlantic Ocean,Very Small,Coastal (Breakwater),200.0,7.0,7.9,6.4,Yes,No,Small,Moderate,Medium,57.6,9.96667
30360,Hobro, ,DK HBO,Denmark,Jylland,Kattegat; North Atlantic Ocean,Very Small,River (Natural),,,4.9,4.9,Unknown,Unknown,Small,Limited,Unknown,56.63333,9.8
29440,Holbaek, ,DK HBK,Denmark,Sjaelland,Kattegat; North Atlantic Ocean,Very Small,Coastal (Breakwater),,,4.9,4.9,Unknown,Unknown,Small,Limited,Unknown,55.71667,11.71667
30500,Holstebro-Stuer, ,DK HSB,Denmark,Jylland,Kattegat; North Atlantic Ocean,Small,Coastal (Breakwater),,,3.4,3.4,Unknown,Unknown,Medium,Limited,Unknown,56.5,8.58333
30230,Horsens, ,DK HOR,Denmark,Jylland,Kattegat; North Atlantic Ocean,Very Small,Coastal (Breakwater),140.5,6.3,6.4,4.9,Yes,No,Small,Limited,Unknown,55.86667,9.85
29390,Hundested Havn, ,DK HUN,Denmark,Sjaelland,Kattegat; North Atlantic Ocean,Very Small,Coastal (Breakwater),,,3.4,4.9,Yes,Yes,Small,Limited,Unknown,55.96667,11.85
29490,Kalundborg, ,DK KAL,Denmark,Sjaelland,Kattegat; North Atlantic Ocean,Small,Coastal (Breakwater),285.0,12.2,12.5,11.0,Yes,Yes,Small,Moderate,Unknown,55.68333,11.1
29870,Kerteminde, ,DK KTD,Denmark,Fyn,Kattegat; North Atlantic Ocean,Very Small,Coastal (Breakwater),120.0,4.2,1.8,3.4,Yes,No,Unknown,Limited,Unknown,55.45,10.66667
29230,Kobenhavn,Copenhagen,DK CPH,Denmark,Sjaelland,Baltic Sea; North Atlantic Ocean,Large,Coastal (Breakwater),339.8,,7.9,6.4,Yes,Yes,Large,Limited,Unknown,55.7,12.61667
29220,Koge, ,DK KOG,Denmark,Sjaelland,Baltic Sea; North Atlantic Ocean,Very Small,Coastal (Breakwater),,,4.9,6.4,Unknown,Unknown,Small,Limited,Small,55.45,12.2
30160,Kolding, ,DK KOL,Denmark,Jylland,Kattegat; North Atlantic Ocean,Small,River (Basins),190.0,6.8,7.0,6.4,Yes,Yes,Medium,Limited,Medium,55.48333,9.5
29520,Korsor, ,DK KRR,Denmark,Sjaelland,Baltic Sea; North Atlantic Ocean,Small,Coastal (Breakwater),,,4.9,4.9,Unknown,Unknown,Medium,Limited,Unknown,55.33333,11.13333
29435,Kyndbyvaerkets,Kyndby; Kyndby Vaerkets;,DK KBY,Denmark,Sjaelland,Kattegat; North Atlantic Ocean,Very Small,Coastal (Breakwater),250.0,6.0,3.4,6.4,Yes,No,Unknown,Unknown,Small,55.81667,11.88333
30480,Lemvig, ,DK LVG,Denmark,Jylland,Kattegat; North Atlantic Ocean,Very Small,Coastal (Breakwater),,,1.8,3.4,Unknown,Unknown,Small,Limited,Unknown,56.58333,8.28333
30350,Mariager, ,DK MRR,Denmark,Jylland,Kattegat; North Atlantic Ocean,Very Small,Coastal (Natural),,,4.9,4.9,Unknown,Unknown,Small,Unknown,Unknown,56.65,9.98333
29790,Marstal, ,DK MRS,Denmark,Aero,Baltic Sea; North Atlantic Ocean,Small,Coastal (Breakwater),115.0,4.5,21.6,3.4,Yes,No,Medium,Limited,Small,54.91667,10.33333
29910,Middelfart, ,DK MID,Denmark,Fyn,Kattegat; North Atlantic Ocean,Small,Coastal (Breakwater),100.0,5.3,3.0,4.9,Yes,Yes,Small,Limited,Unknown,55.5,9.73333
29555,Naestved, ,DK NVD,Denmark,Sjaelland,Baltic Sea; North Atlantic Ocean,Small,River (Basins),120.0,5.6,3.4,4.9,Yes,No,Unknown,Limited,Unknown,55.23333,11.75
29700,Nakskov, ,DK NAK,Denmark,Lolland,Baltic Sea; North Atlantic Ocean,Small,Coastal (Natural),200.0,5.8,4.9,6.4,Yes,Yes,Medium,Limited,Medium,54.83333,11.13333
29085,Nekso,Nexo,DK NEX,Denmark,Bornholm,Baltic Sea; North Atlantic Ocean,Very Small,Coastal (Breakwater),78.0,4.5,5.0,4.9,No,No,Unknown,Moderate,Small,55.06667,15.13333
29860,Nyborg, ,DK NBG,Denmark,Fyn,Baltic Sea; North Atlantic Ocean,Small,Coastal (Breakwater),230.0,10.0,6.4,4.9,Yes,Yes,Small,Limited,Small,55.31667,10.8
29630,Nykobing,Falster,DK NYF,Denmark,Falster,Baltic Sea; North Atlantic Ocean,Small,River (Natural),129.0,5.8,3.4,4.9,No,No,Medium,Limited,Unknown,54.76667,11.86667
29455,Nykobing (Mor), ,DK NYM,Denmark,Sjaelland,Kattegat; North Atlantic Ocean,Very Small,Coastal (Breakwater),,,4.9,3.4,Unknown,Unknown,Unknown,Limited,Unknown,56.76667,11.86667
29720,Nysted, ,DK NTD,Denmark,Lolland,Baltic Sea; North Atlantic Ocean,Very Small,Coastal (Breakwater),,,3.4,3.4,Unknown,Unknown,Small,Limited,Unknown,54.66667,11.73333
29880,Odense, ,DK ODE,Denmark,Fyn,Kattegat; North Atlantic Ocean,Small,Canal or Lake,333.1,9.9,6.4,6.4,Yes,Yes,Medium,Moderate,Unknown,55.41667,10.38333
30330,Randers,Randers Havn,DK RAN,Denmark,Jylland,Kattegat; North Atlantic Ocean,Small,River (Natural),122.3,5.8,7.0,4.9,Yes,Yes,Small,Limited,,56.46667,10.05
30630,Ringkobing, ,DK RKG,Denmark,Jylland,North Sea; North Atlantic Ocean,Very Small,Coastal (Breakwater),,,1.8,1.8,Unknown,Unknown,Small,Limited,Unknown,56.08333,8.25
29710,Rodby Havn, ,DK ROF,Denmark,Lolland,Baltic Sea; North Atlantic Ocean,Very Small,Coastal (Breakwater),,,4.9,3.4,Unknown,Unknown,Unknown,Limited,Unknown,54.65,11.35
29110,Ronne, ,DK RNN,Denmark,Bornholm,Baltic Sea; North Atlantic Ocean,Small,Coastal (Breakwater),350.0,8.4,9.0,3.4,Yes,Yes,Unknown,Moderate,Small,55.1,14.7
29760,Rudkobing, ,DK RKB,Denmark,Langeland,Baltic Sea; North Atlantic Ocean,Small,Coastal (Breakwater),,5.0,1.8,3.4,Yes,No,Unknown,Limited,Unknown,54.95,10.71667
29660,Sakskobing, ,DK SAX,Denmark,Lolland,Baltic Sea; North Atlantic Ocean,Small,Coastal (Natural),,,1.8,1.8,Unknown,Unknown,Unknown,Limited,Small,54.8,11.63333
29530,Skaelskor,Skielskor,DK SSK,Denmark,Sjaelland,Baltic Sea; North Atlantic Ocean,Very Small,Coastal (Breakwater),60.0,4.1,1.8,3.4,No,No,Small,Limited,Unknown,55.25,11.3
29905,Skaerbaek, ,DK SKB,Denmark,Fyn,Kattegat; North Atlantic Ocean,Very Small,Open Roadstead,,,6.4,17.1,Unknown,Unknown,Unknown,Unknown,Unknown,55.51667,9.61667
30440,Skagen Havn, ,DK SKA,Denmark,Jylland,Kattegat; North Atlantic Ocean,Small,Coastal (Breakwater),400.0,10.5,7.9,4.9,Yes,Yes,Small,Limited,Unknown,57.71667,10.6
30060,Sonderborg, ,DK SGD,Denmark,Jylland,Baltic Sea; North Atlantic Ocean,Small,River (Natural),,6.5,6.4,6.4,No,No,Small,Limited,Unknown,54.91667,9.78333
29600,Stege, ,DK STE,Denmark,Falster,Baltic Sea; North Atlantic Ocean,Very Small,Coastal (Breakwater),,,1.8,3.4,Unknown,Unknown,Medium,Limited,Unknown,54.98333,12.28333
29545,Stigsnaesvaerkets Havn,Stigsnaes,DK SIT,Denmark,Sjaelland,Baltic Sea; North Atlantic Ocean,Very Small,Open Roadstead,,,15.5,6.4,Yes,No,Unknown,Limited,Unknown,55.2,11.25
29580,Stubbekobing,Duunamunde,DK SBK,Denmark,Falster,Baltic Sea; North Atlantic Ocean,Small,Coastal (Breakwater),,,3.4,4.9,Unknown,Unknown,Unknown,Unknown,Unknown,54.88333,12.05
30285,Studstrup, ,DK SSV,Denmark,Jylland,Kattegat; North Atlantic Ocean,Medium,Coastal (Natural),245.0,11.0,11.0,11.0,Yes,No,Unknown,,Unknown,56.25,10.35
29830,Svendborg, ,DK SVE,Denmark,Fyn,Baltic Sea; North Atlantic Ocean,Small,Coastal (Natural),,5.8,3.4,3.4,Yes,No,Small,Moderate,Small,55.06667,10.61667
30457,Thisted, ,DK TED,Denmark,Jylland,Kattegat; North Atlantic Ocean,Very Small,Coastal (Breakwater),,,4.9,3.4,Unknown,Unknown,Small,Unknown,Unknown,56.95,8.7
30460,Thyboron, ,DK THN,Denmark,Jylland,North Sea; North Atlantic Ocean,Very Small,Coastal (Breakwater),,,4.9,4.9,Unknown,Unknown,Unknown,Limited,Small,56.7,8.21667
29260,Tuborg, ,DK TUB,Denmark,Sjaelland,Baltic Sea; North Atlantic Ocean,Very Small,Coastal (Breakwater),,4.0,1.8,4.9,Yes,No,Medium,Limited,Unknown,55.71667,12.58333
30190,Vejle, ,DK VEJ,Denmark,Jylland,Kattegat; North Atlantic Ocean,Small,Coastal (Natural),165.0,6.8,7.0,6.4,Yes,Yes,Small,Limited,Unknown,55.71667,9.55
29560,Vordingborg, ,DK VOR,Denmark,Sjaelland,Baltic Sea; North Atlantic Ocean,Very Small,Coastal (Natural),,,4.9,6.4,Unknown,Unknown,Small,Limited,Unknown,55.0,11.9
47850,Djibouti,Jibuti,DJ JIB,Djibouti,Djibouti,Gulf of Aden; Indian Ocean,Small,Coastal (Natural),399.0,20.0,17.1,20.0,Yes,Yes,Medium,Limited,Medium,11.6,43.13333
47855,Doraleh, ,DJ DCT,Djibouti,Djibouti,Gulf of Aden; Indian Ocean,Small,Coastal (Natural),270.0,18.0,,20.0,Unknown,Unknown,Unknown,Unknown,Unknown,11.60278,43.08861
11530,Portsmouth,Prince Ruppert Bay,DMPOR,Dominica,Dominica,Caribbean Sea; North Atlantic Ocean,Very Small,Coastal (Natural),300.0,10.6,,14.0,Yes,Unknown,Unknown,Unknown,Unknown,15.56667,-61.46667
11520,Roseau, ,DMRSU,Dominica,Dominica,Caribbean Sea; North Atlantic Ocean,Very Small,Coastal (Natural),,13.0,23.2,9.4,Yes,Yes,Unknown,Limited,Unknown,15.3,-61.4
10978,Amber Cove, ,COAMB,Dominican Republic, ,North Atlantic Ocean,Unknown, ,305.5,8.5,,,Unknown,Unknown,Unknown,Unknown,Unknown,19.83333,-70.76667
11035,Andres (Andres Lng Terminal),Boca Chica; Puerto de Andres,DO BCC,Dominican Republic,Dominican Republic,Caribbean Sea; North Atlantic Ocean,Medium,Open Roadstead,121.0,8.5,9.4,6.4,Yes,Yes,Small,Limited,Unknown,18.43333,-69.63333
11075,Cabo Rojo, ,DO CBJ,Dominican Republic,Dominican Republic,Caribbean Sea; North Atlantic Ocean,Very Small,Open Roadstead,213.3,10.9,9.4,9.4,Yes,Unknown,Unknown,,Unknown,17.91667,-71.65
11020,La Romana, ,DO LRM,Dominican Republic,Dominican Republic,Caribbean Sea; North Atlantic Ocean,Very Small,River (Natural),350.0,9.5,7.9,7.9,Yes,Yes,Medium,Limited,Small,18.41667,-68.96667
11050,Las Calderas, ,DO LCS,Dominican Republic,Dominican Republic,Caribbean Sea; North Atlantic Ocean,Small,Coastal (Natural),,,9.4,,Unknown,Unknown,Unknown,Unknown,Unknown,18.21667,-70.51667
10962,Manzanillo, ,DOMAN,Dominican Republic, ,North Atlantic Ocean,Unknown, ,226.0,10.6,,,Yes,Yes,Unknown,Unknown,Unknown,19.71667,-71.75
10960,Pepillo Salcedo,Puerto Libertador; Puerto Manzanillo,DO SAL,Dominican Republic,Dominican Republic,North Atlantic Ocean,Very Small,Open Roadstead,,,9.4,11.0,Unknown,Unknown,Small,,Unknown,19.7,-71.75
11005,Puerto Botado, , ,Dominican Republic,Dominican Republic,North Atlantic Ocean,Very Small,Coastal (Natural),,,4.9,7.9,Unknown,Unknown,Unknown,,Unknown,19.2,-69.45
11045,Puerto De Haina,Haina; Rio Haina,DO INA,Dominican Republic,Dominican Republic,Caribbean Sea; North Atlantic Ocean,Small,River (Natural),,,9.4,9.4,Unknown,Unknown,Small,Limited,Medium,18.41667,-70.01667
10980,Puerto Plata, ,DO POP,Dominican Republic,Dominican Republic,North Atlantic Ocean,Small,Open Roadstead,215.0,8.8,9.4,7.9,Yes,Yes,Unknown,Limited,Unknown,19.8,-70.7
11060,Puerto Viejo De Azua,Azua; Tortuguero,DO PVA,Dominican Republic,Dominican Republic,Caribbean Sea; North Atlantic Ocean,Very Small,Open Roadstead,,,9.4,7.9,Unknown,Unknown,Unknown,,Unknown,18.35,-70.83333
11048,Punta Nizao Oil Terminal, , ,Dominican Republic,Dominican Republic,Caribbean Sea; North Atlantic Ocean,Small,Open Roadstead,,,,,Unknown,Unknown,Unknown,,Unknown,18.2,-70.2
11030,San Pedro De Macoris, ,DO SPM,Dominican Republic,Dominican Republic,Caribbean Sea; North Atlantic Ocean,Small,River (Natural),,,7.9,7.9,Unknown,Unknown,Unknown,Limited,Medium,18.45,-69.31667
11010,Sanchez, ,DO SNZ,Dominican Republic,Dominican Republic,North Atlantic Ocean,Very Small,Open Roadstead,,,12.5,1.8,Unknown,Unknown,Small,Limited,Unknown,19.23333,-69.61667
11000,Santa Barbara De Samana,Arroyo Barril; El Botado; Puerto Batadero; Puerto Duarte; Samana,DO SAM,Dominican Republic,Dominican Republic,North Atlantic Ocean,Small,Coastal (Natural),198.0,9.1,9.4,7.9,Yes,Unknown,Unknown,,Unknown,19.2,-69.33333
11070,Santa Cruz De Barahona,Barahona,DO BRX,Dominican Republic,Dominican Republic,Caribbean Sea; North Atlantic Ocean,Small,Coastal (Natural),185.0,9.7,9.4,9.4,Yes,Unknown,Medium,Limited,Unknown,18.2,-71.08333
11040,Santo Domingo,Ciudad Trujillo,DO SDQ,Dominican Republic,Dominican Republic,Caribbean Sea; North Atlantic Ocean,Medium,River (Natural),360.0,8.2,9.4,7.9,Yes,Yes,Unknown,Limited,Small,18.46667,-69.88333
15330,Esmeraldas, ,ECESM,Ecuador,Ecuador,North Pacific Ocean,Very Small,River (Natural),230.0,10.5,9.4,11.0,Unknown,Unknown,Unknown,Unknown,Unknown,1.0,-79.65
15270,Guayaquil, ,ECGYE,Ecuador,Ecuador,South Pacific Ocean,Small,River (Natural),212.5,9.7,9.4,9.4,Unknown,Unknown,Medium,Limited,Small,-2.2,-79.88333
15290,La Libertad, ,ECLLD,Ecuador,Ecuador,South Pacific Ocean,Very Small,Open Roadstead,200.0,,,4.9,Unknown,Unknown,Small,Limited,Unknown,-2.21667,-80.91667
15310,Manta, ,ECMEC,Ecuador,Ecuador,South Pacific Ocean,Very Small,Coastal (Breakwater),300.0,9.7,9.4,11.0,Unknown,Yes,Unknown,Limited,Unknown,-0.95,-80.71667
15250,Puerto Bolivar, ,ECPBO,Ecuador,Ecuador,South Pacific Ocean,Very Small,River (Natural),300.1,14.0,9.4,9.4,Unknown,Unknown,Small,,Unknown,-3.26667,-80.0
15275,Puerto Maritimo De Guayaquil,Puero Nuevo,ECPEV,Ecuador,Ecuador,South Pacific Ocean,Medium,River (Natural),301.0,,9.4,7.9,Unknown,Unknown,Medium,Limited,Medium,-2.28333,-79.9
45164,Abu Qir, ,EG,Egypt,Egypt Mediterranean,Mediterranean Sea; North Atlantic Ocean,Unknown, ,,,,,Unknown,Unknown,Unknown,Unknown,Unknown,31.324,30.07853
48055,Ain Sukhna Terminal,Ain Sukhnah; Sumed,EG AIS,Egypt,Egypt Red Sea,Gulf of Suez; Red Sea; Indian Ocean,Large,Open Roadstead,297.0,,,,Unknown,Unknown,Unknown,,Unknown,29.58333,32.36667
45120,Al Arish,El Arish,EGAAC,Egypt,Egypt Mediterranean,Mediterranean Sea; North Atlantic Ocean,Medium,Coastal (Breakwater),250.0,11.2,13.0,12.0,Yes,No,,,,31.15205,33.83108
45165,Al Iskandariyh (Alexandria), ,EG ALY,Egypt,Egypt Mediterranean,Mediterranean Sea; North Atlantic Ocean,Large,Coastal (Breakwater),,,14.0,12.5,Unknown,Unknown,Medium,Major,Medium,31.16667,29.83333
47970,Al Qusayr,Kosseir; Quesir,EG AQU,Egypt,Egypt Red Sea,Red Sea; Indian Ocean,Very Small,Open Roadstead,,,7.9,7.9,Unknown,Unknown,Unknown,Limited,Unknown,26.1,34.28333
48040,As Suways,Port Suez,EG SUZ,Egypt,Egypt Red Sea,Gulf of Suez; Red Sea; Indian Ocean,Large,Coastal (Breakwater),,,18.6,4.9,Unknown,Unknown,Large,Moderate,Medium,29.96667,32.55
47982,At Tur,El Tur Harbor,EG TOR,Egypt,Egypt Red Sea,Gulf of Suez; Red Sea; Indian Ocean,Very Small,Coastal (Natural),,,,4.9,Unknown,Unknown,Unknown,Unknown,Unknown,28.23333,33.61667
45140,Bur Sa'id,Port Said; Bur Said,EG PSD,Egypt,Egypt Mediterranean,Mediterranean Sea; North Atlantic Ocean,Large,Canal or Lake,,,14.0,12.5,Unknown,Unknown,Medium,Major,Large,31.26667,32.3
45151,Damietta, ,EG DAM,Egypt,Egypt Mediterranean,Mediterranean Sea; North Atlantic Ocean,Large,Coastal (Breakwater),,,14.0,14.0,Unknown,Unknown,Unknown,,Unknown,31.48333,31.75
47990,El Ghardaqa,Hurghada,EG HRG,Egypt,Egypt Red Sea,Gulf of Suez; Red Sea; Indian Ocean,Very Small,Coastal (Natural),,,4.9,,Unknown,Unknown,Unknown,Emergency Only,Unknown,27.21667,33.85
45175,El Hamra Oil Terminal, ,EG MAH,Egypt,Egypt Mediterranean,Mediterranean Sea; North Atlantic Ocean,Very Small,Open Roadstead,,,,,Unknown,Unknown,Unknown,Unknown,Unknown,30.98333,28.86667
48050,El Ismailiya,Ismailia,EG ISM,Egypt,Egypt Red Sea,Suez Canal; Red Sea; Indian Ocean,Small,Canal or Lake,,,18.6,1.8,Unknown,Unknown,Unknown,Unknown,Unknown,30.58333,32.28333
45163,El Maadiya, ,EG EMD,Egypt,Egypt Mediterranean,Mediterranean Sea; North Atlantic Ocean,Very Small,Coastal (Breakwater),,,6.4,4.9,Unknown,Unknown,Small,Unknown,Unknown,31.26667,30.15
48045,El-Adabiya,Al-Adabiyah,EG ADA,Egypt,Egypt Red Sea,Gulf of Suez; Red Sea; Indian Ocean,Small,Coastal (Natural),229.0,12.3,14.0,12.0,Unknown,Unknown,Large,Moderate,Unknown,29.86667,32.46667
47974,Hamrawein, ,EG HAM,Egypt,Egypt Red Sea,Red Sea; Indian Ocean,Very Small,Open Roadstead,,,,9.4,Unknown,Unknown,Small,,Unknown,26.25,34.2
47987,Marsa az Zaytiyah,East Zeit Terminal, ,Egypt,Egypt Red Sea,Gulf of Suez; Red Sea; Indian Ocean,Very Small,Open Roadstead,,,3.4,,Unknown,Unknown,Unknown,,Unknown,27.85,33.6
45180,Mersa Matruh, ,EG MMU,Egypt,Egypt Mediterranean,Mediterranean Sea; North Atlantic Ocean,Very Small,Coastal (Breakwater),,,7.9,11.0,Unknown,Unknown,Unknown,Unknown,Unknown,31.35,27.23333
48030,North Ain Sukhna Port,Sokhna Port,EG AIS,Egypt,Egypt Red Sea,Gulf of Suez; Red Sea; Indian Ocean,Small,Coastal (Breakwater),369.0,14.8,17.0,17.0,Unknown,Unknown,Unknown,Unknown,Unknown,29.65,32.36667
47960,Nuwaybi',Nuwaybi'a; Nuweiba El Muzeima,EG NUW,Egypt,Egypt Red Sea,Gulf of Aqaba; Red Sea; Indian Ocean,Very Small,Coastal (Natural),,,,7.9,Unknown,Unknown,Unknown,Limited,Unknown,28.96667,34.65
48060,Ras Abu Zanimah,Abu Zenima,EG AZA,Egypt,Egypt Red Sea,Gulf of Suez; Red Sea; Indian Ocean,Small,Coastal (Natural),,,23.2,6.4,Unknown,Unknown,Unknown,Limited,Unknown,29.03333,33.11667
48025,Ras Badran Oil Terminal,Ras Budran,EG RAB,Egypt,Egypt Red Sea,Gulf of Suez; Red Sea; Indian Ocean,Very Small,Open Roadstead,,,23.2,4.9,Unknown,Unknown,Unknown,,Unknown,28.95,33.16667
48020,Ras Gharib, ,EG RAG,Egypt,Egypt Red Sea,Gulf of Suez; Red Sea; Indian Ocean,Very Small,Open Roadstead,,,23.2,,Unknown,Unknown,Unknown,Limited,Unknown,28.35,33.1
48015,Ras Shukhier,Aras Shukhayr,EG RSH,Egypt,Egypt Red Sea,Gulf of Suez; Red Sea; Indian Ocean,Medium,Open Roadstead,,,11.0,4.9,Unknown,Unknown,Unknown,Unknown,Unknown,28.13333,33.28333
48053,Ras Sudr, ,EG RSU,Egypt,Egypt Red Sea,Gulf of Suez; Red Sea; Indian Ocean,Very Small,Open Roadstead,,,,,Unknown,Unknown,Unknown,Unknown,Unknown,29.58333,32.7
47980,Safaja,Bur Safajah; Port Safaga; Bur Safaga,EG SGA,Egypt,Egypt Red Sea,Red Sea; Indian Ocean,Small,Coastal (Breakwater),293.2,14.0,15.5,16.0,Unknown,Unknown,Medium,Unknown,Small,26.73333,33.95
47988,Sharm El Sheikh, ,EG SSH,Egypt,Egypt Red Sea,Red Sea; Indian Ocean,Very Small,Open Roadstead,,,,3.4,Unknown,Unknown,Unknown,Limited,Unknown,27.85,34.28333
45172,Sidi Kerir (Kurayr), ,EG SKT,Egypt,Egypt Mediterranean,Mediterranean Sea; North Atlantic Ocean,Small,Open Roadstead,,,,,Unknown,Unknown,Medium,,Unknown,31.05671,29.67045
48035,Sokhna Port Gas Tanker Terminal, ,EG SOK,Egypt,Egypt Red Sea,Gulf of Suez; Red Sea; Indian Ocean,Very Small,Coastal (Breakwater),,,7.9,,Unknown,Unknown,Unknown,Unknown,Unknown,29.68333,32.36667
48065,Wadi Feiran, ,EG WAF,Egypt,Egypt Red Sea,Gulf of Suez; Red Sea; Indian Ocean,Small,Open Roadstead,,,20.1,,Unknown,Unknown,Unknown,Unknown,Unknown,28.75,33.2
48057,Zafarana Terminal, , ,Egypt,Egypt Red Sea,Gulf of Suez; Red Sea; Indian Ocean,Very Small,Open Roadstead,,,,,Unknown,Unknown,Unknown,Unknown,Unknown,29.16667,32.68333
47989,Zeit Bay Lpg Terminal, , ,Egypt,Egypt Red Sea,Gulf of Suez; Red Sea; Indian Ocean,Very Small,Open Roadstead,,,3.4,,Unknown,Unknown,Unknown,,Unknown,27.8,33.56667
47985,Zeit Bay Terminal, ,EG ZTB,Egypt,Egypt Red Sea,Gulf of Suez; Red Sea; Indian Ocean,Small,Open Roadstead,,,3.4,4.9,Unknown,Unknown,Unknown,,Unknown,27.83333,33.6
15640,Acajutla, ,SVAQJ,El Salvador,El Salvador,North Pacific Ocean,Very Small,Coastal (Breakwater),263.0,12.0,,14.9,Yes,Yes,,Limited,Unknown,13.58333,-89.83333
15645,Acajutla Offshore Terminal,El Paso Terminal,SV AOT,El Salvador,El Salvador,North Pacific Ocean,Very Small,Open Roadstead,,,,,Unknown,Unknown,Unknown,,,13.58333,-89.86667
15600,La Union,Cutuco,SV LUN,El Salvador,El Salvador,North Pacific Ocean,Very Small,Coastal (Natural),,,10.0,14.0,Unknown,Unknown,Small,Limited,Unknown,13.33333,-87.83333
46305,Bata, ,GQ BSG,Equatorial Guinea,Equatorial Guinea,Gulf of Guinea; North Atlantic Ocean,Very Small,Open Roadstead,,14.5,,,Yes,Yes,Unknown,Emergency Only,Unknown,1.86667,9.76667
46335,Ceiba Terminal, , ,Equatorial Guinea,Equatorial Guinea,Gulf of Guinea; North Atlantic Ocean,Very Small,Open Roadstead,,,,,Unknown,Unknown,Unknown,,Unknown,1.41667,9.23333
46340,Cogo,Puerto Iradier; Kogo,GC COG,Equatorial Guinea,Equatorial Guinea,Gulf of Guinea; North Atlantic Ocean,Very Small,River (Natural),,,6.2,11.0,Unknown,Unknown,Unknown,Unknown,Unknown,1.08333,9.7
46330,Luba, ,GQ LUB,Equatorial Guinea,Equatorial Guinea,Gulf of Guinea; North Atlantic Ocean,Very Small,Coastal (Natural),135.0,10.0,18.6,9.5,Unknown,Unknown,Unknown,Limited,Unknown,3.5,8.56667
46320,Malabo,Rey Malabo; Santa Isabelle,GQ SSG,Equatorial Guinea,Equatorial Guinea,Gulf of Guinea; North Atlantic Ocean,Small,Coastal (Natural),175.0,8.0,17.1,9.5,Yes,Yes,,Limited,,3.75,8.78333
46306,Punta Europa Terminal, ,GQPET,Equatorial Guinea,Equatorial Guinea,Gulf of Guinea; North Atlantic Ocean,Very Small,Open Roadstead,,,23.2,,Unknown,Unknown,Unknown,,Unknown,3.78333,8.71667
46310,Serpentina Terminal, ,GQSER,Equatorial Guinea,Equatorial Guinea,Gulf of Guinea; North Atlantic Ocean,Very Small,Open Roadstead,,,23.2,,Unknown,Unknown,Unknown,Unknown,Unknown,3.8,8.08333
47880,Assab,Aseb,ER ASA,Eritrea,Eritrea,Red Sea; Indian Ocean,Small,Coastal (Natural),101.0,10.0,11.0,11.0,Unknown,Unknown,Unknown,Limited,Unknown,13.0,42.75
47900,Mitsiwa Harbor,Massaua; Massawa,ER MSW,Eritrea,Eritrea,Red Sea; Indian Ocean,Small,Coastal (Breakwater),210.0,12.0,9.4,12.0,Unknown,Unknown,Medium,Limited,Unknown,15.61667,39.46667
28498,Bekkeri, ,EE BEK,Estonia, ,Gulf of Finland; Baltic Sea; North Atlantic Ocean,Very Small,Coastal (Breakwater),170.0,9.2,9.7,9.7,Yes,No,,Emergency Only,,59.45454,24.66745
28520,Heltermaa, ,EE HLT,Estonia, ,Gulf of Riga; Baltic Sea; North Atlantic Ocean,Very Small,Coastal (Breakwater),118.0,4.6,5.1,5.0,Yes,Yes,,Emergency Only,,58.86668,23.04834
28440,Kunda,Kunda Sadam,EE KND,Estonia,Estonia,Gulf of Finland; Baltic Sea; North Atlantic Ocean,Very Small,Coastal (Breakwater),150.0,8.6,10.0,6.4,Yes,No,Unknown,Emergency Only,,59.52778,26.5472
28492,Lahesuu, ,EE LHS,Estonia, ,Gulf of Finland; Baltic Sea; North Atlantic Ocean,Very Small,Coastal (Breakwater),160.0,4.1,8.8,5.8,No,No,,Limited,Small,59.45706,24.703
28460,Loksa, ,EE LSA,Estonia,Estonia,Gulf of Finland; Baltic Sea; North Atlantic Ocean,Very Small,Coastal (Breakwater),130.0,4.2,,4.0,Unknown,No,,Emergency Only,,59.58339,25.69894
28496,Meeruse, ,EE MRS,Estonia, ,Gulf of Finland; Baltic Sea; North Atlantic Ocean,Very Small,Coastal (Breakwater),140.0,6.3,7.9,6.8,Yes,No,,Emergency Only,,59.45087,24.6722
28482,Miiduranna, ,EE MDR,Estonia,Estonia,Gulf of Finland; Baltic Sea; North Atlantic Ocean,Small,Coastal (Breakwater),196.0,12.5,12.8,5.7,No,No,Small,Emergency Only,,59.4994,24.81606
28484,Muuga-Port of Tallin,"Muuga Sadam, Novotallinsky",EE MUG,Estonia,Estonia,Gulf of Finland; Baltic Sea; North Atlantic Ocean,Large,Coastal (Breakwater),300.0,,16.0,17.2,Yes,Yes,,Emergency Only,,59.50004,24.96669
28506,Paldiski Northern Port,"Paldiski Pohjasadam,  Paldiski Sadamate AS",EE PLN,Estonia,Estonia,Gulf of Finland; Baltic Sea; North Atlantic Ocean,Small,Coastal (Breakwater),310.0,11.8,,12.2,Yes,Yes,,Emergency Only,,59.34975,24.0475
28505,Paldiski South Harbor,Paldiski Lounasadam,EE PLS,Estonia,Estonia,Gulf of Finland; Baltic Sea; North Atlantic Ocean,Large,Coastal (Breakwater),250.0,,15.5,12.8,Yes,Yes,Small,Emergency Only,,59.33334,24.08111
28490,Paljassaare, ,EE PAS,Estonia, ,Gulf of Finland; Baltic Sea; North Atlantic Ocean,Medium,Coastal (Breakwater),190.0,8.6,8.8,8.5,Yes,No,Small,Unknown,Small,59.4591,24.70564
28550,Parnu, ,EE PRN,Estonia,Estonia,Gulf of Riga; Baltic Sea; North Atlantic Ocean,Small,River (Natural),142.6,6.8,7.0,6.8,Yes,No,Small,Limited,Unknown,58.38335,24.48
28515,Rohukula, ,EE RHK,Estonia,Estonia,Gulf of Riga; Baltic Sea; North Atlantic Ocean,Very Small,Coastal (Breakwater),,5.2,5.2,4.6,Yes,No,,Emergency Only,,58.90606,23.42392
28530,Roomassaare,Roomassaar,EE RMS,Estonia,Estonia,Gulf of Riga; Baltic Sea; North Atlantic Ocean,Very Small,Coastal (Breakwater),120.0,5.6,5.5,5.3,Yes,No,Small,Emergency Only,,58.21504,22.50695
28525,Saaremaa sadam,Saaremaa-Port of Tallinn,EE SMA,Estonia,Estonia,Baltic Sea; North Atlantic Ocean,Very Small,Coastal (Breakwater),200.0,10.0,,9.8,Yes,No,,Emergency Only,,58.53613,22.2361
28425,Sillamae, ,EE SLM,Estonia,Estonia,Gulf of Finland; Baltic Sea; North Atlantic Ocean,Large,Coastal (Breakwater),280.0,15.0,16.3,15.3,Yes,Yes,Unknown,Emergency Only,,59.42612,27.73945
28480,Vanasadam - Port of Tallinn, ,EE TLL,Estonia,Estonia,Gulf of Finland; Baltic Sea; North Atlantic Ocean,Large,Coastal (Breakwater),340.0,17.1,13.0,9.8,Yes,Yes,,Emergency Only,,59.45013,24.76668
28500,Vene-Balti, ,EE VEB,Estonia, ,Gulf of Finland; Baltic Sea; North Atlantic Ocean,Small,Coastal (Breakwater),200.0,10.6,8.7,10.0,Yes,No,,Limited,Small,59.45696,24.65636
28540,Virtsu, ,EE VIR,Estonia, ,Gulf of Riga; Baltic Sea; North Atlantic Ocean,Very Small,Coastal (Breakwater),130.0,6.5,6.8,5.5,Yes,No,Small,Emergency Only,,58.57502,23.51
14000,Stanley, ,FK PSY,Falkland Islands (Islas Malvinas),Falkland Islands,South Atlantic Ocean,Medium,Coastal (Natural),,8.2,7.9,6.4,Unknown,Unknown,Small,Moderate,Unknown,-51.7,-57.83333
32740,Fuglafjordur,Fuglefjord,FO FUG,Faroe Islands,Faroe Islands,Norwegian Sea; North Atlantic Ocean,Very Small,Coastal (Natural),125.0,7.0,6.4,11.0,Unknown,Unknown,,Limited,Unknown,62.25,-6.8
32750,Klaksvik, ,FO KVI,Faroe Islands,Faroe Islands,Norwegian Sea; North Atlantic Ocean,Very Small,Coastal (Natural),,,,8.7,Unknown,Yes,,Major,Unknown,62.23333,-6.58333
32700,Kongshavn, , ,Faroe Islands,Faroe Islands,Norwegian Sea; North Atlantic Ocean,Very Small,Coastal (Breakwater),,,12.5,9.4,Unknown,Unknown,Unknown,Limited,Unknown,62.11667,-6.73333
32702,Runavik, ,FO RVK,Faroe Islands,Faroe Islands,Norwegian Sea; North Atlantic Ocean,Very Small,Coastal (Natural),,11.0,14.0,12.0,Unknown,Yes,Unknown,Limited,Small,62.11667,-6.71667
32730,Sorvagur,Sorvaag,FO SRV,Faroe Islands,Faroe Islands,North Atlantic Ocean,Very Small,Coastal (Natural),,8.0,23.2,8.0,No,No,Unknown,Limited,Small,62.08333,-7.25
32690,Torshavn,Thorshavn,FO TOR,Faroe Islands,Faroe Islands,Norwegian Sea; North Atlantic Ocean,Very Small,Coastal (Breakwater),,,10.0,14.8,Yes,Yes,Unknown,Moderate,Small,62.0,-6.75
32680,Tvoroyri,Tverra,FO TVO,Faroe Islands,Faroe Islands,North Atlantic Ocean,Very Small,Coastal (Natural),,,11.0,10.3,No,Yes,Unknown,Moderate,Unknown,61.55,-6.8
32676,Vagur, ,FO VAG,Faroe Islands,Faroe Islands,North Atlantic Ocean,Very Small,Coastal (Natural),,3.2,11.0,10.0,No,No,,Limited,,61.48333,-6.8
32720,Vestmanna,Vestmanhavn,FO VES,Faroe Islands,Faroe Islands,North Atlantic Ocean,Very Small,Coastal (Natural),,6.0,,6.4,No,No,,Limited,Unknown,62.15,-7.16667
56630,Colonia,Tomil Harbor; Yap Colonia International Port, ,Federated States of Micronesia,Caroline Islands,North Pacific Ocean,Very Small,Coastal (Natural),,,23.2,7.9,Unknown,Unknown,Unknown,Limited,Medium,9.51667,138.13333
56570,Lele Harbor, , ,Federated States of Micronesia,Caroline Islands,North Pacific Ocean,Very Small,Coastal (Natural),,,14.0,7.9,Unknown,Unknown,Unknown,Emergency Only,Unknown,5.33333,163.03333
56600,Moen,Chuuk; Weno, ,Federated States of Micronesia,Caroline Islands,North Pacific Ocean,Very Small,Open Roadstead,,,7.9,7.9,Unknown,Unknown,Unknown,Emergency Only,Unknown,7.43333,151.83333
56590,Pohnpei Harbor,Langar Road,FM PNI,Federated States of Micronesia,Caroline Islands,North Pacific Ocean,Small,Coastal (Natural),,,9.4,9.4,Unknown,Unknown,Unknown,Emergency Only,Unknown,6.98333,158.2
55530,Lautoka Harbor, ,FJ LTK,Fiji,Fiji,South Pacific Ocean,Very Small,Coastal (Breakwater),330.0,10.4,9.4,6.4,Unknown,Unknown,Small,Limited,Small,-17.6,177.45
55550,Levuka, , ,Fiji,Fiji,South Pacific Ocean,Small,Coastal (Natural),171.0,7.6,18.6,7.9,Unknown,Unknown,Unknown,Limited,Unknown,-17.68333,178.83333
55556,Malai, , ,Fiji,Fiji,South Pacific Ocean,Very Small,Coastal (Breakwater),179.0,11.0,9.4,11.0,Unknown,Unknown,Unknown,Limited,Unknown,-16.35,179.36667
55560,Savusavu Bay,Nakama,FJ SVU,Fiji,Fiji,South Pacific Ocean,Very Small,Open Roadstead,110.0,5.0,1.8,4.9,Unknown,Unknown,Unknown,Emergency Only,Unknown,-16.76667,179.33333
55540,Suva Harbor, ,FJ SUV,Fiji,Fiji,South Pacific Ocean,Small,Coastal (Natural),293.0,11.6,23.2,7.9,Yes,Yes,Unknown,Limited,Small,-18.13333,178.41667
28170,Ekenas, ,FI TAI,Finland,Finland,Gulf of Finland; Baltic Sea; North Atlantic Ocean,Small,Coastal (Natural),,,4.9,3.4,Unknown,Unknown,Unknown,Limited,Unknown,59.98333,23.43333
28240,Hamina,Fredrikshamn,FI HMN,Finland,Finland,Gulf of Finland; Baltic Sea; North Atlantic Ocean,Small,Coastal (Natural),216.7,,7.9,6.4,Yes,Yes,Unknown,Limited,Unknown,60.56667,27.2
28140,Hanko, ,FI HKO,Finland,Finland,Gulf of Finland; Baltic Sea; North Atlantic Ocean,Small,Coastal (Breakwater),250.0,13.0,6.4,12.5,No,Yes,Small,Limited,Unknown,59.81667,22.95
27610,Hellnas, ,FI HLL,Finland,Finland,Gulf of Bothnia; Baltic Sea; North Atlantic Ocean,Very Small,Open Roadstead,,,4.9,,Unknown,Unknown,Unknown,Emergency Only,Unknown,63.28333,22.23333
28190,Helsinki,Helsingfors,FI HEL,Finland,Finland,Gulf of Finland; Baltic Sea; North Atlantic Ocean,Large,Coastal (Breakwater),315.7,,7.9,3.4,Yes,Yes,Medium,Major,Medium,60.16667,24.96667
27540,Himanka,Khimango,FI HIM,Finland,Finland,Gulf of Bothnia; Baltic Sea; North Atlantic Ocean,Small,Coastal (Natural),,,6.4,1.8,Unknown,Unknown,Unknown,Unknown,Unknown,64.0,23.65
28187,Inkoo, ,FI INK,Finland,Finland,Gulf of Finland; Baltic Sea; North Atlantic Ocean,Very Small,River (Basins),229.7,,12.5,6.4,Yes,No,Small,Limited,Unknown,60.01667,23.91667
28180,Jussaro,Stor Jussaro,FI JUS,Finland,Finland,Gulf of Finland; Baltic Sea; North Atlantic Ocean,Very Small,Coastal (Natural),,,4.9,,Unknown,Unknown,Unknown,Emergency Only,Unknown,59.83333,23.56667
27590,Kantlax, ,FI KAN,Finland,Finland,Gulf of Bothnia; Baltic Sea; North Atlantic Ocean,Very Small,Open Roadstead,,,1.8,,Unknown,Unknown,Unknown,Emergency Only,Unknown,63.41667,22.28333
27670,Kaskinen,Kasko,FI KAS,Finland,Finland,Gulf of Bothnia; Baltic Sea; North Atlantic Ocean,Medium,Coastal (Natural),166.0,9.0,7.9,6.4,Yes,No,Small,Limited,Unknown,62.38333,21.23333
27410,Kemi, ,FI KEM,Finland,Finland,Gulf of Bothnia; Baltic Sea; North Atlantic Ocean,Small,Coastal (Natural),190.7,9.8,9.4,6.4,Yes,Yes,Small,Limited,Unknown,65.73333,24.56667
27560,Kokkola,Ykspihlaja,FI KOK,Finland,Finland,Gulf of Bothnia; Baltic Sea; North Atlantic Ocean,Large,Coastal (Natural),300.0,13.2,4.9,7.9,Yes,Yes,Small,Limited,Unknown,63.85,23.01667
28230,Kotka, ,FI KTK,Finland,Finland,Gulf of Finland; Baltic Sea; North Atlantic Ocean,Large,Coastal (Breakwater),244.9,10.0,14.0,6.4,Yes,Yes,Small,Limited,Medium,60.46667,26.96667
27680,Kristinestad,Kristiinankaupunki,FI KRS,Finland,Finland,Gulf of Bothnia; Baltic Sea; North Atlantic Ocean,Medium,Coastal (Natural),210.0,12.0,4.9,3.4,Yes,No,Small,Limited,Unknown,62.28333,21.4
28220,Loviisa,Lovisa,FI LOV,Finland,Finland,Gulf of Finland; Baltic Sea; North Atlantic Ocean,Very Small,Coastal (Natural),190.0,,7.9,6.4,Yes,Yes,Small,Limited,Unknown,60.45,26.23333
27750,Mantyluoto, ,FI MTY,Finland,Finland,Gulf of Bothnia; Baltic Sea; North Atlantic Ocean,Medium,Coastal (Breakwater),,,6.4,7.9,Unknown,Unknown,Medium,Moderate,Unknown,61.6,21.48333
27920,Mariehamn,Maarianhamina,FI MHQ,Finland,Finland,Baltic Sea; North Atlantic Ocean,Small,Coastal (Natural),240.0,7.6,6.4,4.9,Yes,No,Small,Moderate,Unknown,60.1,19.91667
27805,Naantali, ,FI NLI,Finland,Finland,Baltic Sea; North Atlantic Ocean,Very Small,Coastal (Natural),252.0,13.0,12.5,6.4,Yes,No,Small,Limited,Unknown,60.46667,22.01667
27580,Nykarleby,Uusikaarlepyy,FI UKP,Finland,Finland,Gulf of Bothnia; Baltic Sea; North Atlantic Ocean,Very Small,River (Basins),,,7.9,4.9,Unknown,Unknown,Small,Moderate,Unknown,63.51667,22.53333
27520,Oulu,Uleaborg,FI OUL,Finland,Finland,Gulf of Bothnia; Baltic Sea; North Atlantic Ocean,Large,River (Natural),241.7,10.0,6.4,6.4,Yes,Yes,Medium,Limited,Small,65.01667,25.4
27990,Pargas, ,FI PAR,Finland,Finland,Baltic Sea; North Atlantic Ocean,Very Small,Coastal (Natural),,,6.4,3.4,Unknown,Unknown,Unknown,Limited,Unknown,60.28333,22.06667
27570,Pietarsaari,Jakobstad,FI PRS,Finland,Finland,Gulf of Bothnia; Baltic Sea; North Atlantic Ocean,Medium,Coastal (Natural),241.7,11.0,7.9,4.9,Yes,No,Small,Limited,Unknown,63.68333,22.66667
27740,Pori, ,FI POR,Finland,Finland,Gulf of Bothnia; Baltic Sea; North Atlantic Ocean,Large,Coastal (Natural),254.6,11.1,6.4,7.9,Yes,Yes,Medium,Moderate,Unknown,61.48333,21.8
28185,Porkkala,Kantvik,FI POA,Finland,Finland,Gulf of Finland; Baltic Sea; North Atlantic Ocean,Very Small,Coastal (Natural),180.0,9.2,7.9,4.9,Yes,No,Unknown,Limited,Unknown,60.08333,24.38333
28210,Porvoo,Borga; Skoldvik,FISKV,Finland,Finland,Gulf of Finland; Baltic Sea; North Atlantic Ocean,Very Small,River (Natural),278.0,15.3,14.0,6.4,Yes,No,Small,Limited,Unknown,60.3,25.63333
27530,Raahe,Brahestad,FI RAA,Finland,Finland,Gulf of Bothnia; Baltic Sea; North Atlantic Ocean,Small,Coastal (Breakwater),200.0,10.0,7.9,7.9,Yes,Yes,Large,Limited,Unknown,64.68333,24.41667
27537,Rahja, ,FI KJO,Finland,Finland,Gulf of Bothnia; Baltic Sea; North Atlantic Ocean,Very Small,Coastal (Breakwater),175.0,8.5,3.4,4.9,Yes,No,Small,Limited,,64.21778,23.67972
27780,Rauma, ,FI RAU,Finland,Finland,Gulf of Bothnia; Baltic Sea; North Atlantic Ocean,Medium,Coastal (Breakwater),229.0,,9.4,4.9,Yes,Yes,Medium,Limited,Medium,61.125,21.44611
27870,Signilskar, , ,Finland,Finland,Baltic Sea; North Atlantic Ocean,Very Small,Coastal (Natural),,,4.9,,Unknown,Unknown,Unknown,Emergency Only,Unknown,60.2,19.33333
27755,Tahkoluoto, ,FI THK,Finland,Finland,Gulf of Bothnia; Baltic Sea; North Atlantic Ocean,Very Small,Open Roadstead,,,9.4,9.4,Unknown,Unknown,Medium,Moderate,Unknown,61.63333,21.4
27850,Tolkkinen, ,FI TOK,Finland,Finland,Gulf of Finland; Baltic Sea; North Atlantic Ocean,Very Small,Coastal (Breakwater),,,6.4,6.4,Unknown,Unknown,Small,Unknown,Unknown,60.03333,25.58333
27400,Tornio,Roytta,FI TOR,Finland,Finland,Gulf of Bothnia; Baltic Sea; North Atlantic Ocean,Small,River (Natural),169.0,8.0,7.9,6.4,Yes,Yes,Small,Limited,Unknown,65.76667,24.16667
27820,Turku, ,FI TKU,Finland,Finland,Baltic Sea; North Atlantic Ocean,Medium,River (Basins),218.2,,9.4,6.4,Yes,Yes,Small,Limited,Medium,60.45,22.23333
27825,Uto, ,FIUTO,Finland,Finland,Baltic Sea; North Atlantic Ocean,Small,Coastal (Natural),,9.0,4.0,,No,No,Unknown,Unknown,Unknown,59.78333,21.36667
27790,Uusikaupunki,Nystad,FI UKI,Finland,Finland,Gulf of Bothnia; Baltic Sea; North Atlantic Ocean,Small,Coastal (Breakwater),225.9,10.0,7.9,4.9,Yes,No,Small,Moderate,Small,60.8,21.4
27650,Vaasa,Vasa,FI VAA,Finland,Finland,Gulf of Bothnia; Baltic Sea; North Atlantic Ocean,Medium,Coastal (Natural),200.0,9.0,7.9,6.4,Yes,Yes,Small,Limited,Unknown,63.1,21.58333
27535,Veitsiluoto, ,FI VEI,Finland,Finland,Gulf of Bothnia; Baltic Sea; North Atlantic Ocean,Small,Coastal (Natural),,,6.4,6.4,Unknown,Unknown,Small,Limited,Unknown,65.7,24.61667
37170,Ambes,Bec Dambes,FR AMS,France,France West Coast,Bay of Biscay; North Atlantic Ocean,Small,River (Natural),,,6.4,9.4,Unknown,Unknown,Unknown,Emergency Only,Unknown,45.01667,-0.53333
38980,Antibes, ,FR ANT,France,France South Coast,Mediterranean Sea; North Atlantic Ocean,Very Small,Coastal (Breakwater),,,6.4,6.4,Unknown,Unknown,Small,Limited,Medium,43.58333,7.13333
11360,Baie Du Marigot, , ,France,St Martin,Caribbean Sea; North Atlantic Ocean,Very Small,Open Roadstead,,,6.4,4.9,Unknown,Unknown,Unknown,Unknown,Unknown,18.06667,-63.08333
39060,Bastia, ,FR BIA,France,Corse,Ligurian Sea; Mediterranean Sea; North Atlantic Ocean,Very Small,Coastal (Breakwater),,,17.1,7.9,Unknown,Unknown,Small,Limited,Unknown,42.7,9.45
37230,Bayonne, ,FR BAY,France,France West Coast,Bay of Biscay; North Atlantic Ocean,Medium,River (Natural),,,4.9,9.4,Unknown,Unknown,Unknown,Limited,Small,43.5,-1.46667
37160,Blaye, ,FR BYE,France,France West Coast,Bay of Biscay; North Atlantic Ocean,Small,River (Natural),,,7.9,6.4,Unknown,Unknown,Unknown,Limited,Unknown,45.13333,-0.66667
39080,Bonifacio, ,FR BON,France,Corse,Mediterranean Sea; North Atlantic Ocean,Very Small,Coastal (Natural),,,11.0,7.9,Unknown,Unknown,Unknown,,Unknown,41.38333,9.16667
37190,Bordeaux, ,FR BOD,France,France West Coast,Bay of Biscay; North Atlantic Ocean,Large,River (Tide Gates),,,12.5,7.9,Unknown,Unknown,Unknown,Major,Medium,44.86667,-0.56667
35760,Boulogne-Sur-Mer, ,FR BOL,France,France NW Coast,English Channel; North Atlantic Ocean,Medium,River (Tide Gates),,,4.9,11.0,Unknown,Unknown,Large,Limited,Small,50.73333,1.6
35750,Calais, ,FR CQF,France,France NW Coast,English Channel; North Atlantic Ocean,Small,Coastal (Breakwater),,,7.9,11.0,Unknown,Unknown,Small,Major,Small,50.96667,1.85
39110,Calvi, ,FR CLY,France,Corse,Ligurian Sea; Mediterranean Sea; North Atlantic Ocean,Very Small,Coastal (Natural),,,9.4,9.4,Unknown,Unknown,Unknown,Limited,Small,42.56667,8.75
38960,Cannes, ,FR CEQ,France,France South Coast,Mediterranean Sea; North Atlantic Ocean,Small,Coastal (Natural),,,7.9,4.9,Unknown,Unknown,Small,Limited,Unknown,43.55,7.01667
36620,Concarneau, ,FR COC,France,France West Coast,Bay of Biscay; North Atlantic Ocean,Very Small,Coastal (Breakwater),,,4.9,4.9,Unknown,Unknown,Small,Moderate,Unknown,47.86667,-3.91667
35870,Deauville, ,FR DOL,France,France NW Coast,English Channel; North Atlantic Ocean,Very Small,Canal or Lake,,,,3.4,Unknown,Unknown,Small,Limited,Small,49.36667,0.08333
35810,Dieppe, ,FR DPE,France,France NW Coast,English Channel; North Atlantic Ocean,Small,Canal or Lake,,,4.9,7.9,Unknown,Unknown,Small,Major,Small,49.93333,1.08333
36860,Donges, ,FR DON,France,France West Coast,Bay of Biscay; North Atlantic Ocean,Small,River (Natural),,,14.0,12.5,Unknown,Unknown,Unknown,Limited,Small,47.3,-2.06667
35730,Dunkerque Port Est, ,FR DKK,France,France NW Coast,North Sea; North Atlantic Ocean,Medium,River (Tide Gates),,,14.0,14.0,Unknown,Unknown,Unknown,Major,Large,51.05,2.38333
35732,Dunkerque Port Ouest, ,FR DKK,France,France NW Coast,North Sea; North Atlantic Ocean,Medium,Coastal (Tide Gates),,,20.1,21.6,Unknown,Unknown,Unknown,Limited,Unknown,51.06667,2.35
35830,Fecamp, ,FR FEC,France,France NW Coast,English Channel; North Atlantic Ocean,Small,Canal or Lake,,,,6.4,Unknown,Unknown,Small,Limited,Unknown,49.76667,0.36667
38775,Fos, ,FR FOS,France,France South Coast,Gulf of Lion; Mediterranean Sea; North Atlantic Ocean,Very Small,Coastal (Breakwater),,,21.6,6.4,Unknown,Unknown,Small,Moderate,Medium,43.41667,4.88333
36110,Granville, ,FR GFR,France,France NW Coast Cont,English Channel; North Atlantic Ocean,Very Small,Coastal (Tide Gates),,,,7.9,Unknown,Unknown,Small,Limited,Small,48.83333,-1.6
35740,Gravelines, ,FR GRV,France,France NW Coast,North Sea; North Atlantic Ocean,Very Small,River (Tide Gates),,,,,Unknown,Unknown,Small,Limited,Unknown,51.0,2.11667
35860,Honfleur, ,FR HON,France,France NW Coast,English Channel; North Atlantic Ocean,Very Small,River (Tide Gates),,,3.4,7.9,Unknown,Unknown,Unknown,Moderate,Unknown,49.41667,0.21667
39120,L'ile Rousse, ,FR ILR,France,Corse,Ligurian Sea; Mediterranean Sea; North Atlantic Ocean,Very Small,Coastal (Breakwater),,,6.4,7.9,Unknown,Unknown,Unknown,Limited,Unknown,42.63333,8.93333
37000,La Pallice, ,FR LPE,France,France West Coast,Bay of Biscay; North Atlantic Ocean,Medium,Coastal (Tide Gates),,,11.0,14.0,Unknown,Unknown,Unknown,Major,Medium,46.16667,-1.21667
37010,La Rochelle, ,FR LRH,France,France West Coast,Bay of Biscay; North Atlantic Ocean,Medium,Coastal (Tide Gates),,,11.0,9.4,Unknown,Unknown,Small,Major,Small,46.15,-1.15
36220,Le Legue,St Brieuc,FR LLG,France,France NW Coast Cont,English Channel; North Atlantic Ocean,Very Small,River (Tide Gates),,,,4.9,Unknown,Unknown,Unknown,Limited,Unknown,48.53333,-2.75
35800,Le Treport,Treport,FR LTR,France,France NW Coast,English Channel; North Atlantic Ocean,Very Small,River (Tide Gates),,,,6.4,Unknown,Unknown,Small,Limited,Unknown,50.06667,1.36667
37120,Le Verdon, ,FR LVE,France,France West Coast,Bay of Biscay; North Atlantic Ocean,Small,River (Natural),,,12.5,15.5,Unknown,Unknown,Unknown,Emergency Only,Small,45.55,-1.05
36960,Les Sables D' Olonne, ,FR LSO,France,France West Coast,Bay of Biscay; North Atlantic Ocean,Medium,River (Basins),,,6.4,6.4,Unknown,Unknown,Unknown,Limited,Unknown,46.5,-1.8
36280,Lezardrieux, ,FR LZD,France,France NW Coast Cont,English Channel; North Atlantic Ocean,Very Small,River (Natural),80.0,8.0,,2.0,Unknown,Unknown,Unknown,Unknown,Unknown,48.7903,-3.09886
36680,Lorient, ,FR LRT,France,France West Coast,Bay of Biscay; North Atlantic Ocean,Medium,River (Natural),,,7.9,10.0,Yes,Yes,Small,Limited,Medium,47.75,-3.35
38810,Marseille, ,FR MRS,France,France South Coast,Gulf of Lion; Mediterranean Sea; North Atlantic Ocean,Small,Coastal (Breakwater),,,12.5,15.5,Unknown,Unknown,Small,Major,Large,43.31667,5.36667
36855,Montoir, ,FR MTX,France,France NW Coast Cont,Bay of Biscay; North Atlantic Ocean,Medium,River (Natural),,,12.5,11.0,Unknown,Unknown,Unknown,Unknown,Unknown,47.3,-2.13333
36360,Morlaix, ,FR MXN,France,France NW Coast Cont,English Channel; North Atlantic Ocean,Small,River (Tide Gates),,,,3.4,Unknown,Unknown,Medium,Limited,Unknown,48.58333,-3.83333
36900,Nantes, ,FR NTE,France,France West Coast,Bay of Biscay; North Atlantic Ocean,Medium,River (Natural),,,7.9,4.9,Unknown,Unknown,Medium,Major,Small,47.2,-1.56667
38990,Nice, ,FR NCE,France,France South Coast,Mediterranean Sea; North Atlantic Ocean,Small,Coastal (Breakwater),,,6.4,7.9,Unknown,Unknown,Small,Limited,Unknown,43.7,7.28333
35885,Ouistreham, ,FR OUI,France,France NW Coast,English Channel; North Atlantic Ocean,Very Small,Canal or Lake,,,6.4,7.9,Unknown,Unknown,Unknown,Limited,Small,49.28333,-0.25
36260,Paimpol, ,FR PAI,France,France NW Coast Cont,English Channel; North Atlantic Ocean,Very Small,River (Tide Gates),,,,3.4,Unknown,Unknown,Small,Limited,Unknown,48.78333,-3.05
37150,Pauillac, ,FR PAP,France,France West Coast,Bay of Biscay; North Atlantic Ocean,Small,River (Natural),,,9.4,11.0,Unknown,Unknown,Unknown,Limited,Medium,45.2,-0.75
36290,Pontrieux, ,FR POX,France,France NW Coast Cont,English Channel; North Atlantic Ocean,Very Small,River (Natural),,,1.8,3.4,Unknown,Unknown,Unknown,Emergency Only,Unknown,48.70951,-3.1462
39100,Port D' Ajaccio, ,FR AJA,France,Corse,Mediterranean Sea; North Atlantic Ocean,Small,Coastal (Breakwater),,,23.2,7.9,Unknown,Unknown,Unknown,Limited,Unknown,41.91667,8.75
35880,Port De Caen,Ouistreham,FR CFR,France,France NW Coast,English Channel; North Atlantic Ocean,Small,Canal or Lake,,,6.4,7.9,Unknown,Unknown,Large,Limited,Small,49.18333,-0.35
39090,Port De Propriano, ,FR PRP,France,Corse,Mediterranean Sea; North Atlantic Ocean,Very Small,Coastal (Breakwater),,,9.4,4.9,Unknown,Unknown,Unknown,,Unknown,41.68333,8.9
36370,Port De Roscoff-Bloscon, ,FR ROS,France,France NW Coast Cont,English Channel; North Atlantic Ocean,Very Small,Coastal (Breakwater),,,4.9,6.4,Unknown,Unknown,Medium,Limited,Unknown,48.73333,-3.98333
35835,Port Du Havre-Antifer, , ,France,France NW Coast,English Channel; North Atlantic Ocean,Small,Coastal (Breakwater),,,23.2,,Unknown,Unknown,Unknown,Unknown,Unknown,49.65,0.15
35840,Port Of Le Havre, ,FR LEH,France,France NW Coast,English Channel; North Atlantic Ocean,Large,River (Tide Gates),,,14.0,15.5,Unknown,Unknown,Medium,Major,Large,49.48333,0.11667
35850,Port Of Rouen, ,FR URO,France,France NW Coast,English Channel; North Atlantic Ocean,Large,River (Natural),,,9.4,11.0,Unknown,Unknown,Large,Major,Small,49.45,1.06667
38770,Port Saint Louis Du Rhone,St Louis Du Rhone,FR PSL,France,France South Coast,Gulf of Lion; Mediterranean Sea; North Atlantic Ocean,Small,Canal or Lake,,,6.4,17.1,Unknown,Unknown,Small,Limited,Unknown,43.38333,4.81667
38730,Port-La-Nouvelle,La Nouvelle,FR NOU,France,France South Coast,Gulf of Lion; Mediterranean Sea; North Atlantic Ocean,Small,Canal or Lake,,,4.9,7.9,Unknown,Unknown,Small,Limited,Unknown,43.01667,3.06667
38720,Port-Vendres,Vendres,FR POV,France,France South Coast,Gulf of Lion; Mediterranean Sea; North Atlantic Ocean,Small,Coastal (Breakwater),,,7.9,7.9,Unknown,Unknown,Unknown,Limited,Small,42.51667,3.11667
38780,Port-de-Bouc,Lavera,FR PDB,France,France South Coast,Gulf of Lion; Mediterranean Sea; North Atlantic Ocean,Small,Coastal (Breakwater),,,11.0,7.9,Unknown,Unknown,Small,Major,Unknown,43.4,4.98333
39070,Porto Vecchio, ,FR PVO,France,Corse,Tyrrhenian Sea; Mediterranean Sea; North Atlantic Ocean,Very Small,Coastal (Natural),,,4.9,7.9,Unknown,Unknown,Unknown,Unknown,Unknown,41.58333,9.28333
36460,Rade De Brest, ,FR BES,France,France West Coast,North Atlantic Ocean,Large,Coastal (Breakwater),,,12.5,12.5,Yes,Yes,Large,Major,Large,48.38333,-4.5
35950,Rade De Cherbourg, ,FR CER,France,France NW Coast,English Channel; North Atlantic Ocean,Large,Coastal (Tide Gates),,,9.4,12.5,Unknown,Unknown,Large,Major,Medium,49.65,-1.63333
37040,Rochefort, ,FR RCO,France,France West Coast,Bay of Biscay; North Atlantic Ocean,Medium,River (Tide Gates),,,1.8,6.4,Unknown,Unknown,Small,Limited,Unknown,45.93333,-0.95
36130,Saint-Malo, ,FR SML,France,France NW Coast Cont,English Channel; North Atlantic Ocean,Small,Coastal (Tide Gates),,,3.4,7.9,Unknown,Unknown,Medium,Major,Small,48.65,-2.01667
38940,Saint-Raphael, ,FR SRL,France,France South Coast,Mediterranean Sea; North Atlantic Ocean,Very Small,Coastal (Breakwater),,,,1.8,Unknown,Unknown,Small,Limited,Unknown,43.41667,6.76667
38920,Saint-Tropez, ,FR STP,France,France South Coast,Mediterranean Sea; North Atlantic Ocean,Very Small,Coastal (Breakwater),,,4.9,4.9,Unknown,Unknown,Small,Unknown,Unknown,43.26667,6.63333
35790,Saint-Valery-Sur-Somme, ,FR SVS,France,France NW Coast,English Channel; North Atlantic Ocean,Very Small,Coastal (Breakwater),,,,3.4,Unknown,Unknown,Unknown,Emergency Only,Unknown,50.18333,1.61667
38750,Sete, ,FR SET,France,France South Coast,Gulf of Lion; Mediterranean Sea; North Atlantic Ocean,Small,Coastal (Breakwater),,,14.0,12.5,Unknown,Unknown,Large,Limited,Unknown,43.4,3.7
36850,St Nazaire, ,FR SNR,France,France West Coast,Bay of Biscay; North Atlantic Ocean,Medium,River (Tide Gates),,,12.5,7.9,Unknown,Unknown,Unknown,Major,Medium,47.28333,-2.2
37050,Tonnay Charente, ,FR TON,France,France West Coast,Bay of Biscay; North Atlantic Ocean,Small,River (Natural),,,4.9,4.9,Unknown,Unknown,Unknown,Limited,Unknown,45.93333,-0.9
38870,Toulon, ,FR TLN,France,France South Coast,Mediterranean Sea; North Atlantic Ocean,Large,Coastal (Breakwater),,,9.4,9.4,Unknown,Unknown,Medium,Moderate,Medium,43.1,5.91667
36300,Treguier, ,FR TRE,France,France NW Coast Cont,English Channel; North Atlantic Ocean,Very Small,River (Natural),,,3.4,15.5,Unknown,Unknown,Unknown,Limited,Unknown,48.78333,-3.23333
39000,Villefranche, ,FR VSS,France,France South Coast,Mediterranean Sea; North Atlantic Ocean,Very Small,Coastal (Breakwater),,,4.9,,Unknown,Unknown,Small,Limited,Small,43.7,7.31667
12455,Degrad Des Cannes, ,GF DDC,French Guiana,French Guiana,North Atlantic Ocean,Very Small,River (Natural),190.0,7.1,3.5,6.0,Unknown,Unknown,Unknown,Limited,Unknown,4.85,-52.26667
56010,Atuona, ,PF AUQ,French Polynesia,Iles Marquises,South Pacific Ocean,Very Small,Coastal (Natural),,,12.5,,Unknown,Unknown,Unknown,Unknown,Unknown,-9.81667,-139.03333
56015,Baie Taiohae,Anne Marie Bay,PF TAI,French Polynesia,Iles Marquises,South Pacific Ocean,Very Small,Coastal (Natural),,,9.4,,Unknown,Unknown,Unknown,Unknown,Unknown,-8.93333,-140.08333
55840,Papeete, ,PF PPT,French Polynesia,Society Islands,South Pacific Ocean,Small,Coastal (Natural),348.0,,9.4,9.4,Unknown,Unknown,Medium,Major,Unknown,-17.53333,-149.58333
55960,Port Rikitea, , ,French Polynesia,Iles Tuamotu,South Pacific Ocean,Very Small,Coastal (Natural),,,7.9,1.8,Unknown,Unknown,Unknown,Unknown,Unknown,-23.11667,-134.96667
55800,Uturoa, ,PF UTU,French Polynesia,Society Islands,South Pacific Ocean,Very Small,Coastal (Natural),,,11.0,6.4,Unknown,Unknown,Unknown,Emergency Only,Unknown,-16.73333,-151.45
55770,Vaitape,Boro Boro,PF VAI,French Polynesia,Society Islands,South Pacific Ocean,Very Small,Coastal (Breakwater),,,9.4,3.4,Unknown,Unknown,Unknown,Limited,Unknown,-16.5,-151.75
46445,Cap Lopez,ELF Gabon Oil Terminal,GA CLZ,Gabon,Gabon,Gulf of Guinea; North Atlantic Ocean,Very Small,Open Roadstead,340.0,20.5,30.0,,Unknown,Unknown,,Unknown,Unknown,-0.63333,8.71667
46459,Dussafu Terminal,FPSO BW Adolo, ,Gabon,Gabon,South Atlantic Ocean,Very Small,Open Roadstead,,,23.2,23.2,Unknown,Unknown,Unknown,Unknown,Unknown,-4.25,10.81667
46451,Etame Terminal,FPSO Petroleo Nautipa,GA ETA,Gabon,Gabon,South Atlantic Ocean,Very Small,Open Roadstead,,,23.2,23.2,Unknown,Unknown,Unknown,Unknown,Unknown,-3.75,10.51667
46453,Gamba Oil Terminal, ,GA GAX,Gabon,Gabon,South Atlantic Ocean,Very Small,Open Roadstead,,,23.2,,Unknown,Unknown,Unknown,,Unknown,-2.83333,10.0
46430,Libreville, ,GA LBV,Gabon,Gabon,Gulf of Guinea; North Atlantic Ocean,Medium,Open Roadstead,76.0,2.0,1.8,3.0,Yes,Yes,Unknown,Limited,Unknown,0.38333,9.45
46454,M'bya Oil Terminal,FSO Mayumba,GA MBY,Gabon,Gabon,South Atlantic Ocean,Very Small,Open Roadstead,,,23.2,,Unknown,Unknown,Unknown,,Unknown,-3.88333,10.93333
46446,Oguendjo Terminal, ,GA OGU,Gabon,Gabon,South Atlantic Ocean,Small,Open Roadstead,,,21.6,,Unknown,Unknown,Unknown,,Unknown,-1.46667,8.91667
46452,Olowi Marine Terminal, , ,Gabon,Gabon,South Atlantic Ocean,Very Small,Open Roadstead,,,,,Unknown,Unknown,Unknown,Unknown,Unknown,-3.13333,10.21667
46440,Port Gentil, ,GA POG,Gabon,Gabon,Gulf of Guinea; North Atlantic Ocean,Medium,Coastal (Natural),210.0,11.0,27.0,9.0,Unknown,Yes,,,,-0.7,8.8
46435,Port Owendo,Port Ovendo,GA OWE,Gabon,Gabon,Gulf of Guinea; North Atlantic Ocean,Small,Open Roadstead,300.0,11.0,11.0,14.0,Yes,Yes,Small,Unknown,Unknown,0.28333,9.5
44350,Batumi, ,GE BUS,Georgia,Georgia,Black Sea; North Atlantic Ocean,Small,Coastal (Breakwater),229.0,11.5,9.0,12.0,Yes,Yes,Small,Limited,Unknown,41.65,41.65
44320,Sokhumi, ,GE ABK,Georgia,Georgia,Black Sea; North Atlantic Ocean,Very Small,Open Roadstead,190.0,7.8,9.4,6.0,No,No,Unknown,,Unknown,42.98333,40.98333
44345,Supsa Marine Terminal, ,GE SPS,Georgia,Georgia,Black Sea; North Atlantic Ocean,Very Small,Open Roadstead,,,20.0,,No,No,Unknown,Moderate,Unknown,42.1,41.71667
30850,Brake, ,DE BKE,Germany,Germany,North Sea; North Atlantic Ocean,Medium,River (Tide Gates),,,7.9,11.0,Unknown,Unknown,Unknown,Limited,Small,53.33333,8.48333
30900,Bremen, ,DE BRE,Germany,Germany,North Sea; North Atlantic Ocean,Large,River (Tide Gates),,,7.9,4.9,Unknown,Unknown,Unknown,Major,Small,53.13333,8.76667
30810,Bremerhaven, ,DE BRV,Germany,Germany,North Sea; North Atlantic Ocean,Large,River (Tide Gates),,,11.0,4.9,Unknown,Unknown,Large,Major,Small,53.53333,8.58333
30720,Brunsbuttel Canal Terminals, ,DE BRB,Germany,Germany,North Sea; North Atlantic Ocean,Small,Canal or Lake,,,11.0,11.0,Unknown,Unknown,Small,Unknown,Unknown,53.9,9.15
30710,Brunsbuttel Elbahafen, ,DE BRB,Germany,Germany,North Sea; North Atlantic Ocean,Very Small,River (Natural),,,12.5,12.5,Unknown,Unknown,Small,Unknown,Unknown,53.88333,9.16667
30695,Busum, ,DE BUM,Germany,Germany,North Sea; North Atlantic Ocean,Very Small,Coastal (Natural),,,6.4,1.8,Unknown,Unknown,Small,Limited,Unknown,54.13333,8.86667
30785,Butzfleth, ,DE BUZ,Germany,Germany,North Sea; North Atlantic Ocean,Small,Open Roadstead,,,12.5,14.0,Unknown,Unknown,Small,Limited,Unknown,53.65,9.51667
30800,Cuxhaven, ,DE CUX,Germany,Germany,North Sea; North Atlantic Ocean,Medium,River (Basins),,,14.0,6.4,Unknown,Unknown,Large,Moderate,Unknown,53.86667,8.71667
28950,Eckernforde, ,DE ECK,Germany,Germany,Baltic Sea; North Atlantic Ocean,Small,River (Basins),,5.0,6.4,4.9,No,No,Unknown,,Unknown,54.48333,9.83333
30860,Elsfleth, ,DE ELS,Germany,Germany,North Sea; North Atlantic Ocean,Very Small,River (Tide Gates),,,3.4,3.4,Unknown,Unknown,Small,Limited,Small,53.23333,8.46667
30950,Emden, ,DE EME,Germany,Germany,North Sea; North Atlantic Ocean,Medium,River (Tide Gates),,,7.9,6.4,Unknown,Unknown,Medium,Major,Large,53.33333,7.18333
29005,Flensburg, ,DE FLF,Germany,Germany,Baltic Sea; North Atlantic Ocean,Small,River (Basins),,8.0,4.9,4.9,Yes,No,Small,Major,Unknown,54.8,9.43333
30760,Gluckstadt, ,DE GLU,Germany,Germany,North Sea; North Atlantic Ocean,Small,Coastal (Tide Gates),,,3.4,,Unknown,Unknown,Medium,Unknown,Unknown,53.78333,9.41667
30780,Hamburg, ,DE HAM,Germany,Germany,North Sea; North Atlantic Ocean,Large,Canal or Lake,,,9.4,6.4,Unknown,Unknown,Large,Major,Medium,53.55,9.93333
28920,Heiligenhafen, ,DE HHF,Germany,Germany,Baltic Sea; North Atlantic Ocean,Very Small,Coastal (Breakwater),116.0,4.0,5.0,3.4,Yes,No,Small,Limited,Unknown,54.36667,10.98333
30930,Helgoland,Helgoland Vorhafen,DEHGL,Germany,Germany,North Sea; North Atlantic Ocean,Unknown, ,,,,,Unknown,Unknown,Unknown,Unknown,Unknown,54.17244,7.89572
30680,Husum, ,DE HUS,Germany,Germany,North Sea; North Atlantic Ocean,Very Small,River (Natural),,,1.8,3.4,Unknown,Unknown,Small,Moderate,Unknown,54.48333,9.05
30725,Itzehoe, ,DE ITZ,Germany,Germany,North Sea; North Atlantic Ocean,Very Small,River (Natural),,,4.9,1.8,Unknown,Unknown,Small,Limited,Unknown,53.91667,9.51667
28955,Kappeln, ,DE KAP,Germany,Germany,Baltic Sea; North Atlantic Ocean,Very Small,River (Natural),,3.5,1.8,1.8,No,No,Small,Limited,Unknown,54.66667,9.93333
28930,Kiel, ,DE KEL,Germany,Germany,Baltic Sea; North Atlantic Ocean,Large,River (Basins),315.7,10.5,11.0,4.9,Yes,Yes,Small,Major,Medium,54.31667,10.13333
30960,Leer, ,DE LEE,Germany,Germany,North Sea; North Atlantic Ocean,Very Small,River (Tide Gates),,,3.4,3.4,Unknown,Unknown,Small,Limited,Small,53.23333,7.45
28890,Lubeck, ,DE LBC,Germany,Germany,Baltic Sea; North Atlantic Ocean,Medium,Canal or Lake,241.8,8.7,7.9,7.9,Yes,Yes,Medium,Major,Small,53.88333,10.7
28880,Lubeck-Travemunde, ,DE TRV,Germany,Germany,Baltic Sea; North Atlantic Ocean,Small,River (Natural),,,7.9,9.4,Unknown,Unknown,Medium,Moderate,Medium,53.96667,10.88333
30740,Neuhaus, ,DE NEH,Germany,Germany,North Sea; North Atlantic Ocean,Very Small,River (Natural),,,3.4,1.8,Unknown,Unknown,Small,Unknown,Unknown,53.8,9.03333
28900,Neustadt, ,DE NGL,Germany,Germany,Baltic Sea; North Atlantic Ocean,Very Small,River (Natural),,,4.9,4.9,Unknown,Unknown,Small,Limited,Unknown,54.1,10.81667
30840,Nordenham, ,DE NHA,Germany,Germany,North Sea; North Atlantic Ocean,Small,River (Natural),,,11.0,12.5,Unknown,Unknown,Small,Limited,Small,53.48333,8.48333
30870,Oldenburg, ,DE OLO,Germany,Germany,North Sea; North Atlantic Ocean,Very Small,River (Natural),,,1.8,3.4,Unknown,Unknown,Small,Limited,Unknown,53.11667,8.21667
28912,Orth, ,DE ORT,Germany,Germany,Baltic Sea; North Atlantic Ocean,Very Small,Coastal (Breakwater),,,1.8,1.8,Unknown,Unknown,Small,Unknown,Unknown,54.45,11.05
30970,Papenburg, ,DE PAP,Germany,Germany,North Sea; North Atlantic Ocean,Small,Canal or Lake,,,3.4,4.9,Unknown,Unknown,Unknown,Limited,Medium,53.1,7.38333
30730,Rendsburg, ,DE REN,Germany,Germany,Baltic Sea; North Atlantic Ocean,Small,Canal or Lake,,,11.0,3.4,Unknown,Unknown,Small,Limited,Medium,54.3,9.68333
28860,Rostock, ,DE RSK,Germany,Germany,Baltic Sea; North Atlantic Ocean,Large,River (Natural),330.0,13.0,7.9,4.9,Yes,No,Large,Major,Small,54.1,12.13333
28840,Sassnitz, ,DE SAS,Germany,Germany,Baltic Sea; North Atlantic Ocean,Very Small,Open Roadstead,229.0,9.5,9.4,3.4,Yes,Yes,Small,Limited,Unknown,54.51667,13.65
28848,Stralsund, ,DE STL,Germany,Germany,Baltic Sea; North Atlantic Ocean,Very Small,Coastal (Breakwater),119.3,6.5,3.4,4.9,Yes,No,Medium,Major,Unknown,54.31667,13.1
30910,Wilhelmshaven, ,DE WVN,Germany,Germany,North Sea; North Atlantic Ocean,Small,Coastal (Tide Gates),,,20.1,11.0,Unknown,Unknown,Small,Moderate,Small,53.53333,8.16667
28870,Wismar, ,DE WIS,Germany,Germany,Baltic Sea; North Atlantic Ocean,Small,Coastal (Natural),294.0,8.5,9.4,7.9,Yes,Yes,Medium,Limited,Small,53.9,11.46667
28828,Wolgast, ,DE WOL,Germany,Germany,Baltic Sea; North Atlantic Ocean,Very Small,River (Natural),,6.5,4.9,4.9,Yes,Unknown,Small,Moderate,Unknown,54.05,13.78333
46063,Saltpond, ,GH SPD,Ghana,Ghana,Gulf of Guinea; North Atlantic Ocean,Very Small,Open Roadstead,,,23.2,,Unknown,Unknown,Unknown,Unknown,Unknown,5.2,-1.05
46045,Sekondi, ,GH SEK,Ghana,Ghana,Gulf of Guinea; North Atlantic Ocean,Very Small,Coastal (Breakwater),,,9.4,8.4,Unknown,Unknown,Unknown,Limited,Unknown,4.95,-1.7
46040,Takoradi, ,GH TKD,Ghana,Ghana,Gulf of Guinea; North Atlantic Ocean,Medium,Coastal (Breakwater),225.0,13.3,11.0,16.0,Yes,Yes,Large,Limited,Small,4.88333,-1.73333
46070,Tema, ,GH TEM,Ghana,Ghana,Gulf of Guinea; North Atlantic Ocean,Small,Coastal (Breakwater),366.5,16.0,12.5,19.0,Yes,Yes,Medium,Moderate,Medium,5.63194,0.01556
38330,Europa Point, , ,Gibraltar,Gibraltar,Strait of Gibraltar; North Atlantic Ocean,Medium,Coastal (Breakwater),,,12.5,7.9,Unknown,Unknown,Small,Major,Medium,36.13333,-5.35
42434,Achladi, ,GR ACL,Greece,Greece East Coast,Aegean Sea; Mediterranean Sea; North Atlantic Ocean,Very Small,Coastal (Natural),,,,15.5,Unknown,Unknown,Unknown,Limited,Unknown,38.9,22.81667
41840,Aigio,Aegion; Ormos Aiyiou; Vostitza,GR GIE,Greece,Greece West Coast,Ionian Sea; Mediterranean Sea; North Atlantic Ocean,Very Small,Open Roadstead,,,11.0,4.9,Unknown,Unknown,Small,Unknown,Unknown,38.25,22.08333
42630,Alexandroupoli, ,GR AXD,Greece,Greece East Coast,Aegean Sea; Mediterranean Sea; North Atlantic Ocean,Medium,Coastal (Breakwater),,,9.4,9.4,Unknown,Unknown,Large,Limited,Unknown,40.83333,25.88333
42890,Andros,Kastron,GR AND,Greece,Kikladhes,Aegean Sea; Mediterranean Sea; North Atlantic Ocean,Very Small,Coastal (Natural),,,11.0,1.8,Unknown,Unknown,Unknown,Unknown,Unknown,37.83333,24.95
41790,Argostolion, ,GR ARM,Greece,Greece West Coast,Mediterranean Sea; North Atlantic Ocean,Very Small,Coastal (Natural),,5.5,,5.5,Unknown,Unknown,Unknown,Limited,Unknown,38.18333,20.51667
42345,Astakos, ,GR AST,Greece,Greece East Coast,Ionian Sea; Mediterranean Sea; North Atlantic Ocean,Small,Coastal (Natural),,,,3.4,Unknown,Unknown,Unknown,,Unknown,38.48333,21.1
42180,Ayios Nikolaos,Arapis, ,Greece,Greece East Coast,Aegean Sea; Mediterranean Sea; North Atlantic Ocean,Very Small,Coastal (Breakwater),,,9.4,7.9,Unknown,Unknown,Unknown,Major,Small,37.98333,23.53333
43155,Ayios Nikolaos, ,GR ANI,Greece,Kriti,Aegean Sea; Mediterranean Sea; North Atlantic Ocean,Very Small,Coastal (Natural),130.0,8.0,,8.5,Unknown,Unknown,Unknown,Limited,Unknown,35.2,25.71667
42880,Gavrio, ,GR GAV,Greece,Kikladhes,Aegean Sea; Mediterranean Sea; North Atlantic Ocean,Very Small,Coastal (Natural),,,11.0,1.8,Unknown,Unknown,Unknown,Unknown,Unknown,37.88333,24.73333
43130,Iraklion,Candia; Megalo Kastron,GR HER,Greece,Kriti,Aegean Sea; Mediterranean Sea; North Atlantic Ocean,Medium,Coastal (Breakwater),,,7.9,7.9,Unknown,Unknown,Small,Limited,Unknown,35.35,25.15
41820,Itea,Salona,GR ITA,Greece,Greece West Coast,Ionian Sea; Mediterranean Sea; North Atlantic Ocean,Very Small,Open Roadstead,,,9.4,6.4,Unknown,Unknown,Unknown,,Unknown,38.43333,22.41667
41940,Kalamata,Kalamon,GR KLX,Greece,Greece West Coast,Mediterranean Sea; North Atlantic Ocean,Small,Coastal (Breakwater),,,9.4,9.4,Unknown,Unknown,Small,Limited,Unknown,37.01667,22.11667
43165,Kali Limenes, ,GR KLL,Greece,Kriti,Mediterranean Sea; North Atlantic Ocean,Very Small,Coastal (Natural),,,12.5,,Unknown,Unknown,Unknown,,Unknown,34.93333,24.83333
43260,Kalimnos,Calino,GR KMI,Greece,Dhodhekanisos,Aegean Sea; Mediterranean Sea; North Atlantic Ocean,Very Small,Coastal (Natural),,,11.0,4.9,Unknown,Unknown,Unknown,Limited,Unknown,36.95,26.98333
41880,Katakolon, ,GR KAK,Greece,Greece West Coast,Mediterranean Sea; North Atlantic Ocean,Very Small,Coastal (Breakwater),,,9.4,9.4,Unknown,Unknown,Small,Limited,Unknown,37.65,21.31667
42600,Kavala, ,GR KVA,Greece,Greece East Coast,Aegean Sea; Mediterranean Sea; North Atlantic Ocean,Small,Coastal (Breakwater),,,11.0,7.9,Unknown,Unknown,Small,Limited,Unknown,40.93333,24.4
43093,Kavonisi-Kissamos, , ,Greece,Kikladhes,Aegean Sea; Mediterranean Sea; North Atlantic Ocean,Very Small,Coastal (Breakwater),,,,7.9,Unknown,Unknown,Unknown,Limited,Small,35.51667,23.63333
41720,Kerkira,Corfu,GR CFU,Greece,Greece West Coast,Ionian Sea; Mediterranean Sea; North Atlantic Ocean,Medium,Open Roadstead,,,7.9,3.4,Unknown,Unknown,Small,Limited,Large,39.61667,19.93333
42820,Khios,Khiou,GR JKH,Greece,Aegean Islands,Aegean Sea; Mediterranean Sea; North Atlantic Ocean,Very Small,Coastal (Breakwater),,,,7.5,Unknown,Unknown,Small,Limited,Unknown,38.36667,26.13333
42420,Kymassi, ,GR KYM,Greece,Greece East Coast,Aegean Sea; Mediterranean Sea; North Atlantic Ocean,Very Small,Coastal (Natural),,,,7.9,Unknown,Unknown,Unknown,Unknown,Unknown,38.83333,23.46667
42620,Lagos, ,GR PTL,Greece,Greece East Coast,Aegean Sea; Mediterranean Sea; North Atlantic Ocean,Very Small,Coastal (Natural),,,3.4,4.9,Unknown,Unknown,Unknown,Unknown,Unknown,41.0,25.13333
43280,Lakki,Temania,GR PKK,Greece,Dhodhekanisos,Aegean Sea; Mediterranean Sea; North Atlantic Ocean,Very Small,Coastal (Natural),,,23.2,6.4,Unknown,Unknown,Unknown,Limited,Unknown,37.13333,26.85
42415,Larimna,Larmes, ,Greece,Greece East Coast,Aegean Sea; Mediterranean Sea; North Atlantic Ocean,Very Small,Coastal (Natural),,,11.0,11.0,Unknown,Unknown,Unknown,Unknown,Unknown,38.56667,23.28333
42120,Lavrio, ,GR LAV,Greece,Greece East Coast,Aegean Sea; Mediterranean Sea; North Atlantic Ocean,Very Small,Coastal (Breakwater),,,4.9,4.9,Unknown,Unknown,Unknown,Limited,Unknown,37.7,24.06667
43250,Limin Kos,Coo; Stanko,GR KGS,Greece,Dhodhekanisos,Aegean Sea; Mediterranean Sea; North Atlantic Ocean,Very Small,Open Roadstead,,,4.9,3.4,Unknown,Unknown,Large,Limited,Unknown,36.9,27.28333
42920,Limin Sirou,Ano Siros; Ermoupolis; Siros; Syra,GR JSY,Greece,Kikladhes,Aegean Sea; Mediterranean Sea; North Atlantic Ocean,Very Small,Coastal (Breakwater),,,20.1,4.9,Unknown,Unknown,Small,Major,Medium,37.43333,24.95
42160,Megara Oil Terminal, ,GR MGR,Greece,Greece East Coast,Aegean Sea; Mediterranean Sea; North Atlantic Ocean,Very Small,Open Roadstead,,,,,Unknown,Unknown,Unknown,Unknown,Unknown,37.96667,23.4
41800,Mesolongion, ,GR MEL,Greece,Greece West Coast,Ionian Sea; Mediterranean Sea; North Atlantic Ocean,Very Small,Coastal (Breakwater),,,4.9,4.9,Unknown,Unknown,Unknown,Limited,Unknown,38.36667,21.41667
42905,Mikonos,Mykonos,GR JMK,Greece,Kikladhes,Aegean Sea; Mediterranean Sea; North Atlantic Ocean,Very Small,Coastal (Natural),,,4.9,6.4,Unknown,Unknown,Unknown,Unknown,Small,37.45,25.33333
42490,Miliana,Melina, ,Greece,Greece East Coast,Aegean Sea; Mediterranean Sea; North Atlantic Ocean,Very Small,Coastal (Natural),,,23.2,,Unknown,Unknown,Unknown,Unknown,Unknown,39.16667,23.21667
43030,Milos,Adamas,GR MLO,Greece,Kikladhes,Aegean Sea; Mediterranean Sea; North Atlantic Ocean,Very Small,Coastal (Natural),,,21.6,3.4,Unknown,Unknown,Unknown,,Unknown,36.71667,24.45
42760,Mitilini, ,GR MJT,Greece,Aegean Islands,Aegean Sea; Mediterranean Sea; North Atlantic Ocean,Small,Coastal (Breakwater),,,,8.0,Unknown,Unknown,Unknown,Limited,Unknown,39.1,26.56667
42050,Navplio,Nauplia,GR NPK,Greece,Greece East Coast,Aegean Sea; Mediterranean Sea; North Atlantic Ocean,Very Small,Coastal (Breakwater),,,4.9,4.9,Unknown,Unknown,Small,Limited,Unknown,37.56667,22.8
42840,Neon Karlovas,Karlovasion; Neon Karlovasion,GR KAR,Greece,Aegean Islands,Aegean Sea; Mediterranean Sea; North Atlantic Ocean,Small,Coastal (Breakwater),,,,3.4,Unknown,Unknown,Unknown,Limited,Unknown,37.8,26.68333
42980,Nisos Naxos,Naxia,GR JNX,Greece,Kikladhes,Aegean Sea; Mediterranean Sea; North Atlantic Ocean,Very Small,Open Roadstead,,,11.0,1.8,Unknown,Unknown,Unknown,Unknown,Unknown,37.1,25.36667
42340,Ormos Aliveriou, ,GR LVR,Greece,Greece East Coast,Aegean Sea; Mediterranean Sea; North Atlantic Ocean,Medium,Coastal (Breakwater),,,11.0,4.9,Unknown,Unknown,Unknown,Unknown,Unknown,38.38333,24.05
41850,Patrai,Patari Harbor; Patras; Patron,GR GPA,Greece,Greece West Coast,Ionian Sea; Mediterranean Sea; North Atlantic Ocean,Small,Coastal (Breakwater),,,6.4,11.0,Unknown,Unknown,Small,Limited,Unknown,38.25,21.73333
41910,Pilos,Navarin; Navarinou; Neo Kastro; Pilos,GR NAV,Greece,Greece West Coast,Mediterranean Sea; North Atlantic Ocean,Very Small,Coastal (Natural),,,4.9,9.4,Unknown,Unknown,Unknown,Unknown,Unknown,36.9,21.66667
42230,Piraievs,Athens; Dhrapetsdna,GR PIR,Greece,Greece East Coast,Aegean Sea; Mediterranean Sea; North Atlantic Ocean,Large,Coastal (Breakwater),,,23.2,15.5,Unknown,Unknown,Medium,Major,Large,37.93333,23.65
42860,Pithagorion,Pothagoriou; Tigani,GR PYT,Greece,Aegean Islands,Aegean Sea; Mediterranean Sea; North Atlantic Ocean,Very Small,Coastal (Breakwater),,,4.9,4.9,Unknown,Unknown,Unknown,,Unknown,37.68333,26.95
42780,Plomarion,Potamos,GR PLM,Greece,Aegean Islands,Aegean Sea; Mediterranean Sea; North Atlantic Ocean,Very Small,Coastal (Breakwater),,,23.2,,Unknown,Unknown,Unknown,Unknown,Unknown,38.98333,26.36667
42400,Porthmos Evripou,Euripo Strait; Evripou Porthmos, ,Greece,Greece East Coast,Aegean Sea; Mediterranean Sea; North Atlantic Ocean,Very Small,Coastal (Natural),,,4.9,6.4,Unknown,Unknown,Unknown,Limited,Unknown,38.46667,23.58333
41730,Preveza, ,GR PVK,Greece,Greece West Coast,Ionian Sea; Mediterranean Sea; North Atlantic Ocean,Very Small,Coastal (Natural),,,7.9,4.9,Unknown,Unknown,Unknown,Limited,Medium,38.95,20.75
43120,Rethimnon, ,GR RET,Greece,Kriti,Aegean Sea; Mediterranean Sea; North Atlantic Ocean,Very Small,Coastal (Breakwater),,,,8.0,Unknown,Unknown,Unknown,Unknown,Unknown,35.36667,24.46667
43210,Rodhos,Rhodes; Rodi,GR RHO,Greece,Dhodhekanisos,Mediterranean Sea; North Atlantic Ocean,Small,Coastal (Breakwater),,,9.4,11.0,Unknown,Unknown,Small,Limited,Unknown,36.45,28.23333
42850,Samos,Kolpos Vatheos,GR SMI,Greece,Aegean Islands,Aegean Sea; Mediterranean Sea; North Atlantic Ocean,Very Small,Coastal (Natural),,,3.4,1.8,Unknown,Unknown,Unknown,Limited,Unknown,37.75,26.96667
43150,Sitia,Vamvakia,GR JSH,Greece,Kriti,Aegean Sea; Mediterranean Sea; North Atlantic Ocean,Very Small,Coastal (Natural),,,7.9,3.4,Unknown,Unknown,Unknown,Unknown,Unknown,35.21667,26.13333
43100,Soudha,Azizieh; Suda,GR SDH,Greece,Kriti,Aegean Sea; Mediterranean Sea; North Atlantic Ocean,Medium,Coastal (Natural),,,14.0,6.4,Unknown,Unknown,Unknown,Limited,Unknown,35.48333,24.18333
42070,Spetses, , ,Greece,Greece East Coast,Aegean Sea; Mediterranean Sea; North Atlantic Ocean,Very Small,Open Roadstead,,,23.2,,Unknown,Unknown,Unknown,Unknown,Unknown,37.26667,23.16667
42440,Stilis, , ,Greece,Greece East Coast,Aegean Sea; Mediterranean Sea; North Atlantic Ocean,Very Small,Coastal (Natural),,,3.4,4.9,Unknown,Unknown,Small,Limited,Unknown,38.91667,22.61667
42570,Stratoni, ,GR STI,Greece,Greece East Coast,Aegean Sea; Mediterranean Sea; North Atlantic Ocean,Very Small,Coastal (Natural),,,23.2,3.4,Unknown,Unknown,Unknown,Limited,Unknown,40.51667,23.83333
42530,Thessaloniki, ,GR SKG,Greece,Greece East Coast,Aegean Sea; Mediterranean Sea; North Atlantic Ocean,Medium,Coastal (Natural),,,,11.3,Unknown,Unknown,Medium,Limited,Medium,40.63333,22.93333
42460,Tsingeli, ,GR TSI,Greece,Greece East Coast,Aegean Sea; Mediterranean Sea; North Atlantic Ocean,Very Small,Coastal (Natural),,,11.0,1.8,Unknown,Unknown,Unknown,Unknown,Unknown,39.16667,22.85
42470,Volos, ,GR VOL,Greece,Greece East Coast,Aegean Sea; Mediterranean Sea; North Atlantic Ocean,Medium,Coastal (Breakwater),,,9.4,11.0,Yes,Yes,Small,Limited,,39.35444,22.94028
42790,Vrakhonisis Kallonis,Kalloni, ,Greece,Aegean Islands,Aegean Sea; Mediterranean Sea; North Atlantic Ocean,Very Small,Coastal (Natural),,,17.1,1.8,Unknown,Unknown,Unknown,Unknown,Unknown,39.08333,26.08333
42550,Yerakini,Gerakani,GR YER,Greece,Greece East Coast,Aegean Sea; Mediterranean Sea; North Atlantic Ocean,Very Small,Coastal (Natural),,,4.9,9.4,Unknown,Unknown,Unknown,Unknown,Unknown,40.26667,23.46667
41950,Yithion,Githion; Gythion,GR GYT,Greece,Greece West Coast,Mediterranean Sea; North Atlantic Ocean,Very Small,Open Roadstead,,,3.4,7.9,Unknown,Unknown,Unknown,Unknown,Unknown,36.75,22.56667
760,Aasiaat,Egedesminde,GL JEG,Greenland,Greenland  West Coast,Baffin Bay; Arctic Ocean,Small,Coastal (Natural),136.0,7.5,23.2,6.5,Unknown,Yes,Small,Limited,Unknown,68.71083,-52.86833
540,Ammassalik,Angmagssalik; Tasiilaq,GLAGM,Greenland,Greenland   East Coast,North Atlantic Ocean,Unknown, ,,8.0,,8.7,Unknown,Yes,Unknown,Limited,Unknown,65.61667,-37.61667
700,Attu, , ,Greenland,Greenland  West Coast,Baffin Bay; Arctic Ocean,Very Small,Coastal (Natural),,,23.2,3.4,Unknown,Unknown,Unknown,Unknown,Unknown,67.95,-53.73333
635,Faeringehavn, ,GLFHN,Greenland,Greenland  West Coast,Labrador Sea; North Atlantic Ocean,Unknown, ,106.0,6.3,,,Unknown,Unknown,Unknown,Limited,Unknown,63.68333,-51.51667
605,Gronnedal (Kangilinnguit),Green Valley Harbor; Sermersooq,GLJGR,Greenland,Greenland  West Coast,Labrador Sea; North Atlantic Ocean,Very Small,Coastal (Natural),,,23.2,11.0,Unknown,Unknown,Unknown,,Unknown,61.23333,-48.1
810,Illulissat (Jakobshavn),Iliussat,GL JAV,Greenland,Greenland  West Coast,Baffin Bay; Arctic Ocean,Small,Coastal (Natural),108.7,6.5,11.0,6.9,Unknown,Yes,Unknown,Limited,,69.21667,-51.1
940,Kajalleq Upernavik,South Upernavik; Upernavik,GLJUV,Greenland,Greenland  West Coast,Baffin Bay; Arctic Ocean,Very Small,Coastal (Natural),,4.2,23.2,4.2,Unknown,Yes,Unknown,Limited,Unknown,72.15,-55.53333
543,Kusanartoq, , ,Greenland,Greenland East Coast,North Atlantic Ocean,Small,Coastal (Natural),,,12.5,,Unknown,Unknown,Unknown,Emergency Only,Unknown,61.76667,-42.21667
670,Maniitsoq,Manitsok; Sukkertoppen,GL JSU,Greenland,Greenland  West Coast,Labrador Sea; North Atlantic Ocean,Very Small,Coastal (Natural),,7.5,23.2,8.0,Unknown,Yes,Small,Limited,Small,65.41667,-52.91667
910,Marmorilik, ,GLMML,Greenland, ,Baffin Bay; Arctic Ocean,Unknown, ,,,,,Yes,Unknown,Unknown,Unknown,Unknown,71.13333,-51.26667
560,Nanortalik Havn,Nanortalik,GL JNN,Greenland,Greenland  West Coast,Labrador Sea; North Atlantic Ocean,Very Small,Coastal (Natural),114.0,8.3,23.2,3.4,Unknown,Yes,Unknown,Limited,,60.11667,-45.2
585,Narsaq, ,GL JNS,Greenland,Greenland  West Coast,Labrador Sea; North Atlantic Ocean,Very Small,Coastal (Natural),135.0,7.5,23.2,8.0,Unknown,Yes,Unknown,Moderate,,60.91667,-46.05
590,Narsarssuaq,Narssarssuaq,GL UAK,Greenland,Greenland  West Coast,Labrador Sea; North Atlantic Ocean,Very Small,Coastal (Natural),,,23.2,9.4,Unknown,Yes,Unknown,Limited,Unknown,61.15,-45.43333
640,Nuuk,Godthab,GL GOH,Greenland,Greenland  West Coast,Labrador Sea; North Atlantic Ocean,Small,Coastal (Natural),188.0,11.0,18.6,9.4,Yes,Yes,Small,Limited,Unknown,64.18333,-51.75
610,Paamuit (Frederikshab),Frederikshab; Pamiut,GL JFR,Greenland,Greenland  West Coast,Labrador Sea; North Atlantic Ocean,Small,Coastal (Natural),110.0,7.0,6.4,7.8,Unknown,Unknown,Small,Limited,Unknown,62.0,-49.66667
1000,Pituffik (Thule Air Base),North Star Bugt; Qaanaaq,GL THU,Greenland,Greenland  West Coast,Baffin Bay; Arctic Ocean,Very Small,Coastal (Natural),130.0,7.0,23.2,9.4,Unknown,Unknown,Unknown,Limited,Unknown,76.53333,-68.86667
580,Qaqortoq,Julianehaab,GL JJU,Greenland, ,Labrador Sea; North Atlantic Ocean,Unknown, ,,6.5,,7.0,Unknown,Yes,Unknown,Limited,Unknown,60.71667,-46.03333
790,Qasigiannguit-Christianshab,Kasigianguit,GL JCH,Greenland,Greenland  West Coast,Baffin Bay; Arctic Ocean,Very Small,Coastal (Natural),,8.5,20.0,8.0,Unknown,Unknown,Unknown,,Unknown,68.81667,-51.18333
840,Qeqertarsuaq,Godhavn,GL JGO,Greenland,Greenland  West Coast,Baffin Bay; Arctic Ocean,Small,Coastal (Natural),63.0,4.0,23.2,7.0,Unknown,Yes,Unknown,Limited,,69.23333,-53.53333
542,Qutdleq, , ,Greenland,Greenland East Coast,North Atlantic Ocean,Very Small,Coastal (Natural),,,23.2,,Unknown,Unknown,Unknown,,Unknown,61.51667,-42.21667
690,Sisimiut,Holsteinsborg,GL JHS,Greenland,Greenland  West Coast,Davis Strait; North Atlantic Ocean,Small,Coastal (Natural),,7.6,23.2,11.0,Unknown,Yes,Small,Moderate,Unknown,66.91667,-53.7
680,Soendre Stroemfjord,Kangerlussuaq,GLSFJ,Greenland, ,Davis Strait; North Atlantic Ocean,Unknown, ,,8.0,,,Unknown,Yes,Unknown,Unknown,Unknown,66.95,-50.95
900,Uummannaq,Umanak,GLUMD,Greenland, ,Baffin Bay; Arctic Ocean,Unknown, ,,4.2,,,Unknown,Yes,Unknown,Unknown,Unknown,70.66667,-52.11667
11670,St George's, ,GD STG,Grenada,Grenada,Caribbean Sea; North Atlantic Ocean,Small,Coastal (Natural),325.0,10.0,12.5,18.6,Unknown,Unknown,Unknown,Unknown,Unknown,12.05,-61.75
11460,Basse Terre, ,GPBBR,Guadeloupe,Guadeloupe,Caribbean Sea; North Atlantic Ocean,Very Small,Open Roadstead,,,,7.9,Unknown,Unknown,Unknown,Unknown,Unknown,16.0,-61.73333
11380,Gustavia,Port De Gustavia,BL GUS,Guadeloupe,St Barthelemy,Caribbean Sea; North Atlantic Ocean,Very Small,Coastal (Natural),130.0,4.7,11.0,4.9,Unknown,Yes,Unknown,,Unknown,17.9,-62.85
11450,Pointe A Pitre, ,GPPTP,Guadeloupe,Guadeloupe,Caribbean Sea; North Atlantic Ocean,Medium,Coastal (Natural),,,11.0,11.0,Unknown,Unknown,Unknown,Limited,Small,16.23333,-61.53333
11470,Port Louis, ,GP PTL,Guadeloupe,Guadeloupe,Caribbean Sea; North Atlantic Ocean,Very Small,Open Roadstead,,,,,Unknown,Unknown,Unknown,Unknown,Unknown,16.41667,-61.53333
56550,Apra Harbor, ,GU APR,Guam,Guam,North Pacific Ocean,Medium,Coastal (Breakwater),315.8,,11.0,7.9,Unknown,Unknown,Unknown,Limited,Medium,13.45,144.61667
9620,Puerto Barrios, ,GTPBR,Guatemala,Guatemala East Coast,Caribbean Sea; North Atlantic Ocean,Small,Open Roadstead,225.7,12.0,9.4,7.9,Yes,Yes,Small,Moderate,Unknown,15.73333,-88.6
15660,Puerto Quetzal, ,GTPRQ,Guatemala,Guatemala West Coast,North Pacific Ocean,Very Small,Coastal (Breakwater),337.0,13.8,14.0,11.0,Yes,Yes,,Limited,,13.91667,-90.8
9625,Santo Tomas De Castilla,Puerto Matias De Galves,GTIZ4,Guatemala,Guatemala East Coast,Caribbean Sea; North Atlantic Ocean,Small,Coastal (Natural),299.6,11.0,11.0,7.9,Yes,Yes,Small,Moderate,Unknown,15.7,-88.61667
35980,Alderney Harbour,Alderney Harbor; Little Crabby Harbor,GG ACI,Guernsey,Channel Islands,English Channel; North Atlantic Ocean,Very Small,Coastal (Breakwater),,,3.4,4.9,Unknown,Unknown,Unknown,Emergency Only,Unknown,49.73333,-2.2
36000,Saint Peter Port, ,GG SPT,Guernsey,Channel Islands,English Channel; North Atlantic Ocean,Small,Coastal (Breakwater),,,3.4,7.9,Unknown,Unknown,Small,Limited,Unknown,49.45,-2.53333
35990,Saint Sampson, ,GG STS,Guernsey,Channel Islands,English Channel; North Atlantic Ocean,Very Small,Coastal (Breakwater),,,,6.4,Unknown,Unknown,Unknown,Emergency Only,Unknown,49.48333,-2.51667
45857,Benti, ,GN BTY,Guinea,Guinea,North Atlantic Ocean,Very Small,River (Natural),,,3.4,11.0,Unknown,Unknown,Unknown,Unknown,Unknown,9.16667,-13.2
45855,Conakry,Conakri; Konakri,GN CKY,Guinea,Guinea,North Atlantic Ocean,Medium,Coastal (Breakwater),,,9.4,6.4,Yes,Yes,Medium,Limited,Small,9.51944,-13.71667
45850,Kamsar,Kakande,GN KMC,Guinea,Guinea,North Atlantic Ocean,Very Small,River (Natural),,,6.4,4.9,Unknown,Unknown,Unknown,,Unknown,10.63333,-14.61667
45845,Victoria, , ,Guinea,Guinea,North Atlantic Ocean,Very Small,River (Natural),,,4.9,,Unknown,Unknown,Unknown,Unknown,Unknown,10.81667,-14.56667
45838,Bissau, ,GW OXB,Guinea-Bissau,Guinea Bissau,North Atlantic Ocean,Very Small,River (Natural),,,11.0,7.9,Unknown,Unknown,Unknown,Moderate,Unknown,11.86667,-15.63333
45835,Rio Cacheu, ,GWCAC,Guinea-Bissau,Guinea Bissau,North Atlantic Ocean,Very Small,River (Natural),,,3.4,1.8,Unknown,Unknown,Unknown,Emergency Only,Unknown,12.28333,-16.23333
12370,Georgetown,Demerara,GYGEO,Guyana,Guyana,North Atlantic Ocean,Medium,River (Natural),190.0,8.2,6.9,6.0,Unknown,Unknown,Small,Limited,Small,6.83333,-58.16667
12380,Linden,Mackenzie,GY LDN,Guyana,Guyana,North Atlantic Ocean,Very Small,River (Natural),140.0,6.8,6.4,6.4,Unknown,Unknown,Unknown,Limited,Unknown,6.0,-58.3
12390,New Amsterdam,Nieuw Amsterdam,GY NAM,Guyana,Guyana,North Atlantic Ocean,Very Small,River (Natural),,6.5,,5.8,Unknown,Unknown,Small,Unknown,Unknown,6.25,-57.51667
10930,Cap Haitien,Cape Haitien,HT CAP,Haiti,Haiti,North Atlantic Ocean,Very Small,Open Roadstead,200.0,,17.1,9.4,Yes,Yes,Unknown,,Unknown,19.76667,-72.2
10820,Jacmel, ,HTJAK,Haiti,Haiti,Caribbean Sea; North Atlantic Ocean,Very Small,Open Roadstead,97.4,5.0,6.4,4.9,Yes,Unknown,Unknown,Limited,Unknown,18.23333,-72.53333
10860,Miragoane, ,HTMIR,Haiti,Haiti,Caribbean Sea; North Atlantic Ocean,Very Small,Open Roadstead,81.7,,12.5,11.0,Unknown,Unknown,Unknown,Unknown,Unknown,18.45,-73.08333
10870,Petit Goave,Labadee,HTPEG,Haiti,Haiti,Caribbean Sea; North Atlantic Ocean,Very Small,Open Roadstead,,,20.1,1.8,Unknown,Unknown,Unknown,Unknown,Unknown,18.43333,-72.86667
10880,Port Au Prince, ,HTPAP,Haiti,Haiti,Caribbean Sea; North Atlantic Ocean,Medium,Open Roadstead,190.0,8.5,12.5,9.4,Yes,Yes,Small,,Unknown,18.55,-72.35
9675,Coxen Hole,Roatan,HN RTB,Honduras,Honduras East Coast,Caribbean Sea; North Atlantic Ocean,Very Small,Coastal (Natural),305.0,9.3,20.0,9.4,Yes,Unknown,Unknown,Unknown,Unknown,16.31667,-86.55
9670,La Ceiba, ,HN LCE,Honduras,Honduras East Coast,Caribbean Sea; North Atlantic Ocean,Very Small,Open Roadstead,,8.0,4.2,9.4,Yes,Unknown,Small,Unknown,Unknown,15.78333,-86.8
9690,Puerto Castilla, ,HN PCA,Honduras,Honduras East Coast,Caribbean Sea; North Atlantic Ocean,Very Small,Open Roadstead,225.0,13.5,12.5,9.4,Yes,Yes,Unknown,Limited,Unknown,16.0,-85.98333
9650,Puerto Cortes, ,HNPCR,Honduras,Honduras East Coast,Caribbean Sea; North Atlantic Ocean,Small,Open Roadstead,478.0,14.0,13.5,11.0,Yes,Yes,Small,Limited,Small,15.83333,-87.95
15570,Puerto De San Lorenzo,Puerto De Hencan,HN SLO,Honduras,Honduras West Coast,North Pacific Ocean,Very Small,River (Natural),228.6,9.5,9.1,10.0,Yes,Yes,Unknown,Limited,Unknown,13.4,-87.45
9665,Puerto Este,East Harbor, ,Honduras,Honduras East Coast,Caribbean Sea; North Atlantic Ocean,Very Small,Coastal (Natural),,,9.4,,Unknown,Unknown,Unknown,Unknown,Unknown,16.08333,-86.9
9660,Tela, ,HN TEA,Honduras,Honduras East Coast,Caribbean Sea; North Atlantic Ocean,Very Small,Open Roadstead,,,,,Unknown,Unknown,Small,,Unknown,15.78333,-87.45
9680,Trujillo, ,HN TJI,Honduras,Honduras East Coast,Caribbean Sea; North Atlantic Ocean,Very Small,Open Roadstead,,,12.5,4.9,Unknown,Unknown,Unknown,,Unknown,15.91667,-85.95
57840,Hong Kong, ,HK HKG,Hong Kong,Hong Kong,South China Sea; North Pacific Ocean,Large,Coastal (Natural),400.0,16.8,14.0,14.0,Unknown,Unknown,Small,Major,Medium,22.26667,114.2
310,Akureyri,Krossanes,IS AKU,Iceland,Iceland  North Coast,Greenland Sea; Arctic Ocean,Very Small,Coastal (Natural),350.0,10.0,47.0,11.0,Yes,Yes,Small,Limited,Medium,65.68333,-18.08333
160,Bildudalur, ,IS BIL,Iceland,Iceland  West Coast,Denmark Strait; North Atlantic Ocean,Very Small,Coastal (Natural),99.8,5.6,4.9,4.9,Unknown,Unknown,Unknown,Limited,Unknown,65.68333,-23.6
185,Bolungarvik, ,IS BOL,Iceland,Iceland  West Coast,Denmark Strait; North Atlantic Ocean,Very Small,Coastal (Breakwater),45.0,6.0,23.2,6.4,Unknown,Unknown,Unknown,Limited,Unknown,66.16667,-23.23333
115,Borgarnes,Borganes,ISBOR,Iceland,Iceland  West Coast,North Atlantic Ocean,Unknown, ,,,,,Unknown,Unknown,Unknown,Unknown,Unknown,64.55,-21.91667
450,Budir,Budhir,IS FAS,Iceland,Iceland  East Coast,North Atlantic Ocean,Very Small,Coastal (Natural),,,1.8,7.9,Unknown,Unknown,Small,Limited,Unknown,64.93333,-14.01667
280,Dalvik, ,IS DAL,Iceland,Iceland  North Coast,Greenland Sea; Arctic Ocean,Very Small,Coastal (Breakwater),40.0,2.5,4.9,21.6,Unknown,Unknown,Unknown,Limited,Unknown,65.98333,-18.51667
465,Djupivogur, ,ISDJU,Iceland,Iceland  East Coast,North Atlantic Ocean,Unknown, ,124.2,6.4,3.7,,Unknown,Unknown,Unknown,,Unknown,64.66667,-14.28333
430,Eskifjordhur,Eske Fsord,IS ESK,Iceland,Iceland  East Coast,North Atlantic Ocean,Very Small,Coastal (Natural),237.9,7.3,23.2,7.9,Yes,Unknown,Small,Limited,Unknown,65.06667,-14.01667
453,Faskrudsfjordur, ,ISFAS,Iceland,Iceland  East Coast,North Atlantic Ocean,Unknown, ,,8.0,,,Yes,Unknown,Unknown,Limited,Unknown,64.91667,-14.01667
315,Grenivik, ,ISGRE,Iceland,Iceland  North Coast,Greenland Sea; Arctic Ocean,Unknown, ,,,,,Unknown,Unknown,Unknown,Unknown,Unknown,65.95,-18.18333
65,Grindavik, ,ISGRI,Iceland,Iceland  South Coast,North Atlantic Ocean,Unknown, ,100.0,5.5,9.5,,Yes,Unknown,Unknown,Limited,Unknown,63.83333,-22.43333
120,Grundarfjordur, ,ISGRF,Iceland, ,North Atlantic Ocean,Unknown, ,160.0,6.7,,,Unknown,Unknown,Unknown,Unknown,Unknown,64.93333,-23.25
105,Grundartangi, ,IS GRT,Iceland,Iceland  West Coast,North Atlantic Ocean,Medium,Coastal (Breakwater),,13.0,12.5,12.5,Unknown,Unknown,Unknown,Limited,Unknown,64.26667,-22.0
80,Hafnarfjordur,Straumsvik,IS HAF,Iceland,Iceland  West Coast,North Atlantic Ocean,Very Small,Coastal (Natural),190.0,10.8,9.0,7.9,Yes,Yes,Medium,Moderate,Small,64.06667,-21.95
72,Helguvik, ,ISHEL,Iceland,Iceland  East Coast,North Atlantic Ocean,Unknown, ,200.0,10.0,,,Yes,Yes,Unknown,Unknown,Unknown,64.01667,-22.55
480,Hornafjordur,Hofn,IS HFN,Iceland,Iceland  East Coast,North Atlantic Ocean,Very Small,Coastal (Natural),100.0,6.0,6.0,4.9,Yes,Unknown,Unknown,Limited,Unknown,64.25,-15.23333
320,Husavik, ,IS HUS,Iceland,Iceland  North Coast,Greenland Sea; Arctic Ocean,Very Small,Coastal (Natural),,8.3,7.9,6.4,Unknown,Yes,Unknown,Limited,Unknown,66.03333,-17.33333
210,Hvammstangi, ,ISHVM,Iceland,Iceland  North Coast,Greenland Sea; Arctic Ocean,Unknown, ,128.3,6.5,,,Unknown,Unknown,Unknown,Limited,Unknown,65.4,-20.95
190,Isafjordur, ,IS ISA,Iceland,Iceland  West Coast,Denmark Strait; North Atlantic Ocean,Very Small,Coastal (Natural),220.0,8.2,7.6,7.9,Yes,Unknown,Medium,Moderate,Small,66.06667,-23.11667
70,Keflavik,Njardvik,IS KEV,Iceland,Iceland  West Coast,North Atlantic Ocean,Very Small,Open Roadstead,150.0,10.0,23.2,12.5,Yes,Unknown,Small,Limited,Unknown,64.0,-22.55
85,Kopavogur, ,ISKOV,Iceland,Iceland  West Coast,North Atlantic Ocean,Unknown, ,,,,5.0,Unknown,Unknown,Unknown,Unknown,Unknown,64.11667,-21.95
110,Litlisandur, ,ISLSA,Iceland,Iceland  West Coast,North Atlantic Ocean,Unknown, ,250.0,12.3,,,Unknown,Unknown,Unknown,Unknown,Unknown,64.38333,-21.45
420,Neskaupstadur,Neseyri; Nordfjordur,IS NES,Iceland,Iceland  East Coast,Norwegian Sea; North Atlantic Ocean,Very Small,Coastal (Natural),144.0,7.6,23.2,7.9,Unknown,Unknown,Small,Limited,Unknown,65.15,-13.68333
270,Olafsfjordur, ,ISOLF,Iceland,Iceland  North Coast,Greenland Sea; Arctic Ocean,Unknown, ,,,7.0,,Unknown,Unknown,Unknown,Unknown,Unknown,66.06667,-18.65
155,Patreksfjordur, ,ISPAT,Iceland,Iceland  East Coast,Denmark Strait; North Atlantic Ocean,Unknown, ,,,22.0,,Yes,Unknown,Unknown,Unknown,Unknown,65.6,-24.0
340,Raufarhofn, ,ISRAU,Iceland,Iceland  North Coast,Greenland Sea; Arctic Ocean,Unknown, ,,,9.0,,Unknown,Unknown,Unknown,Limited,Unknown,66.45,-15.93333
435,Reydarfjordur,Mjoeyrarhofn,ISRFJ,Iceland,Iceland  East Coast,North Atlantic Ocean,Unknown, ,,12.8,,,Unknown,Unknown,Unknown,Unknown,Unknown,65.03333,-14.1
100,Reykjavik,Akranes; Grundartangi,IS REY,Iceland,Iceland  West Coast,North Atlantic Ocean,Medium,Coastal (Breakwater),200.0,13.0,6.5,7.9,Yes,Yes,Large,Moderate,Large,64.15,-21.93333
68,Sandgerdi,Sandgerdhi,ISSAN,Iceland,Iceland  West Coast,North Atlantic Ocean,Unknown, ,,,,5.0,Unknown,Unknown,Unknown,Unknown,Unknown,64.03333,-22.71667
250,Saudarkrokur, ,IS SAU,Iceland,Iceland  North Coast,Greenland Sea; Arctic Ocean,Very Small,Coastal (Natural),,6.3,23.2,6.4,Unknown,Unknown,Unknown,Unknown,Unknown,65.75,-19.66667
400,Seydhisfjordhur, ,IS SEY,Iceland,Iceland  East Coast,Norwegian Sea; North Atlantic Ocean,Small,Coastal (Natural),,,23.2,6.4,Unknown,Unknown,Small,Moderate,Unknown,65.26667,-14.0
400,Seydisfjordur, ,ISSEY,Iceland,Iceland  East Coast,Norwegian Sea; North Atlantic Ocean,Unknown, ,230.0,9.0,,,Yes,Unknown,Unknown,Limited,,65.26667,-14.0
260,Siglufjorhurd,Hvanneyri; Siglufjordur,IS SIG,Iceland,Iceland  North Coast,Greenland Sea; Arctic Ocean,Very Small,Coastal (Natural),200.0,9.0,7.9,7.9,Unknown,Unknown,Small,Limited,Unknown,66.15,-18.91667
230,Skagastrond, ,ISSKA,Iceland,Iceland  North Coast,Greenland Sea; Arctic Ocean,Unknown, ,22.0,4.0,,,Unknown,Unknown,Unknown,Limited,Unknown,65.81667,-20.31667
90,Skerjafjordur, ,IS KJF,Iceland,Iceland  West Coast,North Atlantic Ocean,Very Small,Coastal (Natural),,,6.4,1.8,Unknown,Unknown,Unknown,Limited,Unknown,64.15,-22.01667
455,Stodhvarfjordur, ,ISSTD,Iceland,Iceland  East Coast,North Atlantic Ocean,Unknown, ,,,55.0,,Unknown,Unknown,Unknown,Unknown,Unknown,64.83333,-13.88333
75,Straumsvik, ,IS STR,Iceland,Iceland  West Coast,North Atlantic Ocean,Very Small,Coastal (Natural),,,,,Unknown,Unknown,Unknown,Unknown,Unknown,64.05,-22.05
125,Stykkisholmur, ,ISSTY,Iceland,Iceland  East Coast,North Atlantic Ocean,Unknown, ,,,,,Unknown,Unknown,Unknown,Limited,Small,65.08333,-22.73333
170,Thingeyri,Pingeyri,IS TEY,Iceland,Iceland  West Coast,Denmark Strait; North Atlantic Ocean,Very Small,Coastal (Natural),25.6,,6.4,4.9,Unknown,Unknown,Unknown,Limited,Unknown,65.88333,-23.48333
40,Thorlakshofn, ,ISTHH,Iceland,Iceland  South Coast,North Atlantic Ocean,Unknown, ,,6.6,6.6,,Unknown,Unknown,Unknown,Limited,Unknown,63.85,-21.36667
350,Thorshofn, ,IS THO,Iceland,Iceland  North Coast,Greenland Sea; Arctic Ocean,Unknown,Coastal (Breakwater),,6.4,,,Yes,Unknown,Unknown,Limited,Unknown,66.2,-15.33333
510,Vestmannaeyjar, ,IS VES,Iceland,Iceland  South Coast,North Atlantic Ocean,Small,Coastal (Natural),160.0,7.5,5.0,4.9,Unknown,Unknown,Small,Limited,Unknown,63.43333,-20.28333
360,Vopnafjordur, ,ISVPN,Iceland,Iceland  East Coast,Norwegian Sea; North Atlantic Ocean,Unknown, ,,7.5,,,Unknown,Unknown,Unknown,Unknown,Unknown,65.75,-14.81667
49040,Azhikal (Azhikkal),Beliapatam; Valarpattam,IN AZK,India,India West Coast,Laccadive Sea; Indian Ocean,Very Small,River (Natural),30.0,3.0,1.8,,Unknown,Unknown,Unknown,Unknown,Unknown,11.94556,75.30944
49550,Baleshwar, , ,India,India East Coast,Bay of Bengal; Indian Ocean,Very Small,River (Natural),,,,,Unknown,Unknown,Unknown,Unknown,Unknown,21.48333,86.95
48650,Bedi,Bed,IN BED,India,India West Coast,Arabian Sea; Indian Ocean,Very Small,River (Natural),,,14.0,,Unknown,Unknown,Small,Limited,Small,22.57306,70.04556
49000,Belekeri, ,IN BLK,India,India West Coast,Arabian Sea; Indian Ocean,Very Small,Open Roadstead,,,4.9,,Unknown,Unknown,Small,Limited,Unknown,14.7,74.26667
49110,Beypore,Beipur,IN BEY,India,India West Coast,Laccadive Sea; Indian Ocean,Very Small,Open Roadstead,72.1,,3.4,1.8,Unknown,Unknown,Small,Limited,Unknown,11.16667,75.8
48760,Bhavnagar, ,IN BHU,India,India West Coast,Arabian Sea; Indian Ocean,Small,River (Tide Gates),78.9,4.0,3.4,12.8,Unknown,Unknown,Small,Limited,Small,21.76667,72.23333
49560,Calcutta, ,IN CCU,India,India East Coast,Bay of Bengal; Indian Ocean,Large,River (Natural),171.9,6.8,7.9,9.5,Unknown,Unknown,Large,Moderate,Medium,22.55,88.33333
49100,Calicut (Kozhikode), ,IN CCJ,India,India West Coast,Laccadive Sea; Indian Ocean,Very Small,Open Roadstead,,,,,Unknown,Unknown,Small,Limited,Unknown,11.25,75.76667
49450,Chennai (Madras), ,IN MAA,India,India East Coast,Bay of Bengal; Indian Ocean,Large,Coastal (Breakwater),336.7,16.5,18.6,15.0,Yes,Yes,Medium,Major,Medium,13.1,80.3
49410,Cuddalore, ,IN CDL,India,India East Coast,Bay of Bengal; Indian Ocean,Very Small,Open Roadstead,164.0,9.0,1.8,9.0,Unknown,Unknown,Small,,Small,11.71667,79.76667
48674,Dahej, ,IN DAH,India,India West Coast,Arabian Sea; Indian Ocean,Very Small,Open Roadstead,300.0,14.5,14.0,14.0,Unknown,Unknown,Small,Limited,Unknown,21.7,72.53333
49540,Dhamra, ,INDMQ,India,India East Coast,Bay of Bengal; Indian Ocean,Unknown, ,350.0,19.0,17.0,19.0,Unknown,Unknown,Unknown,Unknown,Unknown,20.81667,86.96667
49479,Gangavaram, ,INGGV,India,India East Coast,Bay of Bengal; Indian Ocean,Unknown, ,292.0,17.7,19.5,19.5,Unknown,Unknown,Unknown,Unknown,Unknown,17.63333,83.25
49500,Gopalpur, ,IN GPR,India,India East Coast,Bay of Bengal; Indian Ocean,Small,Coastal (Breakwater),240.0,13.5,,15.0,Unknown,Unknown,Unknown,Limited,Unknown,19.30194,84.96667
49555,Haldia Port, ,IN HAL,India,India East Coast,Bay of Bengal; Indian Ocean,Very Small,River (Natural),177.0,8.5,7.9,12.5,Unknown,Unknown,Small,Limited,Medium,22.01667,88.08333
48790,Hazira, ,IN HZA,India,India West Coast,Arabian Sea; Indian Ocean,Small,Coastal (Breakwater),360.0,14.0,13.0,14.9,Unknown,Unknown,Unknown,Unknown,Unknown,21.08333,72.63333
49010,Honavar, , ,India,India West Coast,Arabian Sea; Indian Ocean,Very Small, ,,3.0,,,Unknown,Unknown,Unknown,Unknown,Unknown,14.28333,74.45
48720,Jafarabad, ,INJBD,India,India West Coast,Arabian Sea; Indian Ocean,Unknown,Open Roadstead,82.0,12.5,,,Unknown,Unknown,Unknown,Unknown,Unknown,20.86667,71.38333
48895,Jaigarh Bay, ,INJGD,India,India West Coast,Arabian Sea; Indian Ocean,Unknown, ,295.0,18.5,,,Unknown,Unknown,Unknown,Unknown,Unknown,17.3,73.21667
48845,Jawaharlal Nehru Port (Nhava Shiva), ,IN NSA,India,India West Coast,Arabian Sea; Indian Ocean,Medium,Open Roadstead,370.0,16.5,11.0,16.5,Unknown,Unknown,Medium,Moderate,Unknown,18.95,72.95
49470,Kakinada Bay,Kakinada; Kakinada Bay,IN KAK,India,India East Coast,Bay of Bengal; Indian Ocean,Very Small,Coastal (Breakwater),230.0,13.0,,,Unknown,Unknown,Unknown,Limited,Small,17.0,82.31667
49454,Kamarajar Port,Ennur,INENR,India,India East Coast,Bay of Bengal; Indian Ocean,Small,Coastal (Breakwater),365.9,15.0,15.5,15.0,Unknown,Unknown,Medium,Major,Unknown,13.26139,80.3425
48630,Kandla,Kundla; Deendayal,IN IXY,India,India West Coast,Arabian Sea; Indian Ocean,Small,River (Natural),275.0,14.2,14.0,16.2,Unknown,Unknown,Small,Moderate,Small,23.03333,70.21667
49370,Karaikal Port, ,IN KRK,India,India East Coast,Bay of Bengal; Indian Ocean,Small,Coastal (Breakwater),238.1,14.0,15.5,14.5,Unknown,Unknown,Medium,Moderate,Unknown,10.83333,79.86667
48990,Karwar, ,IN KRW,India,India West Coast,Arabian Sea; Indian Ocean,Very Small,Coastal (Breakwater),229.0,8.2,9.4,8.5,Unknown,Unknown,Small,Unknown,Unknown,14.81667,74.11667
49455,Kattupalli Port, ,INKRI,India,India East Coast,Bay of Bengal; Indian Ocean,Large, ,,,14.0,14.0,Unknown,Unknown,Unknown,Unknown,Unknown,13.30694,80.35222
49130,Kochi (Cochin), ,IN KOC,India,India West Coast,Laccadive Sea; Indian Ocean,Medium,Coastal (Natural),366.5,14.5,14.0,15.0,Unknown,Unknown,Medium,Major,Medium,9.96667,76.23333
49180,Kolachel, , ,India,India West Coast,Laccadive Sea; Indian Ocean,Very Small,Open Roadstead,,,,,Unknown,Unknown,Unknown,Unknown,Unknown,8.16667,77.25
49457,Krishnapatnam, ,INKRI,India,India East Coast,Bay of Bengal; Indian Ocean,Unknown, ,318.4,19.5,,18.7,Unknown,Unknown,Unknown,Unknown,Unknown,14.25,80.13333
49460,Machilipatnam, , ,India,India East Coast,Bay of Bengal; Indian Ocean,Very Small,Open Roadstead,,,14.0,12.5,Unknown,Unknown,Small,Limited,Unknown,16.15,81.16667
48770,Magdalla,Hazira,IN MDA,India,India West Coast,Arabian Sea; Indian Ocean,Very Small,River (Natural),131.0,14.0,6.4,3.1,Unknown,Unknown,Small,Limited,Small,21.15,72.75
48620,Mandvi, ,IN MDV,India,India West Coast,Arabian Sea; Indian Ocean,Very Small,Open Roadstead,,9.1,9.1,3.4,Unknown,Unknown,Unknown,Unknown,Unknown,22.83333,69.35
48970,Marmagao, ,IN MRM,India,India West Coast,Arabian Sea; Indian Ocean,Medium,Coastal (Breakwater),335.0,14.0,14.4,14.5,Yes,Yes,Medium,Major,Medium,15.4175,73.795
48840,Mumbai (Bombay), ,IN BOM,India,India West Coast,Arabian Sea; Indian Ocean,Large,Coastal (Tide Gates),294.0,9.8,11.0,9.1,Unknown,Unknown,Large,Major,Medium,18.96667,72.86667
48617,Mundra, ,IN MUN,India,India West Coast,Arabian Sea; Indian Ocean,Small,Open Roadstead,397.0,17.3,14.0,17.5,Yes,Yes,Small,Limited,Unknown,22.72833,69.70667
49350,Nagappattinam, ,IN NPT,India,India East Coast,Bay of Bengal; Indian Ocean,Small,Open Roadstead,,,14.0,18.0,Unknown,Unknown,Small,Limited,Unknown,10.76667,79.85
48635,Navlakhi, ,IN NAV,India,India West Coast,Arabian Sea; Indian Ocean,Very Small,Open Roadstead,93.0,3.4,11.0,4.5,Unknown,Unknown,Small,Limited,Small,22.95639,70.44758
49030,New Mangalore, ,IN NML,India,India West Coast,Laccadive Sea; Indian Ocean,Medium,Coastal (Breakwater),292.0,14.0,14.0,15.0,Unknown,Unknown,Small,Limited,Unknown,12.91667,74.81667
48670,Okha, ,IN OKH,India,India West Coast,Arabian Sea; Indian Ocean,Very Small,Coastal (Natural),181.0,8.0,7.9,8.0,Unknown,Unknown,Small,Limited,Unknown,22.46806,69.07972
49330,Pamban, , ,India,India East Coast,Palk Strait; Indian Ocean,Very Small,Open Roadstead,,,,,Unknown,Unknown,Unknown,Unknown,Unknown,9.28333,79.21667
48960,Panaji, ,IN PAN,India,India West Coast,Arabian Sea; Indian Ocean,Very Small,Coastal (Natural),280.0,17.0,3.4,3.4,Unknown,Unknown,Unknown,Unknown,Unknown,15.5,73.81667
49535,Paradip, ,IN PPT,India,India East Coast,Bay of Bengal; Indian Ocean,Small,Coastal (Breakwater),295.0,14.5,12.5,17.1,Unknown,Unknown,Medium,Limited,Unknown,20.26667,86.68333
48730,Pipavav Bandar, ,IN PAV,India,India West Coast,Arabian Sea; Indian Ocean,Small,Coastal (Natural),367.0,14.5,14.0,14.5,Unknown,Unknown,Large,,Large,20.91667,71.51667
49430,Pondicherry,New Pondicherry; Pondicherri,IN PNY,India,India East Coast,Bay of Bengal; Indian Ocean,Very Small,Open Roadstead,,3.0,11.0,3.0,Unknown,Unknown,Small,Limited,Small,11.93333,79.83333
48680,Porbandar, ,IN PBD,India,India West Coast,Arabian Sea; Indian Ocean,Very Small,Coastal (Breakwater),225.0,9.8,12.5,8.5,Unknown,Unknown,Small,Limited,Small,21.63333,69.6
49720,Port Blair, ,IN IXZ,India,Andaman Islands,Andaman Sea; Indian Ocean,Small,Coastal (Natural),183.4,9.0,3.4,10.0,Yes,Yes,Unknown,,Unknown,11.67778,92.73333
48890,Port Dabhol, ,INDHP,India,India West Coast,Arabian Sea; Indian Ocean,Very Small,River (Basins),300.0,11.0,,,Unknown,Unknown,Unknown,Unknown,Unknown,17.58333,73.16667
49160,Quilon (Kollam), ,IN QUI,India,India West Coast,Laccadive Sea; Indian Ocean,Very Small,Coastal (Breakwater),116.0,7.0,8.9,,Unknown,Unknown,Unknown,Limited,Unknown,8.87194,76.58389
48900,Ratnagiri, ,IN RTC,India,India West Coast,Arabian Sea; Indian Ocean,Very Small,Coastal (Natural),177.0,9.5,9.4,,Unknown,Unknown,Small,Unknown,Unknown,16.98333,73.28333
48613,Sikka, ,IN SKK,India,India West Coast,Arabian Sea; Indian Ocean,Very Small,Open Roadstead,250.0,14.5,23.2,6.0,Unknown,Unknown,Small,Limited,Unknown,22.43333,69.83333
49170,Trivandrum, ,IN TRV,India,India West Coast,Laccadive Sea; Indian Ocean,Very Small,Open Roadstead,,,,,Unknown,Unknown,Small,Unknown,Unknown,8.48333,76.95
49320,Tuticorin, ,IN TUT,India,India East Coast,Palk Strait; Indian Ocean,Small,Coastal (Breakwater),310.0,14.2,12.5,14.1,Unknown,Unknown,Small,Limited,Small,8.8,78.16667
48615,Vadinar Terminal, ,IN VAD,India,India West Coast,Arabian Sea; Indian Ocean,Very Small,Open Roadstead,362.5,23.0,23.2,14.0,Unknown,Unknown,Small,Limited,Unknown,22.46667,69.66667
48690,Veraval, ,IN VVA,India,India West Coast,Arabian Sea; Indian Ocean,Very Small,Open Roadstead,,3.0,9.4,,Unknown,Unknown,Small,Limited,Small,20.9,70.36667
49480,Vishakhapatnam,Vizagapatam,IN NRP,India,India East Coast,Bay of Bengal; Indian Ocean,Medium,Coastal (Breakwater),390.0,18.1,19.0,16.5,Yes,Yes,Large,Moderate,Medium,17.68333,83.3
53115,Amamapare, ,IDAMA,Indonesia,New Guinea West Coast - Irian Jaya,Arafura Sea; South Pacific Ocean,Small,Coastal (Natural),,,6.4,6.4,Unknown,Unknown,Unknown,Unknown,Unknown,-4.81667,136.96667
52720,Ambon,Amboina,ID AMQ,Indonesia,Seram,Banda Sea; South Pacific Ocean,Small,Coastal (Natural),200.0,,11.0,11.0,Unknown,Unknown,Unknown,Limited,Unknown,-3.68333,128.16667
51280,Ampenan, ,ID AMP,Indonesia,Lesser Sunda Islands,Bali Sea; Java Sea; South Pacific Ocean,Very Small,Open Roadstead,,,7.9,,Unknown,Unknown,Unknown,Unknown,Unknown,-8.56667,116.06667
50930,Anyer Lor, ,ID ANR,Indonesia,Jawa,Indian Ocean,Very Small,Open Roadstead,,,,9.4,Unknown,Unknown,Unknown,Emergency Only,Unknown,-6.05,105.91667
50340,Ardjuna Oil Field, ,ID AJN,Indonesia,Indonesia,Java Sea; South Pacific Ocean,Very Small,Open Roadstead,,,21.6,,Unknown,Unknown,Unknown,,Unknown,-5.88333,107.71667
51840,Balikpapan, ,IDBPN,Indonesia,Indonesia - Borneo,Makassar Strait; South Pacific Ocean,Small,Coastal (Natural),291.9,13.0,12.5,11.0,Unknown,Unknown,Unknown,Limited,Small,-1.25,116.81667
51890,Banjarmasin, ,ID BDJ,Indonesia,Indonesia - Borneo,Java Sea; South Pacific Ocean,Very Small,River (Natural),155.0,6.3,3.4,9.4,Unknown,Unknown,Small,Limited,Small,-3.33333,114.58333
50925,Banten, ,ID BTN,Indonesia,Jawa,"Indian Ocean, Java Sea; South Pacific Ocean",Very Small,Open Roadstead,,,14.0,14.0,Unknown,Unknown,Unknown,Limited,Unknown,-6.01667,105.96667
52260,Baubau,Buton,ID BUW,Indonesia,Sulawesi,Banda Sea; South Pacific Ocean,Very Small,Coastal (Natural),,,4.9,3.4,Unknown,Unknown,Unknown,Emergency Only,Unknown,-5.46667,122.61667
51501,Belanak Field Terminal, ,ID BNT,Indonesia,Kepulauan Anambas,South China Sea; North Pacific Ocean,Very Small,Open Roadstead,,,,,Unknown,Unknown,Unknown,,Unknown,4.15,106.25
50730,Belawan, ,ID BLW,Indonesia,Sumatera,Strait of Malacca; Indian Ocean,Medium,River (Natural),,,7.9,9.4,Unknown,Unknown,Unknown,Limited,Small,3.78333,98.68333
51484,Belida Marine Terminal, ,ID BET,Indonesia,Kepulauan Anambas,South China Sea; North Pacific Ocean,Very Small,Open Roadstead,,,,,Unknown,Unknown,Unknown,Unknown,Unknown,4.13333,105.13333
50790,Bengkalis, ,ID BKI,Indonesia,Sumatera,Strait of Malacca; Indian Ocean,Very Small,Coastal (Natural),,,7.9,4.9,Unknown,Unknown,Small,Unknown,Unknown,1.46667,102.1
50440,Bengkulu,Benhoelen; Benkulen,ID BKS,Indonesia,Indonesia,Indian Ocean,Very Small,Open Roadstead,,,1.8,9.4,Unknown,Unknown,Unknown,,Unknown,-3.78333,102.25
51260,Benoa,Benoa Udjung,ID BOA,Indonesia,Lesser Sunda Islands,Indian Ocean,Very Small,Coastal (Natural),,,7.9,7.9,Unknown,Unknown,Unknown,,Unknown,-8.75,115.21667
51810,Benoa,Sangkulirang, ,Indonesia,Indonesia - Borneo,Makassar Strait; South Pacific Ocean,Very Small,River (Natural),268.6,,9.4,6.4,Unknown,Unknown,Unknown,Emergency Only,Unknown,0.98333,117.96667
52065,Bitung, ,ID BIT,Indonesia,Sulawesi,Molucca Sea; North Pacific Ocean,Very Small,Coastal (Natural),,,7.9,9.4,Unknown,Unknown,Small,Limited,Unknown,1.43333,125.18333
50652,Blanglancang, ,ID BLL,Indonesia,Indonesia,Andaman Sea; Indian Ocean,Small,Typhoon Harbor,,,14.0,6.4,Unknown,Unknown,Small,,Unknown,5.23333,97.1
50180,Blinyu,Belinjoe,ID BLI,Indonesia,Indonesia,Natuna Sea; South China Sea; South Pacific Ocean,Very Small,Coastal (Natural),,,,,Unknown,Unknown,Unknown,Unknown,Unknown,-1.63333,105.78333
51811,Bontang Lng Terminal, ,IDBXT,Indonesia,Indonesia - Borneo,Makassar Strait; South Pacific Ocean,Very Small,Coastal (Natural),117.3,13.5,12.5,12.5,Unknown,Unknown,Unknown,,Unknown,0.1,117.48333
52680,Bula,Boela,ID BUA,Indonesia,Seram,Ceram Sea; Banda Sea; South Pacific Ocean,Very Small,Open Roadstead,,,11.0,9.4,Unknown,Unknown,Unknown,,Unknown,-3.1,130.5
51205,Celukan Bawang, ,ID CEB,Indonesia,Jawa,Bali Sea; Java Sea; South Pacific Ocean,Small,Coastal (Natural),,,21.6,6.4,Unknown,Unknown,Unknown,Unknown,Unknown,-8.18333,114.83333
51220,Cilacap,Tjilatjap,ID CXP,Indonesia,Jawa,Indian Ocean,Large,Coastal (Natural),,,11.0,11.0,Unknown,Unknown,Unknown,Limited,Unknown,-7.73333,109.0
50350,Cinta Oil Terminal, , ,Indonesia,Indonesia,"Indian Ocean, Java Sea; South Pacific Ocean",Very Small,Open Roadstead,,,23.2,,Unknown,Unknown,Unknown,Emergency Only,Unknown,-5.5,106.23333
51010,Cirebon, ,ID CBN,Indonesia,Jawa,Java Sea; South Pacific Ocean,Very Small,Coastal (Breakwater),150.0,,1.8,1.8,Unknown,Unknown,Medium,Limited,Small,-6.71667,108.56667
50100,Dabo,Dabok,IDDAS,Indonesia,Indonesia,Natuna Sea; South China Sea; South Pacific Ocean,Very Small,Open Roadstead,,,1.8,1.8,Unknown,Unknown,Small,Limited,Unknown,-0.5,104.56667
52350,Donggala, , ,Indonesia,Sulawesi,Makassar Strait; South Pacific Ocean,Very Small,Open Roadstead,,,23.2,1.8,Unknown,Unknown,Unknown,Emergency Only,Unknown,-0.65,119.73333
50785,Dumai,Doemai,ID DUM,Indonesia,Sumatera,Strait of Malacca; Indian Ocean,Medium,River (Natural),315.0,17.0,18.3,9.4,Unknown,Unknown,Unknown,,Unknown,1.68333,101.45
51340,Ende, ,ID ENE,Indonesia,Lesser Sunda Islands,Savu Sea; Indian Ocean,Very Small,Coastal (Natural),134.9,7.2,4.9,4.9,Unknown,Unknown,Unknown,Emergency Only,Unknown,-8.83333,121.65
53100,Fakfak, ,ID FKQ,Indonesia,New Guinea West Coast - Irian Jaya,Ceram Sea; Banda Sea; South Pacific Ocean,Very Small,Coastal (Natural),,,1.8,1.8,Unknown,Unknown,Unknown,,Unknown,-2.93333,132.28333
52090,Gorontalo, ,ID GTO,Indonesia,Sulawesi,Teluk Tomini; Molucca Sea; South Pacific Ocean,Very Small,Open Roadstead,,,9.4,9.4,Unknown,Unknown,Unknown,Limited,Unknown,0.5,123.05
51120,Gresik, ,ID GRE,Indonesia,Jawa,Bali Sea; Java Sea; South Pacific Ocean,Small,Open Roadstead,,,14.0,20.1,Unknown,Unknown,Medium,Limited,Unknown,-7.15,112.65
51850,Gunung Batu Besar, ,ID BTH,Indonesia,Indonesia - Borneo,Makassar Strait; South Pacific Ocean,Very Small,River (Natural),,,4.9,6.4,Unknown,Unknown,Unknown,Emergency Only,Unknown,-2.61667,116.3
50517,Jabung Batanghari Marine Terminal, ,ID JBT,Indonesia,Sumatera,Natuna Sea; South China Sea; South Pacific Ocean,Very Small,Open Roadstead,,,12.5,11.0,Unknown,Unknown,Unknown,Unknown,Small,-0.91667,104.06667
50970,Jakarta,Batavia; Djakarta; Jakarta; Tandjoenpriok,ID JKT,Indonesia,Jawa,Java Sea; South Pacific Ocean,Large,Coastal (Breakwater),,,11.0,11.0,Unknown,Unknown,Medium,Major,Medium,-6.1,106.88333
53133,Jayapura, , ,Indonesia,New Guinea West Coast - Irian Jaya,South Pacific Ocean,Small,Coastal (Natural),211.9,,3.0,11.0,Unknown,Unknown,Unknown,Unknown,Unknown,-2.53333,140.71667
53045,Kasim Terminal, ,IDKAS,Indonesia,New Guinea West Coast - Irian Jaya,South Pacific Ocean,Large,Open Roadstead,183.0,,15.5,6.4,Unknown,Unknown,Unknown,,Unknown,-1.3,131.01667
52240,Kendari,Kendari Bay,ID KDI,Indonesia,Sulawesi,Banda Sea; South Pacific Ocean,Very Small,Coastal (Natural),,,14.0,6.4,Unknown,Unknown,Unknown,Emergency Only,Unknown,-3.96667,122.58333
50045,Kijang, ,IDKIJ,Indonesia,Indonesia,Natuna Sea; South China Sea; South Pacific Ocean,Very Small,River (Natural),,,9.4,9.4,Unknown,Unknown,Unknown,Limited,Unknown,0.85,104.6
52230,Kolonodale, ,ID KNL,Indonesia,Sulawesi,Banda Sea; South Pacific Ocean,Very Small,Coastal (Natural),,,6.4,,Unknown,Unknown,Unknown,Emergency Only,Unknown,-1.98333,121.33333
51860,Kota Baru, ,IDKBU,Indonesia,Indonesia - Borneo,Makassar Strait; South Pacific Ocean,Very Small,Coastal (Natural),320.0,14.0,18.6,4.9,Yes,Yes,Unknown,Limited,Unknown,-3.23333,116.21667
50740,Kuala Kapus, ,ID KKA,Indonesia,Sumatera,South China Sea; North Pacific Ocean,Very Small,Open Roadstead,,,,4.9,Unknown,Unknown,Unknown,Limited,Unknown,3.0,114.36667
50518,Kuala Tanjung,Tanjung Tanjung,ID KTJ,Indonesia,Sumatera,Strait of Malacca; Indian Ocean,Very Small,Open Roadstead,,,7.9,9.4,Unknown,Unknown,Unknown,Unknown,Unknown,3.36667,99.48333
51920,Kumai, ,ID KUM,Indonesia,Indonesia - Borneo,Java Sea; South Pacific Ocean,Very Small,River (Natural),,6.0,6.4,4.9,Unknown,Yes,Unknown,Emergency Only,Unknown,-2.75,111.71667
51400,Kupang, ,ID KOE,Indonesia,Lesser Sunda Islands,Savu Sea; Indian Ocean,Small,Coastal (Natural),,,4.9,4.9,Unknown,Unknown,Unknown,Unknown,Unknown,-10.16667,123.58333
52523,Labuha,Laboeha,ID LAH,Indonesia,Pulau Batcan,Molucca Sea; South Pacific Ocean,Very Small,Open Roadstead,,,,1.8,Unknown,Unknown,Unknown,Unknown,Unknown,-0.63333,127.46667
51290,Labuhanhaji,Labuan Hadji, ,Indonesia,Lesser Sunda Islands,Indian Ocean,Very Small,Open Roadstead,,,1.8,1.8,Unknown,Unknown,Unknown,Emergency Only,Unknown,-8.7,116.56667
50070,Lalang Marine Terminal, ,ID LAT,Indonesia,Indonesia,Strait of Malacca; Indian Ocean,Very Small,Open Roadstead,,,17.1,,Unknown,Unknown,Unknown,Unknown,Unknown,1.18333,102.21667
51330,Larantuka, ,ID LKA,Indonesia,Lesser Sunda Islands,Savu Sea; Indian Ocean,Very Small,Open Roadstead,,,,,Unknown,Unknown,Unknown,Emergency Only,Unknown,-8.35,122.98333
51845,Lawi Lawi Oil Terminal, ,IDLLA,Indonesia,Indonesia - Borneo,Makassar Strait; South Pacific Ocean,Small,Open Roadstead,,,,,Unknown,Unknown,Unknown,,Unknown,-1.45,116.76667
50650,Lhokseumawe,Lhokseumawe; Semawe Town,ID LSW,Indonesia,Sumatera,Andaman Sea; Indian Ocean,Very Small,Open Roadstead,,,9.4,9.4,Unknown,Unknown,Small,,Unknown,5.25,97.11667
51780,Lingkas, , ,Indonesia,Indonesia - Borneo,Celebes Sea; North Pacific Ocean,Small,Open Roadstead,,,6.4,7.9,Unknown,Unknown,Unknown,Emergency Only,Unknown,3.28333,117.6
52220,Luwuk, ,IDLUW,Indonesia,Sulawesi,Banda Sea; South Pacific Ocean,Very Small,Open Roadstead,,,6.4,6.4,Unknown,Unknown,Unknown,Emergency Only,Unknown,-0.95,122.8
52040,Manado, ,ID MDC,Indonesia,Sulawesi,Celebes Sea; North Pacific Ocean,Small,Coastal (Natural),34.0,,,1.8,Unknown,Unknown,Small,Limited,Unknown,1.5,124.83333
52235,Mangkasa Oil Terminal, , ,Indonesia,Sulawesi,Teluk Bone; Banda Sea; South Pacific Ocean,Small,Open Roadstead,,,9.4,,Unknown,Unknown,Unknown,,Unknown,-2.73333,121.06667
53010,Manokwari Road,Menukwari,ID MKW,Indonesia,New Guinea West Coast - Irian Jaya,Teluk Cenderawasih; South Pacific Ocean,Very Small,Coastal (Natural),,,9.4,3.4,Unknown,Unknown,Large,Limited,Small,-0.86667,134.08333
51320,Maumere, ,ID MOF,Indonesia,Lesser Sunda Islands,Flores Sea; Java Sea; South Pacific Ocean,Very Small,Open Roadstead,,,6.4,6.4,Unknown,Unknown,Unknown,Unknown,Unknown,-8.61667,122.21667
50922,Merak Mas Terminal, ,ID MRK,Indonesia,Jawa,"Indian Ocean, Java Sea; South Pacific Ocean",Medium,Coastal (Natural),,,11.0,11.0,Unknown,Unknown,Unknown,Unknown,Unknown,-5.91917,105.99722
53130,Merauke, ,IDMKQ,Indonesia,New Guinea West Coast - Irian Jaya,Arafura Sea; South Pacific Ocean,Very Small,River (Natural),100.0,6.0,4.9,3.4,Unknown,Unknown,Unknown,Limited,Unknown,-8.48333,140.38333
53000,Miei, , ,Indonesia,New Guinea West Coast - Irian Jaya,Teluk Cenderawasih; South Pacific Ocean,Very Small,Coastal (Natural),,,23.2,,Unknown,Unknown,Unknown,Emergency Only,Unknown,-2.73333,134.5
50140,Muntok, ,ID MUO,Indonesia,Indonesia,Natuna Sea; South China Sea; South Pacific Ocean,Very Small,Coastal (Natural),,,,,Unknown,Unknown,Unknown,,Unknown,-2.06667,105.16667
52760,Namlea, ,ID NAM,Indonesia,Buru,Ceram Sea; Banda Sea; South Pacific Ocean,Very Small,Coastal (Natural),,,1.8,1.8,Unknown,Unknown,Unknown,Unknown,Unknown,-3.28333,127.08333
51855,North Pulau Laut Coal Terminal, ,IDNPL,Indonesia,Indonesia - Borneo,Makassar Strait; South Pacific Ocean,Very Small,Open Roadstead,,,12.5,17.1,Unknown,Unknown,Unknown,Unknown,Unknown,-3.2,116.28333
50330,Palembang, ,ID PLM,Indonesia,Indonesia,Natuna Sea; South China Sea; South Pacific Ocean,Medium,River (Natural),,,3.4,6.4,Unknown,Unknown,Small,Limited,Small,-2.98333,104.76667
51200,Panarukan, ,ID PRN,Indonesia,Jawa,Bali Sea; Java Sea; South Pacific Ocean,Very Small,Coastal (Natural),,5.0,,,Unknown,Unknown,Medium,,Unknown,-7.7,113.93333
50700,Pangkalansusu, ,ID PKN,Indonesia,Sumatera,Strait of Malacca; Indian Ocean,Very Small,Coastal (Natural),,,,4.9,Unknown,Unknown,Unknown,Limited,Small,4.11667,98.21667
50210,Pangkalpinang, ,ID PGK,Indonesia,Indonesia,Natuna Sea; South China Sea; South Pacific Ocean,Very Small,Open Roadstead,,,1.8,,Unknown,Unknown,Unknown,Limited,Unknown,-2.11667,106.13333
50380,Panjang,East Harbor; Oosthaven,ID PNJ,Indonesia,Indonesia,Indian Ocean,Very Small,Coastal (Natural),,,12.5,12.5,Unknown,Unknown,Small,Limited,Small,-5.46667,105.31667
52297,Parepare, ,ID PAP,Indonesia,Sulawesi,Makassar Strait; South Pacific Ocean,Very Small,Open Roadstead,160.0,,14.0,14.0,Unknown,Unknown,Unknown,Limited,Unknown,-4.0,119.61667
52560,Patani, , ,Indonesia,Halmahera,North Pacific Ocean,Very Small,Coastal (Natural),,,,,Unknown,Unknown,Unknown,Unknown,Unknown,0.36667,128.75
51030,Pekalongan, ,ID PEX,Indonesia,Jawa,Java Sea; South Pacific Ocean,Very Small,Open Roadstead,,,,,Unknown,Unknown,Unknown,Limited,Unknown,-6.85,109.7
50971,Poleng Oil Field, ,ID POL,Indonesia,Indonesia,Java Sea; South Pacific Ocean,Very Small,Open Roadstead,,,,,Unknown,Unknown,Unknown,Unknown,Unknown,-6.65,112.91667
52295,Pomalaa, ,ID PUM,Indonesia,Sulawesi,Teluk Bone; Banda Sea; South Pacific Ocean,Very Small,Coastal (Natural),,,4.9,6.4,Unknown,Unknown,Unknown,Unknown,Unknown,-4.16667,121.6
51941,Pontianak, ,ID PNK,Indonesia,Indonesia - Borneo,Natuna Sea; South China Sea; South Pacific Ocean,Very Small,River (Natural),,,4.9,3.4,Unknown,Unknown,Unknown,Limited,Unknown,-0.01667,109.33333
52140,Poso, ,ID PSJ,Indonesia,Sulawesi,Teluk Tomini; Molucca Sea; South Pacific Ocean,Very Small,Open Roadstead,,,4.9,4.9,Unknown,Unknown,Unknown,Emergency Only,Unknown,-1.36667,120.75
51180,Probolinggo, ,ID PRO,Indonesia,Jawa,Bali Sea; Java Sea; South Pacific Ocean,Very Small,Open Roadstead,,,1.8,1.8,Unknown,Unknown,Small,Limited,Unknown,-7.71667,113.21667
50441,Pulau Baai, , ,Indonesia,Indonesia,Indian Ocean,Very Small,Open Roadstead,,,9.4,9.4,Unknown,Unknown,Unknown,,Unknown,-3.91667,102.28333
50060,Pulau Sambu, ,IDPSS,Indonesia,Indonesia,Strait of Malacca; Indian Ocean,Small,Coastal (Natural),,,15.5,,Unknown,Unknown,Unknown,,Unknown,1.16667,103.9
52270,Raha Roadstead, ,ID RAQ,Indonesia,Sulawesi,Banda Sea; South Pacific Ocean,Very Small,Open Roadstead,,,4.9,,Unknown,Unknown,Unknown,Emergency Only,Unknown,-4.85,122.73333
50231,Ramba, , ,Indonesia,Indonesia,Natuna Sea; South China Sea; South Pacific Ocean,Very Small,Open Roadstead,,,4.9,4.9,Unknown,Unknown,Unknown,Unknown,Unknown,-2.61667,104.13333
51070,Rembang, ,ID REM,Indonesia,Jawa,Java Sea; South Pacific Ocean,Very Small,Open Roadstead,,,9.4,,Unknown,Unknown,Small,Emergency Only,Unknown,-6.7,111.35
50610,Sabang, ,ID SBG,Indonesia,Sumatera,Andaman Sea; Indian Ocean,Very Small,Coastal (Breakwater),,,21.6,7.9,Unknown,Unknown,Unknown,Limited,Medium,5.88333,95.31667
53050,Sailolof,Sailolof, ,Indonesia,New Guinea West Coast - Irian Jaya,Halmahera Sea; South Pacific Ocean,Very Small,Coastal (Natural),,,,,Unknown,Unknown,Unknown,Emergency Only,Unknown,-1.25,130.75
52695,Salawati, ,ID SWT,Indonesia,Seram,South Pacific Ocean,Small,River (Natural),,,15.5,,Unknown,Unknown,Unknown,Limited,Unknown,-1.35,130.98333
51820,Samarinda, ,ID SRI,Indonesia,Indonesia - Borneo,Makassar Strait; South Pacific Ocean,Very Small,River (Natural),233.3,6.0,6.4,6.4,Unknown,Unknown,Medium,Limited,Unknown,-0.51667,117.11667
51910,Sampit, ,ID SMQ,Indonesia,Indonesia - Borneo,Java Sea; South Pacific Ocean,Very Small,River (Natural),,,7.9,6.4,Unknown,Unknown,Unknown,Limited,Unknown,-2.51667,113.0
52870,Saumlaki,Saumlakki,ID SXK,Indonesia,Kepulauan Tanimbar,Arafura Sea; South Pacific Ocean,Very Small,Coastal (Natural),,,4.9,4.9,Unknown,Unknown,Unknown,Emergency Only,Unknown,-7.98333,131.3
50055,Sekupang, ,IDSKP,Indonesia,Indonesia,Strait of Malacca; Indian Ocean,Very Small,Open Roadstead,,,9.4,11.0,Unknown,Unknown,Unknown,Unknown,Unknown,1.13333,103.91667
51040,Semarang, ,ID SRG,Indonesia,Jawa,Java Sea; South Pacific Ocean,Small,Open Roadstead,,,7.9,7.9,Unknown,Unknown,Medium,Limited,Small,-6.95,110.41667
51830,Senipah Oil Terminal, ,IDSZH,Indonesia,Indonesia - Borneo,Makassar Strait; South Pacific Ocean,Very Small,Open Roadstead,,,,,Unknown,Unknown,Unknown,,Unknown,-0.95,117.16667
52940,Serui,Seroei, ,Indonesia,New Guinea West Coast - Irian Jaya,Teluk Cenderawasih; South Pacific Ocean,Very Small,Coastal (Natural),,,11.0,4.9,Unknown,Unknown,Unknown,Emergency Only,Unknown,-1.9,136.25
50510,Sibolga,Siboga; Tapnuli,ID SLG,Indonesia,Indonesia,Indian Ocean,Very Small,Coastal (Natural),,,6.4,4.9,Unknown,Unknown,Unknown,,Unknown,1.73333,98.76667
51870,Stagen,Setagin,IDSTN,Indonesia,Indonesia - Borneo,Makassar Strait; South Pacific Ocean,Very Small,Coastal (Natural),,,4.9,6.4,Unknown,Unknown,Unknown,Emergency Only,Unknown,-3.3,116.15
50300,Sungaigerong, ,ID SUG,Indonesia,Indonesia,Natuna Sea; South China Sea; South Pacific Ocean,Very Small,River (Natural),,,4.9,9.4,Unknown,Unknown,Small,Limited,Small,-2.98333,104.83333
50805,Sungaipakning,Songaipaking,ID SEQ,Indonesia,Sumatera,Strait of Malacca; Indian Ocean,Small,Coastal (Natural),,,20.1,6.4,Unknown,Unknown,Unknown,Unknown,Unknown,1.35,102.16667
51130,Surabaya,Tanjung Perak,ID SUB,Indonesia,Jawa,Bali Sea; Java Sea; South Pacific Ocean,Medium,Coastal (Breakwater),,,9.4,9.4,Unknown,Unknown,Medium,Major,Medium,-7.2,112.73333
52440,Tahuna,Taroena; Tohoena, ,Indonesia,Kepulauan Sangihe,Celebes Sea; North Pacific Ocean,Very Small,Coastal (Natural),,,3.4,3.4,Unknown,Unknown,Unknown,Unknown,Unknown,3.61667,125.48333
51865,Tanah Merah, ,IDTAL,Indonesia,Indonesia - Borneo,Makassar Strait; South Pacific Ocean,Very Small,Coastal (Natural),129.3,11.0,9.4,9.4,Unknown,Unknown,Unknown,Unknown,Unknown,-1.81667,116.16667
51770,Tanjung Arang  (Bunyu), ,ID BYQ,Indonesia,Indonesia - Borneo,Celebes Sea; North Pacific Ocean,Very Small,Coastal (Natural),79.9,,6.4,,Unknown,Unknown,Unknown,Unknown,Unknown,3.46667,117.83333
50516,Tanjung Balai Karimun, ,ID TJB,Indonesia,Sumatera,Strait of Malacca; Indian Ocean,Very Small,Coastal (Natural),,,21.6,7.9,Unknown,Unknown,Unknown,Unknown,Unknown,0.98333,103.43333
51254,Tanjung Benete, ,ID BEN,Indonesia,Lesser Sunda Islands,Indian Ocean,Very Small,Coastal (Natural),,,11.0,11.0,Unknown,Unknown,Unknown,,Unknown,-8.9,116.75
50932,Tanjung Gerem, , ,Indonesia,Jawa,"Indian Ocean, Java Sea; South Pacific Ocean",Very Small,Open Roadstead,,,12.5,,Unknown,Unknown,Unknown,Unknown,Unknown,-5.96667,105.98333
51803,Tanjung Sangata, ,ID SGQ,Indonesia,Indonesia - Borneo,Makassar Strait; South Pacific Ocean,Very Small,Open Roadstead,,,,,Unknown,Unknown,Unknown,Unknown,Unknown,0.36667,117.56667
51815,Tanjung Santan, ,ID SAT,Indonesia,Indonesia - Borneo,Makassar Strait; South Pacific Ocean,Very Small,Coastal (Natural),,,23.2,11.0,Unknown,Unknown,Unknown,Unknown,Unknown,-0.1,117.53333
50935,Tanjung Sekong,Merak Petroleum Base,ID TSE,Indonesia,Jawa,"Indian Ocean, Java Sea; South Pacific Ocean",Very Small,Coastal (Natural),,,12.5,6.4,Unknown,Unknown,Unknown,Limited,Unknown,-5.91667,106.0
50250,Tanjungpandan,Tandjung Pandan,ID TJQ,Indonesia,Indonesia,Natuna Sea; South China Sea; South Pacific Ocean,Very Small,Open Roadstead,,,6.4,1.8,Unknown,Unknown,Unknown,Limited,Small,-2.75,107.63333
50040,Tanjungpinang,Tandjung Pinang,IDTNJ,Indonesia,Indonesia,Natuna Sea; South China Sea; South Pacific Ocean,Very Small,Open Roadstead,,,1.8,21.6,Unknown,Unknown,Unknown,Limited,Small,0.91667,104.45
51800,Tanjungredeb,Tandjung Redeb, ,Indonesia,Indonesia - Borneo,Celebes Sea; North Pacific Ocean,Small,River (Natural),,,4.9,4.9,Unknown,Unknown,Unknown,Limited,Unknown,2.15,117.48333
50030,Tanjunguban, ,IDTAN,Indonesia,Indonesia,Strait of Malacca; Indian Ocean,Very Small,Coastal (Natural),,,9.4,17.1,Unknown,Unknown,Unknown,Unknown,Unknown,1.06667,104.21667
51500,Tarempah, , ,Indonesia,Kepulauan Anambas,South China Sea; North Pacific Ocean,Very Small,Coastal (Natural),,,3.4,3.4,Unknown,Unknown,Unknown,Unknown,Unknown,3.21667,106.21667
51020,Tegal, ,ID TEG,Indonesia,Jawa,Java Sea; South Pacific Ocean,Very Small,Open Roadstead,,3.0,1.8,1.8,Unknown,Unknown,Medium,Limited,Small,-6.85,109.13333
50450,Teluk Bayur,Emmahaven; Padang; Telukbayur,ID TBR,Indonesia,Indonesia,Indian Ocean,Very Small,Open Roadstead,220.0,,7.9,12.5,Unknown,Unknown,Medium,Major,Small,-1.0,100.36667
52480,Teluk Beo, , ,Indonesia,Kepulauan Talaud,Molucca Sea; North Pacific Ocean,Very Small,Coastal (Natural),,,,,Unknown,Unknown,Unknown,Unknown,Unknown,4.23333,126.78333
52510,Ternate, ,IDTTE,Indonesia,Pulau Ternate,Molucca Sea; North Pacific Ocean,Very Small,Open Roadstead,144.0,,7.9,6.4,Unknown,Unknown,Unknown,Limited,Unknown,0.78333,127.38333
53020,Tg. Sorong,Kasim, ,Indonesia,New Guinea West Coast - Irian Jaya,South Pacific Ocean,Small,Open Roadstead,175.0,,18.6,11.0,Unknown,Unknown,Unknown,Limited,Small,-0.88333,131.23333
50120,Toboali,Sabang,ID TBL,Indonesia,Indonesia,Java Sea; South Pacific Ocean,Very Small,Open Roadstead,,,6.4,1.8,Unknown,Unknown,Unknown,Unknown,Unknown,-3.01667,106.45
51100,Tuban, ,ID TBN,Indonesia,Jawa,Java Sea; South Pacific Ocean,Very Small,Open Roadstead,,,1.8,1.8,Unknown,Unknown,Unknown,,Unknown,-6.73333,112.15
51502,Udang Oilfield, ,ID UDG,Indonesia,Kepulauan Anambas,South China Sea; North Pacific Ocean,Very Small,Open Roadstead,,,,,Unknown,Unknown,Unknown,Unknown,Unknown,4.03333,106.48333
52320,Ujung Pandang,Makassar,ID UPG,Indonesia,Sulawesi,Makassar Strait; South Pacific Ocean,Medium,Coastal (Breakwater),,,9.4,9.4,Unknown,Unknown,Small,Limited,Small,-5.13333,119.4
50600,Uleelheue,Lhonga; Olee Lheue; Olehleh Road,ID OLO,Indonesia,Sumatera,Andaman Sea; Indian Ocean,Very Small,Open Roadstead,,,7.9,9.4,Unknown,Unknown,Unknown,Limited,Unknown,5.56667,95.28333
52660,Wahai, ,ID WBA,Indonesia,Seram,Ceram Sea; Banda Sea; South Pacific Ocean,Very Small,Coastal (Natural),,,23.2,3.4,Unknown,Unknown,Unknown,Unknown,Unknown,-2.78333,129.5
51350,Waingapu, ,ID WGP,Indonesia,Lesser Sunda Islands,Savu Sea; Indian Ocean,Very Small,Open Roadstead,,10.0,12.5,11.0,Unknown,Unknown,Unknown,,Unknown,-9.63333,120.21667
51504,Widuri Marine Terminal, ,ID WID,Indonesia,Kepulauan Anambas,Java Sea; South Pacific Ocean,Very Small,Coastal (Natural),,,20.1,,Unknown,Unknown,Unknown,,Unknown,-4.66667,106.65
48430,Abadan, ,IR ABD,Iran,Iran,Persian Gulf; Indian Ocean,Medium,River (Natural),,,9.4,9.4,Unknown,Unknown,Small,Limited,Small,30.33333,48.28333
48520,Bandar Abbas,Bandar-e Shahid Bahonar,IR BND,Iran,Iran,Strait of Hormuz; Indian Ocean,Medium,Coastal (Breakwater),366.0,14.0,13.5,17.0,Yes,Yes,Unknown,Limited,Unknown,27.15,56.2
48460,Bandar Khomeyni,Banda-e Iman Khomeyni,IR BKM,Iran,Iran,Persian Gulf; Indian Ocean,Small,Open Roadstead,,,15.5,12.5,Unknown,Unknown,Medium,Moderate,Unknown,30.43333,49.08333
48533,Bandar Taheri Offshore Terminal, , ,Iran,Iran,Persian Gulf; Indian Ocean,Very Small,Coastal (Natural),220.0,10.6,,,Unknown,Unknown,Unknown,Unknown,Unknown,27.65,52.35
48450,Bandar-E Mahshahr, ,IR MRX,Iran,Iran,Persian Gulf; Indian Ocean,Small,River (Natural),,,11.0,,Unknown,Unknown,Unknown,,Unknown,30.46667,49.18333
48475,Bandar-E Pars Terminal,Assaluyeh, ,Iran,Iran,Persian Gulf; Indian Ocean,Very Small,Open Roadstead,220.0,15.0,,25.0,Unknown,Unknown,Unknown,Unknown,Unknown,27.53333,52.53333
48495,Bandar-E Shahid Rejaie, ,IR BSR,Iran,Iran,Strait of Hormuz; Indian Ocean,Small,Coastal (Breakwater),290.0,12.5,15.5,12.5,Yes,Yes,Small,Limited,Unknown,27.1,56.06667
48464,Barkan Oil-loading Terminal,Bahregan Oil Center, ,Iran,Iran,Persian Gulf; Indian Ocean,Very Small,Open Roadstead,,,17.1,,Unknown,Unknown,Unknown,,Unknown,29.73333,50.16667
48470,Bushehr, ,IR BUZ,Iran,Iran,Persian Gulf; Indian Ocean,Medium,Coastal (Natural),,,6.4,7.9,Unknown,Unknown,Unknown,Limited,Unknown,28.98333,50.83333
48550,Chah Bahar,Chabahar,IR ZBR,Iran,Iran,Gulf of Oman; Indian Ocean,Very Small,Coastal (Natural),320.0,16.0,12.5,16.0,Unknown,Unknown,Unknown,Moderate,Unknown,25.26667,60.61667
48540,Jask, ,IR JAK,Iran,Iran,Gulf of Oman; Indian Ocean,Very Small,Coastal (Natural),,,23.2,,Unknown,Unknown,Unknown,Emergency Only,Unknown,25.63333,57.76667
48530,Jazireh-Ye Hormoz, ,IR HOR,Iran,Iran,Strait of Hormuz; Indian Ocean,Very Small,Open Roadstead,,,6.4,3.4,Unknown,Unknown,Unknown,Unknown,Unknown,27.1,56.45
48480,Jazireh-Ye Lavan Oil Terminal,Lavan Island,IR LVP,Iran,Iran,Persian Gulf; Indian Ocean,Very Small,Open Roadstead,130.0,19.2,,,Unknown,Unknown,Unknown,,Unknown,26.78333,53.33333
48535,Jazireh-Ye Sirri, ,IR SXI,Iran,Iran,Persian Gulf; Indian Ocean,Small,Open Roadstead,,,,23.2,Unknown,Unknown,Unknown,,Unknown,25.9,54.55
48465,Kharg Island Oil Terminal,Jazireh-ye Khark,IR KHK,Iran,Iran,Persian Gulf; Indian Ocean,Small,Open Roadstead,,,23.2,20.1,Unknown,Unknown,Unknown,Emergency Only,Unknown,29.23333,50.33333
48420,Khorramshahr, ,IR KHO,Iran,Iran,Persian Gulf; Indian Ocean,Medium,River (Natural),,,7.9,9.4,Unknown,Unknown,Small,Limited,Small,30.43333,48.18333
48440,Khosrowabad, , ,Iran,Iran,Persian Gulf; Indian Ocean,Very Small,River (Natural),,,11.0,,Unknown,Unknown,Unknown,Unknown,Unknown,30.16667,48.41667
48468,Sirus Oil Terminal,Cyrus Oil Terminal; Soroosh Oil Terminal,IR CYT,Iran,Iran,Persian Gulf; Indian Ocean,Small,Open Roadstead,,,23.2,,Unknown,Unknown,Unknown,,Unknown,29.01667,49.48333
48400,Al Basrah, ,IQ BSR,Iraq,Iraq,Persian Gulf; Indian Ocean,Medium,River (Natural),,,,,Unknown,Unknown,Unknown,Unknown,Unknown,30.51667,47.83333
48392,Al-Basra Oil Terminal,Mina Al Bakr Terminal,IQ MAB,Iraq,Iraq,Persian Gulf; Indian Ocean,Very Small,Open Roadstead,,,20.1,23.2,Unknown,Unknown,Unknown,Unknown,Unknown,29.68333,48.81667
48390,Khawr Al Amaya, ,IQ KHA,Iraq,Iraq,Persian Gulf; Indian Ocean,Very Small,Open Roadstead,,,21.6,15.5,Unknown,Unknown,Unknown,,Unknown,29.78333,48.8
48404,Khawr Al Zubair,Khor Al Zubair,IQ KAZ,Iraq,Iraq,Persian Gulf; Indian Ocean,Very Small,River (Natural),,,3.4,7.9,Unknown,Unknown,Small,Unknown,Unknown,30.18333,47.9
48406,Khawr Al Zubair Lng Terminal, ,IQ KAZ,Iraq,Iraq,Persian Gulf; Indian Ocean,Very Small,River (Natural),,,3.4,,Unknown,Unknown,Small,Unknown,Unknown,30.13333,47.91667
48399,Umm Qasr, ,IQ UQR,Iraq,Iraq,Persian Gulf; Indian Ocean,Small,River (Natural),,,11.0,9.4,Unknown,Unknown,Medium,Moderate,Medium,30.01667,47.95
34260,Bantry,Bantry Bay Oil Terminal,IE BTH,Ireland,Ireland,North Atlantic Ocean,Very Small,Coastal (Natural),,,9.4,9.4,Unknown,Unknown,Unknown,,Unknown,51.68333,-9.45
34190,Castletown Bearhaven, ,IE CTB,Ireland,Ireland,North Atlantic Ocean,Very Small,Coastal (Natural),,,7.9,4.9,Unknown,Unknown,Unknown,Limited,Unknown,51.65,-9.91667
34350,Cobh, ,IE COB,Ireland,Ireland,Celtic Sea; North Atlantic Ocean,Medium,River (Natural),,,11.0,7.9,Yes,Unknown,Small,Major,Small,51.85,-8.3
34360,Cork, ,IE ORK,Ireland,Ireland,Celtic Sea; North Atlantic Ocean,Medium,River (Natural),340.0,12.9,11.0,11.0,Yes,Yes,Medium,Major,Small,51.85,-8.26667
34025,Drogheda, ,IE DRO,Ireland,Ireland,Irish Sea; North Atlantic Ocean,Very Small,River (Basins),130.0,6.5,4.9,6.2,Yes,Yes,Small,Limited,,53.71667,-6.3
34480,Dublin,Baile Atha Cliath,IE MTL,Ireland,Ireland,Irish Sea; North Atlantic Ocean,Medium,Coastal (Breakwater),200.0,9.6,9.5,11.0,Yes,Yes,Medium,Major,Large,53.35,-6.25
34160,Fenit, ,IE FEN,Ireland,Ireland,North Atlantic Ocean,Very Small,Coastal (Natural),,,4.9,6.4,Unknown,Unknown,Unknown,Limited,Unknown,52.26667,-9.86667
34130,Foynes,Shannon Foynes,IE FOV,Ireland,Ireland,North Atlantic Ocean,Large,River (Natural),,,6.4,23.2,Unknown,Unknown,Unknown,Limited,Small,52.61667,-9.11667
34060,Galway, ,IE GWY,Ireland,Ireland,North Atlantic Ocean,Very Small,River (Tide Gates),,,3.4,6.4,Unknown,Unknown,Unknown,Moderate,Unknown,53.26667,-9.05
34560,Greenore, ,IE GRN,Ireland,Ireland,Irish Sea; North Atlantic Ocean,Very Small,Coastal (Natural),,,5.9,4.3,Yes,No,Small,Limited,Unknown,54.03333,-6.13333
33930,Killybegs, ,IE KBS,Ireland,Ireland,North Atlantic Ocean,Very Small,Coastal (Natural),,,23.2,11.0,Unknown,Unknown,Small,Limited,Unknown,54.63333,-8.45
34200,Kilrush, ,IE KLR,Ireland,Ireland,North Atlantic Ocean,Very Small,River (Tide Gates),,,4.9,4.9,Unknown,Unknown,Unknown,Limited,Medium,52.63333,-9.5
34110,Limerick,Luimneach,IE LMK,Ireland,Ireland,North Atlantic Ocean,Small,River (Tide Gates),,,1.8,4.9,Unknown,Unknown,Unknown,Limited,Large,52.63333,-8.61667
34390,New Ross, ,IE NRS,Ireland,Ireland,Celtic Sea; North Atlantic Ocean,Small,River (Natural),110.0,6.0,4.9,6.4,Yes,No,Small,Limited,Unknown,52.38333,-6.95
33880,Rathmullan, ,IE RAT,Ireland,Ireland,North Atlantic Ocean,Very Small,Coastal (Natural),,,9.4,6.4,Unknown,Unknown,Unknown,Limited,Unknown,55.1,-7.53333
34420,Rosslare,Rosslare Europort,IE ROE,Ireland,Ireland,Irish Sea; North Atlantic Ocean,Small,Coastal (Breakwater),200.0,6.8,7.3,7.2,Yes,No,Unknown,Limited,Unknown,52.25,-6.33333
33950,Sligo, ,IE SLI,Ireland,Ireland,North Atlantic Ocean,Very Small,River (Basins),,,1.8,3.4,Unknown,Unknown,Unknown,Limited,Unknown,54.26667,-8.46667
34150,Tarbert, ,IE TAR,Ireland,Ireland,North Atlantic Ocean,Very Small,River (Natural),,,18.6,1.8,Unknown,Unknown,Unknown,,Unknown,52.58333,-9.36667
34196,Valentia, , ,Ireland,Ireland,North Atlantic Ocean,Very Small,Coastal (Natural),,,4.9,12.5,Unknown,Unknown,Unknown,Limited,Unknown,51.93333,-10.3
34400,Waterford, ,IE WAT,Ireland,Ireland,Celtic Sea; North Atlantic Ocean,Very Small,River (Natural),200.0,9.0,6.5,8.0,Unknown,Unknown,Unknown,Limited,Unknown,52.26667,-7.11667
34020,Westport, ,IE WES,Ireland,Ireland,North Atlantic Ocean,Very Small,Coastal (Natural),,4.1,1.8,3.4,Unknown,Unknown,Unknown,,Unknown,53.8,-9.53333
33610,Douglas, ,IM DGS,Isle of Man,Isle of Man,Irish Sea; North Atlantic Ocean,Small,Coastal (Breakwater),,6.0,6.4,3.4,Unknown,Unknown,Small,Limited,Unknown,54.15,-4.46667
33620,Ramsey, ,IM RAM,Isle of Man,Isle of Man,Irish Sea; North Atlantic Ocean,Small,Coastal (Breakwater),,,6.4,3.4,Unknown,Unknown,Unknown,Moderate,Unknown,54.31667,-4.36667
45100,Ashdod, ,IL ASH,Israel,Israel,Mediterranean Sea; North Atlantic Ocean,Small,Coastal (Breakwater),,,,15.5,Unknown,Unknown,Medium,Moderate,Unknown,31.81667,34.65
45110,Ashqelon, ,IL AKL,Israel,Israel,Mediterranean Sea; North Atlantic Ocean,Very Small,Open Roadstead,,,,,Unknown,Unknown,Medium,Limited,Unknown,31.66667,34.5
48076,Elat,Eilat; Elath,IL ETH,Israel,Israel,Gulf of Aqaba; Red Sea; Indian Ocean,Small,Coastal (Natural),,,23.2,9.4,Unknown,Unknown,Small,Limited,Small,29.55,34.95
45084,Hadera, ,IL HAD,Israel,Israel,Mediterranean Sea; North Atlantic Ocean,Very Small,Open Roadstead,,,,20.1,Unknown,Unknown,Medium,,Unknown,32.46667,34.9
45080,Haifa,Hefa; Khaifa,IL HFA,Israel,Israel,Mediterranean Sea; North Atlantic Ocean,Medium,Coastal (Breakwater),,,12.5,12.5,Unknown,Unknown,Medium,Moderate,Unknown,32.81667,35.0
39280,Alghero, ,IT AHO,Italy,Sardegna,Mediterranean Sea; North Atlantic Ocean,Small, ,,,,,Unknown,Unknown,Unknown,Unknown,Unknown,40.568,8.307
40660,Ancona, ,IT AOI,Italy,Italy East Coast,Adriatic Sea; Mediterranean Sea; North Atlantic Ocean,Small,Coastal (Breakwater),,,11.0,7.9,Unknown,Unknown,Medium,Moderate,Small,43.629,13.494
39830,Anzio - Nettuno, ,IT ANZ,Italy,Italy West Coast Cont,Tyrrhenian Sea; Mediterranean Sea; North Atlantic Ocean,Very Small,Coastal (Breakwater),,,4.9,3.4,Unknown,Unknown,Small,Unknown,Unknown,41.446,12.637
39190,Arbatax, ,IT ATX,Italy,Sardegna,Tyrrhenian Sea; Mediterranean Sea; North Atlantic Ocean,Very Small,Coastal (Breakwater),,,4.9,7.9,Unknown,Unknown,Unknown,Limited,Unknown,39.93333,9.7
40250,Augusta,Megarese; Priolo Gargallo,IT AUG,Italy,Sicilia,Mediterranean Sea; North Atlantic Ocean,Medium,Coastal (Breakwater),,,23.2,,Unknown,Unknown,Small,Limited,Medium,37.21667,15.23333
39950,Bagnoli, ,IT BLN,Italy,Italy West Coast Cont,Tyrrhenian Sea; Mediterranean Sea; North Atlantic Ocean,Small,Open Roadstead,,,23.2,12.5,Unknown,Unknown,Small,Limited,Unknown,40.81,14.158
39930,Baia, ,IT BAI,Italy, ,Tyrrhenian Sea; Mediterranean Sea; North Atlantic Ocean,Small, ,,4.0,3.0,,Unknown,Unknown,Unknown,Unknown,Unknown,40.817,14.074
40530,Bari, ,IT BRI,Italy,Italy East Coast,Adriatic Sea; Mediterranean Sea; North Atlantic Ocean,Medium,Coastal (Breakwater),,,11.0,11.0,Unknown,Unknown,Large,Limited,Medium,41.146,16.846
40560,Bisceglie, ,IT BCE,Italy, ,Adriatic Sea; Mediterranean Sea; North Atlantic Ocean,Small, ,,,,,Unknown,Unknown,Unknown,Unknown,Unknown,41.246,16.509
40500,Brindisi, ,IT BDS,Italy,Italy East Coast,Adriatic Sea; Mediterranean Sea; North Atlantic Ocean,Large,Coastal (Breakwater),,,14.0,11.0,Unknown,Unknown,Medium,Limited,Medium,40.65,17.98333
39210,Cagliari, ,IT CAG,Italy,Sardegna,Mediterranean Sea; North Atlantic Ocean,Medium,Coastal (Breakwater),304.0,,14.0,7.9,Unknown,Unknown,Small,Limited,Unknown,39.19,9.102
40355,Cala Pozzolana, , ,Italy, ,Mediterranean Sea; North Atlantic Ocean,Small, ,,,,,Unknown,Unknown,Unknown,Unknown,Unknown,35.864,12.852
39160,Cala Volpe, , ,Italy,Sardegna,Tyrrhenian Sea; Mediterranean Sea; North Atlantic Ocean,Small, ,,,,,Unknown,Unknown,Unknown,Unknown,Unknown,41.088,9.542
39250,Carloforte, ,IT CLF,Italy,Sardegna,Mediterranean Sea; North Atlantic Ocean,Very Small,Coastal (Breakwater),,,4.9,6.4,Unknown,Unknown,Medium,Limited,Unknown,39.147,8.317
39905,Casamicciola, ,IT CML,Italy, ,Tyrrhenian Sea; Mediterranean Sea; North Atlantic Ocean,Small, ,,,,,Unknown,Unknown,Unknown,Unknown,Unknown,40.752,13.912
40140,Castellammare Del Golfo, ,IT CTR,Italy, ,Tyrrhenian Sea; Mediterranean Sea; North Atlantic Ocean,Small, ,,,,,Unknown,Unknown,Unknown,Unknown,Unknown,38.032,12.885
40000,Castellammare Di Stabia, ,IT CAS,Italy,Italy West Coast Cont,Tyrrhenian Sea; Mediterranean Sea; North Atlantic Ocean,Very Small,Coastal (Breakwater),,,9.4,12.5,Unknown,Unknown,Small,Limited,Unknown,40.7,14.476
40270,Catania, ,IT CTA,Italy,Sicilia,Mediterranean Sea; North Atlantic Ocean,Medium,Coastal (Breakwater),,,11.0,9.4,Unknown,Unknown,Medium,Limited,Small,37.5,15.1
40710,Cesenatico, ,IT CNT,Italy, ,Adriatic Sea; Mediterranean Sea; North Atlantic Ocean,Small, ,,,,,Unknown,Unknown,Unknown,Unknown,Unknown,44.208,12.408
39500,Chiavari - Lavagna, ,IT CHX,Italy, ,Ligurian Sea; Mediterranean Sea; North Atlantic Ocean,Unknown, ,,,,,Unknown,Unknown,Unknown,Unknown,Unknown,44.305,9.326
40450,Ciro Marina, ,IT MRM,Italy, ,Ionian Sea; Mediterranean Sea; North Atlantic Ocean,Small, ,,,,,Unknown,Unknown,Unknown,Unknown,Unknown,39.372,17.136
40650,Civitanova Marche, ,IT IOA,Italy, ,Adriatic Sea; Mediterranean Sea; North Atlantic Ocean,Small, ,,,,,Unknown,Unknown,Unknown,Unknown,Unknown,43.316,13.734
39810,Civitavecchia, ,IT CVV,Italy,Italy West Coast Cont,Tyrrhenian Sea; Mediterranean Sea; North Atlantic Ocean,Large,Coastal (Breakwater),,,12.5,9.4,Unknown,Unknown,Unknown,Limited,Unknown,42.102,11.771
40460,Corigliano Calabro, ,IT CGC,Italy, ,Golfo di Taranto; Mediterranean Sea; North Atlantic Ocean,Small, ,,,,,Unknown,Unknown,Unknown,Unknown,Unknown,39.672,16.529
40440,Crotone,Porto Di Crotone,IT CRV,Italy,Italy East Coast,Ionian Sea; Mediterranean Sea; North Atlantic Ocean,Small,Coastal (Breakwater),,,4.9,7.9,Unknown,Unknown,Small,Limited,Unknown,39.078,17.136
40680,Fano, ,IT FAO,Italy, ,Adriatic Sea; Mediterranean Sea; North Atlantic Ocean,Small, ,,,,,Unknown,Unknown,Unknown,Unknown,Unknown,43.857,13.017
40165,Favignana, ,IT FAV,Italy, ,Tyrrhenian Sea; Mediterranean Sea; North Atlantic Ocean,Small, ,,,,,Unknown,Unknown,Unknown,Unknown,Unknown,37.933,12.324
39820,Fiumicino,Rome,IT FCO,Italy,Italy West Coast Cont,Tyrrhenian Sea; Mediterranean Sea; North Atlantic Ocean,Small,Canal or Lake,,,3.4,3.4,Unknown,Unknown,Small,Limited,Unknown,41.772,12.214
39900,Forio, ,IT FRD,Italy, ,Tyrrhenian Sea; Mediterranean Sea; North Atlantic Ocean,Small, ,,,,,Unknown,Unknown,Unknown,Unknown,Unknown,40.742,13.859
39865,Formia, ,IT FOM,Italy, ,Tyrrhenian Sea; Mediterranean Sea; North Atlantic Ocean,Small, ,,,,,Unknown,Unknown,Unknown,Unknown,Unknown,41.254,13.614
39860,Gaeta, ,IT GAE,Italy,Italy West Coast Cont,Tyrrhenian Sea; Mediterranean Sea; North Atlantic Ocean,Small,Coastal (Breakwater),,,23.2,9.4,Unknown,Unknown,Small,Limited,Small,41.223,13.577
40480,Gallipoli, ,IT GAL,Italy,Italy East Coast,Golfo di Taranto; Mediterranean Sea; North Atlantic Ocean,Medium,Coastal (Breakwater),,,11.0,12.5,Unknown,Unknown,Medium,Limited,Unknown,40.06,17.984
40220,Gela,Terranova,IT GEA,Italy,Sicilia,Mediterranean Sea; North Atlantic Ocean,Very Small,Coastal (Breakwater),,,12.5,9.4,Unknown,Unknown,Small,Limited,Unknown,37.06667,14.25
39470,Genova, ,IT GOA,Italy,Italy West Coast,Ligurian Sea; Mediterranean Sea; North Atlantic Ocean,Large,Coastal (Breakwater),,,15.5,14.0,Yes,Yes,Large,Major,Large,44.40667,8.86139
40282,Giardini Naxos, ,IT GIA,Italy, ,Mediterranean Sea; North Atlantic Ocean,Small, ,,,,,Unknown,Unknown,Unknown,Unknown,Unknown,37.828,15.273
39780,Giglio Porto,Porto Del Giglio,IT GPR,Italy,Italy,Tyrrhenian Sea; Mediterranean Sea; North Atlantic Ocean,Small,Coastal (Breakwater),,,4.0,,Unknown,Unknown,Unknown,Unknown,Unknown,42.362,10.921
40115,Gioia Tauro, ,IT GIT,Italy,Sicilia,Tyrrhenian Sea; Mediterranean Sea; North Atlantic Ocean,Large,Coastal (Breakwater),,,17.1,15.5,Yes,Yes,Small,Limited,Medium,38.444,15.89
40635,Giulianova, ,IT GUI,Italy, ,Adriatic Sea; Mediterranean Sea; North Atlantic Ocean,Small,Coastal (Breakwater),,,,,No,No,Unknown,Unknown,,42.756,13.979
39170,Golfo Aranci, ,IT GAI,Italy,Sardegna,Tyrrhenian Sea; Mediterranean Sea; North Atlantic Ocean,Small, ,,,,,Unknown,Unknown,Unknown,Unknown,Unknown,40.993,9.624
40785,Grado, ,IT GRD,Italy, ,Adriatic Sea; Mediterranean Sea; North Atlantic Ocean,Small, ,,,,,Unknown,Unknown,Unknown,Unknown,Unknown,45.697,13.298
39370,Imperia, ,IT IMP,Italy,Italy West Coast,Mediterranean Sea; North Atlantic Ocean,Small,Coastal (Breakwater),,,7.9,7.9,Unknown,Unknown,Medium,Limited,Unknown,43.88333,8.03333
39910,Ischia, ,IT ISH,Italy, ,Tyrrhenian Sea; Mediterranean Sea; North Atlantic Ocean,Small, ,,,,,Unknown,Unknown,Unknown,Unknown,Unknown,40.748,13.944
39520,La Spezia,Spezia,IT SPE,Italy,Italy West Coast,Ligurian Sea; Mediterranean Sea; North Atlantic Ocean,Large,Coastal (Breakwater),,,14.0,14.0,Unknown,Unknown,Medium,Major,Large,44.1,9.83333
40350,Lampedusa, ,IT LMP,Italy,Italy,Mediterranean Sea; North Atlantic Ocean,Small,Coastal (Natural),,5.0,,,Unknown,Unknown,Unknown,Unknown,Unknown,35.494,12.601
40155,Levanzo, ,IT LEV,Italy, ,Tyrrhenian Sea; Mediterranean Sea; North Atlantic Ocean,Small, ,,,,,Unknown,Unknown,Unknown,Unknown,Unknown,37.987,12.341
40210,Licata, ,IT LIC,Italy,Sicilia,Mediterranean Sea; North Atlantic Ocean,Small,Coastal (Breakwater),,,7.9,4.9,Unknown,Unknown,Small,Limited,Unknown,37.092,13.936
40300,Lipari, ,IT LIP,Italy,Isole Eolie,Tyrrhenian Sea; Mediterranean Sea; North Atlantic Ocean,Very Small,Coastal (Natural),,,23.2,4.9,Unknown,Unknown,Unknown,Unknown,Unknown,38.48333,14.96667
39150,Liscia Di Vacca, , ,Italy,Sardegna,Tyrrhenian Sea; Mediterranean Sea; North Atlantic Ocean,Small, ,,,,,Unknown,Unknown,Unknown,Unknown,Unknown,41.141,9.511
39590,Livorno,Leghorn,IT LIV,Italy,Italy West Coast,Ligurian Sea; Mediterranean Sea; North Atlantic Ocean,Large,Coastal (Breakwater),,,12.5,4.9,Unknown,Unknown,Medium,Major,Large,43.542,10.29
39140,Maddalena,La Maddalena,IT MDA,Italy,Sardegna,Tyrrhenian Sea; Mediterranean Sea; North Atlantic Ocean,Small,Coastal (Natural),,,3.4,4.9,Unknown,Unknown,Small,Limited,Unknown,41.208,9.403
40590,Manfredonia, ,IT MFR,Italy,Italy East Coast,Adriatic Sea; Mediterranean Sea; North Atlantic Ocean,Small,Coastal (Breakwater),,,6.4,9.4,Unknown,Unknown,Small,Limited,Unknown,41.61667,15.91667
40160,Marettimo, ,IT MMO,Italy, ,Tyrrhenian Sea; Mediterranean Sea; North Atlantic Ocean,Small, ,,,,,Unknown,Unknown,Unknown,Unknown,Unknown,37.966,12.075
39550,Marina Di Carrara,Apuania; Carrara,IT MDC,Italy,Italy West Coast,Ligurian Sea; Mediterranean Sea; North Atlantic Ocean,Very Small,Coastal (Breakwater),,,12.5,9.4,Unknown,Unknown,Small,Moderate,Unknown,44.027,10.047
40170,Marsala, ,IT MRA,Italy,Sicilia,Mediterranean Sea; North Atlantic Ocean,Small,Coastal (Breakwater),,,4.9,4.9,Unknown,Unknown,Small,Limited,Unknown,37.78333,12.43333
40180,Mazara Del Vallo, ,IT MAZ,Italy,Sicilia,Mediterranean Sea; North Atlantic Ocean,Small,Coastal (Tide Gates),,,3.4,4.9,Unknown,Unknown,Small,Limited,Unknown,37.644,12.592
40245,Melilli Oil Terminal, , ,Italy,Italy,Mediterranean Sea; North Atlantic Ocean,Very Small,Open Roadstead,,,21.6,,Unknown,Unknown,Small,Limited,Unknown,37.11667,15.25
40100,Messina, ,IT MSN,Italy,Sicilia,Mediterranean Sea; North Atlantic Ocean,Large,Coastal (Breakwater),,,23.2,7.9,Unknown,Unknown,Medium,Major,Medium,38.2,15.56667
40110,Milazzo, ,IT MLZ,Italy,Sicilia,Tyrrhenian Sea; Mediterranean Sea; North Atlantic Ocean,Medium,Open Roadstead,,,9.4,9.4,Unknown,Unknown,Medium,Major,Unknown,38.21667,15.25
39935,Miseno, , ,Italy, ,Tyrrhenian Sea; Mediterranean Sea; North Atlantic Ocean,Small, ,,,,,Unknown,Unknown,Unknown,Unknown,Unknown,40.78816,14.0911
40520,Mola Di Bari, ,IT ODB,Italy, ,Adriatic Sea; Mediterranean Sea; North Atlantic Ocean,Small, ,,,,,Unknown,Unknown,Unknown,Unknown,Unknown,41.062,17.1
40550,Molfetta, ,IT MOL,Italy,Italy East Coast,Adriatic Sea; Mediterranean Sea; North Atlantic Ocean,Small,Coastal (Breakwater),,,7.9,6.4,Unknown,Unknown,Small,,Unknown,41.21667,16.6
40790,Monfalcone, ,IT MNF,Italy,Italy East Coast,Adriatic Sea; Mediterranean Sea; North Atlantic Ocean,Medium,River (Basins),,,9.4,9.4,Unknown,Unknown,Small,Limited,Small,45.78333,13.55
40510,Monopoli, ,IT MNP,Italy,Italy East Coast,Adriatic Sea; Mediterranean Sea; North Atlantic Ocean,Small,Coastal (Breakwater),,,7.9,6.4,Unknown,Unknown,Small,Moderate,Unknown,40.955,17.308
40830,Muggia, ,IT UGG,Italy,Italy East Coast,Adriatic Sea; Mediterranean Sea; North Atlantic Ocean,Very Small,Coastal (Breakwater),,,15.5,12.5,Unknown,Unknown,Unknown,Unknown,Unknown,45.6,13.76667
39960,Napoli,Naples,IT NAP,Italy,Italy West Coast Cont,Tyrrhenian Sea; Mediterranean Sea; North Atlantic Ocean,Large,Coastal (Breakwater),,,14.0,9.4,Unknown,Unknown,Large,Major,Large,40.833,14.275
40780,Nogaro,Porto Nogaro,IT PNG,Italy,Italy,Adriatic Sea; Mediterranean Sea; North Atlantic Ocean,Small, ,180.0,6.2,7.0,,Unknown,Unknown,Unknown,Unknown,Unknown,45.759,13.167
39180,Olbia,Terranova Pausania,IT OLB,Italy,Sardegna,Tyrrhenian Sea; Mediterranean Sea; North Atlantic Ocean,Small,Coastal (Natural),,,6.4,9.4,Unknown,Unknown,Medium,Unknown,Unknown,40.925,9.528
40620,Ortona, ,IT OTN,Italy,Italy East Coast,Adriatic Sea; Mediterranean Sea; North Atlantic Ocean,Small,Coastal (Breakwater),,,6.4,4.9,Unknown,Unknown,Small,Limited,Unknown,42.35,14.41667
40490,Otranto, ,IT OTO,Italy,Italy East Coast,Adriatic Sea; Mediterranean Sea; North Atlantic Ocean,Very Small,Coastal (Breakwater),,,4.9,4.9,Unknown,Unknown,Unknown,Limited,Unknown,40.152,18.493
40360,Pantelleria, ,IT PNL,Italy, ,Mediterranean Sea; North Atlantic Ocean,Small, ,,,,,Unknown,Unknown,Unknown,Unknown,Unknown,36.838,11.942
40690,Pesaro, ,IT PES,Italy,Italy East Coast,Adriatic Sea; Mediterranean Sea; North Atlantic Ocean,Small, ,100.0,3.9,,,Yes,Unknown,Unknown,Unknown,Unknown,43.928,12.903
40630,Pescara, ,IT PSR,Italy,Italy East Coast,Adriatic Sea; Mediterranean Sea; North Atlantic Ocean,Small,Coastal (Breakwater),,,3.4,4.9,Unknown,Unknown,Unknown,Limited,Unknown,42.464,14.236
39840,Ponza, ,IT PNZ,Italy, ,Tyrrhenian Sea; Mediterranean Sea; North Atlantic Ocean,Small, ,,,,,Unknown,Unknown,Unknown,Unknown,Unknown,40.895,12.964
39155,Porto Cervo, ,IT PCE,Italy,Sardegna,Tyrrhenian Sea; Mediterranean Sea; North Atlantic Ocean,Small, ,,,,,No,No,Unknown,Unknown,,41.13528,9.53083
40580,Porto Di Barletta, ,IT BLT,Italy,Italy East Coast,Adriatic Sea; Mediterranean Sea; North Atlantic Ocean,Very Small,Coastal (Breakwater),,,7.9,6.4,Unknown,Unknown,Unknown,Limited,Small,41.334,16.292
40745,Porto Di Chioggia, ,IT CHI,Italy,Italy East Coast,Adriatic Sea; Mediterranean Sea; North Atlantic Ocean,Very Small,River (Basins),,,7.9,6.4,Unknown,Unknown,Unknown,Moderate,Unknown,45.23333,12.3
40720,Porto Di Corsini,Ravenna,IT PCS,Italy,Italy East Coast,Adriatic Sea; Mediterranean Sea; North Atlantic Ocean,Medium,Canal or Lake,,,4.9,9.4,Unknown,Unknown,Medium,Limited,Medium,44.495,12.291
40760,Porto Di Lido-Venezia,Porto Di Lido; Venezia; Venice,IT VCE,Italy,Italy East Coast,Adriatic Sea; Mediterranean Sea; North Atlantic Ocean,Large,Coastal (Breakwater),,,11.0,7.9,Unknown,Unknown,Unknown,Major,Large,45.41667,12.43333
40750,Porto Di Malamocco, , ,Italy,Italy East Coast,Adriatic Sea; Mediterranean Sea; North Atlantic Ocean,Very Small,Canal or Lake,,,11.0,7.9,Unknown,Unknown,Unknown,Unknown,Unknown,45.33333,12.31667
39261,Porto Di Oristano, ,IT QOS,Italy,Sardegna,Mediterranean Sea; North Atlantic Ocean,Small,Coastal (Natural),,,12.5,11.0,Unknown,Unknown,Unknown,Limited,Small,39.86667,8.55
40130,Porto Di Palermo, ,IT PMO,Italy,Sicilia,Tyrrhenian Sea; Mediterranean Sea; North Atlantic Ocean,Small,Coastal (Breakwater),,,23.2,14.0,Unknown,Unknown,Large,Major,Large,38.119,13.38
40200,Porto Empedocle,Empedocle,IT PEM,Italy,Sicilia,Mediterranean Sea; North Atlantic Ocean,Very Small,Coastal (Breakwater),,,11.0,4.9,Unknown,Unknown,Unknown,Limited,Unknown,37.278,13.528
39795,Porto Ercole, ,IT PTH,Italy, ,Tyrrhenian Sea; Mediterranean Sea; North Atlantic Ocean,Small, ,,,,,Unknown,Unknown,Unknown,Unknown,Unknown,42.404,11.213
40730,Porto Garibaldi, ,IT PGA,Italy, ,Adriatic Sea; Mediterranean Sea; North Atlantic Ocean,Small,Canal or Lake,40.0,3.5,3.6,,Unknown,Unknown,Unknown,Limited,Unknown,44.677,12.252
39220,Porto Ponte Romano,Ponte Romano,IT PPF,Italy,Sardegna,Mediterranean Sea; North Atlantic Ocean,Very Small,Open Roadstead,,,6.4,7.9,Unknown,Unknown,Unknown,Limited,Unknown,39.05556,8.46778
39790,Porto Santo Stefano,Santo Stefano,IT PSS,Italy,Italy West Coast Cont,Tyrrhenian Sea; Mediterranean Sea; North Atlantic Ocean,Very Small,Coastal (Breakwater),,,11.0,6.4,Unknown,Unknown,Small,Moderate,Unknown,42.44,11.122
39310,Porto Torres,Torres,IT PTO,Italy,Sardegna,Mediterranean Sea; North Atlantic Ocean,Small,Coastal (Breakwater),,,11.0,12.5,Unknown,Unknown,Small,Limited,Unknown,40.852,8.396
39260,Porto Vesme,Vesme,IT PVE,Italy,Sardegna,Mediterranean Sea; North Atlantic Ocean,Very Small,Coastal (Breakwater),,,14.0,11.0,Unknown,Unknown,Unknown,Limited,Unknown,39.194,8.384
39720,Portoferraio, ,IT PFE,Italy,Elba,Ligurian Sea; Mediterranean Sea; North Atlantic Ocean,Small,Open Roadstead,,,9.4,6.4,Unknown,Unknown,Small,Limited,Unknown,42.81667,10.33333
39740,Portovecchio Di Piombino,Vecchio Di Piombino,IT PIO,Italy,Italy West Coast Cont,Tyrrhenian Sea; Mediterranean Sea; North Atlantic Ocean,Very Small,Coastal (Breakwater),,,11.0,11.0,Unknown,Unknown,Small,Limited,Unknown,42.933,10.557
40230,Pozzallo, ,IT PZL,Italy,Sicilia,Mediterranean Sea; North Atlantic Ocean,Very Small,Open Roadstead,600.0,9.3,,9.4,Yes,Yes,Small,Limited,Unknown,36.71667,14.85
39940,Pozzuoli, ,IT POZ,Italy,Italy West Coast Cont,Tyrrhenian Sea; Mediterranean Sea; North Atlantic Ocean,Very Small,Coastal (Breakwater),,,12.5,4.9,Unknown,Unknown,Small,Limited,Unknown,40.824,14.11
39920,Procida, ,IT PRO,Italy, ,Tyrrhenian Sea; Mediterranean Sea; North Atlantic Ocean,Small, ,,,,,Unknown,Unknown,Unknown,Unknown,Unknown,40.77,14.031
39420,Rada Di Vado,Vado Liguri,IT VDL,Italy,Italy West Coast,Ligurian Sea; Mediterranean Sea; North Atlantic Ocean,Medium,Open Roadstead,,,9.4,14.0,Unknown,Unknown,Small,Moderate,Unknown,44.265,8.453
40080,Reggio Di Calabria, ,IT REG,Italy,Italy West Coast Cont,Mediterranean Sea; North Atlantic Ocean,Small,Coastal (Breakwater),,,9.4,7.9,Unknown,Unknown,Medium,Limited,Unknown,38.129,15.65
40700,Rimini, ,IT RMI,Italy, ,Adriatic Sea; Mediterranean Sea; North Atlantic Ocean,Small, ,,,,,Unknown,Unknown,Unknown,Unknown,Unknown,44.081,12.574
40280,Riposta, ,IT RPT,Italy, ,Mediterranean Sea; North Atlantic Ocean,Small, ,,,,,Unknown,Unknown,Unknown,Unknown,Unknown,37.735,15.209
40040,Salerno, ,IT SAL,Italy,Italy West Coast Cont,Tyrrhenian Sea; Mediterranean Sea; North Atlantic Ocean,Small,Coastal (Breakwater),,,11.0,11.0,Unknown,Unknown,Medium,Limited,Unknown,40.66667,14.75
40640,San Benedetto Del Tronto, ,IT SDB,Italy, ,Adriatic Sea; Mediterranean Sea; North Atlantic Ocean,Small, ,,,,,Unknown,Unknown,Unknown,Unknown,Unknown,42.96,13.892
39850,San Felice Circeo, ,IT SFE,Italy, ,Tyrrhenian Sea; Mediterranean Sea; North Atlantic Ocean,Small, ,,,,,Unknown,Unknown,Unknown,Unknown,Unknown,41.226,13.097
39360,San Remo, ,IT SRE,Italy,Italy West Coast,Mediterranean Sea; North Atlantic Ocean,Very Small,Coastal (Tide Gates),,,9.4,4.9,Unknown,Unknown,Small,Limited,Small,43.817,7.786
40145,San Vito Lo Capo, ,IT SVC,Italy, ,Tyrrhenian Sea; Mediterranean Sea; North Atlantic Ocean,Small, ,,,,,Unknown,Unknown,Unknown,Unknown,Unknown,38.181,12.736
39230,Sant'Antioco, ,IT SAT,Italy,Sardegna,Mediterranean Sea; North Atlantic Ocean,Small,Open Roadstead,,,,,Yes,No,Unknown,Unknown,,39.066,8.46
40243,Santa Panagia,Baia S. Panagia,IT SPA,Italy,Italy,Mediterranean Sea; North Atlantic Ocean,Very Small,Coastal (Natural),370.0,22.5,,,Unknown,Unknown,Unknown,Limited,Unknown,37.069,15.297
39215,Sarroch Oil Terminal,Porto Fox,IT PFX,Italy,Sardegna,Mediterranean Sea; North Atlantic Ocean,Medium,Open Roadstead,,,21.6,,Unknown,Unknown,Unknown,Limited,Unknown,39.08333,9.03333
39440,Savona, ,IT SVN,Italy,Italy West Coast,Ligurian Sea; Mediterranean Sea; North Atlantic Ocean,Small,Coastal (Breakwater),,,9.4,7.9,Unknown,Unknown,Large,Moderate,Unknown,44.31667,8.5
40352,Scalo Vecchio,Linosa, ,Italy, ,Mediterranean Sea; North Atlantic Ocean,Small, ,,,,,Unknown,Unknown,Unknown,Unknown,Unknown,35.855,12.863
40190,Sciacca,Sciacea,IT SCK,Italy,Italy,Mediterranean Sea; North Atlantic Ocean,Small,Coastal (Breakwater),,,4.5,,Unknown,Unknown,Unknown,Unknown,Unknown,37.502,13.075
40670,Senigallia, ,IT SEG,Italy, ,Adriatic Sea; Mediterranean Sea; North Atlantic Ocean,Small, ,,,,,Unknown,Unknown,Unknown,Unknown,Unknown,43.724,13.221
40240,Siracusa,Syracuse,IT SIR,Italy,Sicilia,Mediterranean Sea; North Atlantic Ocean,Large,Coastal (Breakwater),,,23.2,4.9,Unknown,Unknown,Large,Limited,Small,37.05,15.28333
40470,Taranto, ,IT TAR,Italy,Italy East Coast,Golfo di Taranto; Mediterranean Sea; North Atlantic Ocean,Large,Coastal (Breakwater),,,14.0,15.5,Unknown,Unknown,Medium,Emergency Only,Unknown,40.46667,17.2
40120,Termini Imerese, ,IT TRI,Italy,Sicilia,Tyrrhenian Sea; Mediterranean Sea; North Atlantic Ocean,Very Small,Coastal (Breakwater),,,6.4,7.9,Unknown,Unknown,Small,Limited,Unknown,37.985,13.723
39855,Terracina, ,IT TRC,Italy, ,Tyrrhenian Sea; Mediterranean Sea; North Atlantic Ocean,Small, ,,,,,Unknown,Unknown,Unknown,Unknown,Unknown,41.283,13.258
39990,Torre Annunziata, ,IT TOA,Italy,Italy West Coast Cont,Tyrrhenian Sea; Mediterranean Sea; North Atlantic Ocean,Small,Coastal (Breakwater),,,4.9,9.4,Unknown,Unknown,Small,Limited,Unknown,40.75,14.45
40505,Torre Del Greco, ,IT TDG,Italy,Italy East Coast,Tyrrhenian Sea; Mediterranean Sea; North Atlantic Ocean,Very Small,Coastal (Breakwater),,,7.9,23.2,Unknown,Unknown,Small,Limited,Unknown,40.78333,14.36667
40570,Trani, ,IT TNI,Italy, ,Adriatic Sea; Mediterranean Sea; North Atlantic Ocean,Small, ,,,,,Unknown,Unknown,Unknown,Unknown,Unknown,41.28342,16.42371
40150,Trapani, ,IT TPS,Italy,Sicilia,Tyrrhenian Sea; Mediterranean Sea; North Atlantic Ocean,Very Small,Coastal (Breakwater),,,7.9,9.4,Unknown,Unknown,Medium,Limited,Small,38.012,12.506
40820,Trieste, ,IT TRS,Italy,Italy East Coast,Adriatic Sea; Mediterranean Sea; North Atlantic Ocean,Large,Coastal (Breakwater),,,17.1,17.1,Unknown,Unknown,Medium,Major,Medium,45.651,13.746
39610,Vada, ,IT VDA,Italy,Italy West Coast,Ligurian Sea; Mediterranean Sea; North Atlantic Ocean,Very Small,Open Roadstead,,,3.4,11.0,Unknown,Unknown,Unknown,Unknown,Unknown,43.35,10.45
40615,Vasto, ,IT VSO,Italy,Italy East Coast,Adriatic Sea; Mediterranean Sea; North Atlantic Ocean,Very Small,Coastal (Breakwater),,,4.9,4.9,Unknown,Unknown,Unknown,Unknown,Unknown,42.11667,14.71667
39570,Viareggio, ,IT VIA,Italy, ,Ligurian Sea; Mediterranean Sea; North Atlantic Ocean,Small, ,,,,,Unknown,Unknown,Unknown,Unknown,Unknown,43.862,10.234
40060,Vibo Valentia Marina, ,IT VVA,Italy,Italy West Coast Cont,Tyrrhenian Sea; Mediterranean Sea; North Atlantic Ocean,Very Small,Coastal (Breakwater),,,9.4,6.4,Unknown,Unknown,Small,Limited,Unknown,38.723,16.13
40090,Villa San Giovanni, ,IT VSG,Italy, ,Mediterranean Sea; North Atlantic Ocean,Small, ,,,,,Unknown,Unknown,Unknown,Unknown,Unknown,38.222,15.63
10620,Falmouth, ,JMFMH,Jamaica,Jamaica North Coast,Caribbean Sea; North Atlantic Ocean,Very Small,Open Roadstead,,,12.5,11.0,Unknown,Unknown,Unknown,Limited,Unknown,18.48333,-77.65
10770,Kingston, ,JMKIN,Jamaica,Jamaica South Coast,Caribbean Sea; North Atlantic Ocean,Medium,Coastal (Natural),367.0,9.7,17.1,14.0,Yes,Yes,Medium,Limited,Medium,17.96667,-76.78333
10600,Lucea, ,JMLUC,Jamaica,Jamaica North Coast,Caribbean Sea; North Atlantic Ocean,Very Small,Open Roadstead,168.0,9.1,6.4,9.4,Unknown,Unknown,Unknown,Limited,Unknown,18.45,-78.16667
10610,Montego Bay, ,JMMBJ,Jamaica,Jamaica North Coast,Caribbean Sea; North Atlantic Ocean,Small,Coastal (Breakwater),323.6,10.1,9.4,9.4,Yes,Yes,Unknown,Limited,Unknown,18.46667,-77.93333
10660,Ocho Rios, ,JMOCJ,Jamaica,Jamaica North Coast,Caribbean Sea; North Atlantic Ocean,Very Small,Coastal (Natural),320.0,9.7,14.0,11.0,Yes,Unknown,Unknown,Limited,Unknown,18.41667,-77.11667
10710,Port Antonio, ,JM POT,Jamaica,Jamaica North Coast,Caribbean Sea; North Atlantic Ocean,Small,Coastal (Natural),167.0,7.9,7.9,7.9,Unknown,Unknown,Unknown,Limited,Unknown,18.18333,-76.45
10772,Port Esquivel,Alumina Marine Term; Esquivel; Port Esquivel,JMPEV,Jamaica,Jamaica South Coast,Caribbean Sea; North Atlantic Ocean,Very Small,Open Roadstead,198.0,11.1,11.0,11.0,Yes,Unknown,Unknown,Limited,Unknown,17.88333,-77.13333
10775,Port Kaiser,Little Pedro Pt.,JMPKS,Jamaica,Jamaica South Coast,Caribbean Sea; North Atlantic Ocean,Very Small,Open Roadstead,213.0,10.7,,11.0,Yes,Unknown,Small,Limited,Unknown,17.86667,-77.6
10630,Rio Bueno, ,JMRIB,Jamaica,Jamaica North Coast,Caribbean Sea; North Atlantic Ocean,Very Small,Open Roadstead,,7.0,23.2,7.9,Yes,Unknown,Unknown,Limited,Unknown,18.46667,-77.46667
10773,Rocky Point, ,JMROP,Jamaica,West Indies,Caribbean Sea; North Atlantic Ocean,Very Small,Open Roadstead,,,11.0,9.4,Unknown,Unknown,Unknown,,Unknown,17.81667,-77.15
10800,Savannah La Mar, ,JMSLM,Jamaica,Jamaica South Coast,Caribbean Sea; North Atlantic Ocean,Very Small,Open Roadstead,,,14.0,1.8,Unknown,Unknown,Unknown,,Unknown,18.2,-78.13333
61120,Abashiri Ko, ,JP ABA,Japan,Japan,Sea of Okhotsk; North Pacific Ocean,Small,Coastal (Breakwater),199.0,,6.4,11.0,Unknown,Unknown,Unknown,Limited,Unknown,44.01667,144.28333
61570,Aioi, ,JP AIO,Japan,Japan,Sea of Japan; North Pacific Ocean,Very Small,Coastal (Natural),,,6.4,4.9,Unknown,Unknown,Large,Major,Large,34.78333,134.46667
61910,Akita-Funakawa Ko,Akita,JP AXT,Japan,Japan,Sea of Japan; North Pacific Ocean,Very Small,Coastal (Breakwater),236.0,11.8,12.5,12.5,Unknown,Unknown,Small,Limited,Unknown,39.78139,140.015
61555,Amagasaki, ,JP AMA,Japan,Japan,Sea of Japan; North Pacific Ocean,Small,Coastal (Tide Gates),,,9.4,9.4,Unknown,Unknown,Unknown,Limited,Unknown,34.7,135.38333
62340,Aokata, ,JP AOK,Japan,Japan,Korea Strait; North Pacific Ocean,Very Small,Open Roadstead,,,23.2,,Unknown,Unknown,Unknown,Unknown,Unknown,32.98333,129.06667
61270,Aomori Ko, ,JP AOJ,Japan,Japan,North Pacific Ocean,Small,Coastal (Breakwater),,,17.1,12.5,Unknown,Unknown,Unknown,Limited,Medium,40.83333,140.75
61416,Atsumi, ,JP ATM,Japan,Japan,Sea of Japan; North Pacific Ocean,Very Small,Coastal (Natural),,,7.9,11.0,Unknown,Unknown,Unknown,Unknown,Unknown,34.66667,137.06667
62150,Beppu, ,JP BPU,Japan,Japan,Korea Strait; North Pacific Ocean,Very Small,Coastal (Breakwater),,,23.2,12.5,Unknown,Unknown,Unknown,Limited,Unknown,33.31667,131.51667
61375,Chiba Ko,Samukawa; Tiba,JP CHB,Japan,Japan,North Pacific Ocean,Small,Coastal (Breakwater),,,17.1,17.1,Unknown,Unknown,Small,Major,Large,35.58333,140.06667
61360,Choshi,Tyosi,JP CHO,Japan,Japan,North Pacific Ocean,Very Small,River (Natural),,,4.9,3.4,Unknown,Unknown,Unknown,Unknown,Unknown,35.73333,140.85
61875,Eastern Part Of Niigata-Ko,Niigata-higashi (East Port),JP NIH,Japan,Japan,Sea of Japan; North Pacific Ocean,Small,Coastal (Breakwater),,,11.0,6.4,Unknown,Unknown,Unknown,Limited,Unknown,38.01667,139.23333
61205,Esasi Ko,Esasi,JP ESI,Japan,Japan,Sea of Japan; North Pacific Ocean,Very Small,Coastal (Breakwater),,,11.0,1.8,Unknown,Unknown,Unknown,Unknown,Unknown,41.86667,140.11667
61805,Fukui, ,JP FKJ,Japan,Japan,Sea of Japan; North Pacific Ocean,Very Small,Open Roadstead,,,7.9,6.4,Unknown,Unknown,Small,,Unknown,36.06667,136.2
61820,Fukui Ko, ,JP FKJ,Japan,Japan,Sea of Japan; North Pacific Ocean,Medium,River (Natural),,,7.9,9.4,Unknown,Unknown,Unknown,Limited,Unknown,36.18333,136.1
61605,Fukuyama, ,JP FYM,Japan,Japan,Sea of Japan; North Pacific Ocean,Medium,Coastal (Natural),,,15.5,17.1,Unknown,Unknown,Unknown,Limited,Unknown,34.43333,133.43333
61379,Funabashi, ,JP FNB,Japan,Japan,North Pacific Ocean,Very Small,Coastal (Breakwater),,,11.0,9.4,Unknown,Unknown,Small,Limited,Unknown,35.66667,139.95
61850,Fushiki-Toyama,Fushiki Toyama,JP FTX,Japan,Japan,Sea of Japan; North Pacific Ocean,Small,Coastal (Breakwater),,12.0,12.5,14.0,Unknown,Unknown,Medium,Limited,Large,36.76667,137.13333
61475,Gamagori Ko, ,JP GAM,Japan,Japan,Sea of Japan; North Pacific Ocean,Small,Open Roadstead,,,9.4,9.4,Unknown,Unknown,Small,Limited,Unknown,34.81667,137.21667
61617,Habu Ko, ,JP HAB,Japan,Japan,Sea of Japan; North Pacific Ocean,Very Small,Coastal (Breakwater),,,7.9,9.4,Unknown,Unknown,Unknown,Major,Large,34.28333,133.18333
61280,Hachinohe Ko, ,JP HHE,Japan,Japan,North Pacific Ocean,Small,Coastal (Breakwater),298.0,12.7,14.0,12.5,Unknown,Unknown,Medium,Limited,Small,40.53333,141.55
61720,Hagi Ko, ,JP HAG,Japan,Japan,Sea of Japan; North Pacific Ocean,Very Small,Coastal (Natural),,,6.4,6.4,Unknown,Unknown,Unknown,Limited,Unknown,34.41667,131.4
62430,Hakata, ,JP HKT,Japan,Japan,Korea Strait; North Pacific Ocean,Medium,Coastal (Breakwater),,,14.0,14.0,Unknown,Unknown,Medium,Limited,Unknown,33.6,130.4
61190,Hakodate Ko, ,JP HKD,Japan,Japan,North Pacific Ocean,Medium,Coastal (Breakwater),347.0,13.1,9.4,14.0,Unknown,Unknown,Large,Moderate,Medium,41.78333,140.71667
61730,Hamada Ko, ,JP HMD,Japan,Japan,Sea of Japan; North Pacific Ocean,Very Small,Coastal (Breakwater),,,7.9,12.5,Unknown,Unknown,Unknown,Limited,Small,34.9,132.08333
61140,Hanasaki Ko, ,JP HNK,Japan,Japan,North Pacific Ocean,Very Small,Coastal (Breakwater),,,12.5,9.4,Unknown,Unknown,Unknown,Unknown,Unknown,43.28333,145.58333
61935,Hannan Ko, ,JP HAN,Japan,Japan,Sea of Japan; North Pacific Ocean,Small,Coastal (Natural),,,11.0,11.0,Unknown,Unknown,Unknown,Limited,Small,34.46667,135.35
61590,Hibi Ko, ,JP HIB,Japan,Japan,Sea of Japan; North Pacific Ocean,Very Small,Coastal (Natural),,,12.5,,Unknown,Unknown,Unknown,Moderate,Large,34.45,133.93333
62118,Hibikinada, ,JB HBI,Japan,Japan,Korea Strait; North Pacific Ocean,Very Small,Coastal (Natural),,,9.4,7.9,Unknown,Unknown,Unknown,Moderate,Medium,33.93333,130.83333
61568,Higashi-Harima, ,JP HHR,Japan,Japan,Sea of Japan; North Pacific Ocean,Medium,Coastal (Breakwater),,,14.0,17.1,Unknown,Unknown,Small,Limited,Unknown,34.7,134.83333
61695,Hikari, ,JP HKR,Japan,Japan,Sea of Japan; North Pacific Ocean,Small,Coastal (Natural),,,12.5,11.0,Unknown,Unknown,Small,Limited,Medium,33.95,131.93333
61567,Himeji,Himezi,JP HIM,Japan,Japan,Sea of Japan; North Pacific Ocean,Medium,Coastal (Breakwater),,,15.5,12.5,Unknown,Unknown,Small,Limited,Unknown,34.75,134.63333
61862,Himekawa, ,JP HMK,Japan,Japan,Sea of Japan; North Pacific Ocean,Very Small,Coastal (Natural),,,7.9,9.4,Unknown,Unknown,Small,Unknown,Unknown,37.03333,137.85
62510,Hirara Ko, ,JP HRR,Japan,Nansei Shoto,East China Sea; North Pacific Ocean,Very Small,Coastal (Natural),,,7.9,7.9,Unknown,Unknown,Unknown,Emergency Only,Unknown,24.8,125.28333
61564,Hirohata, ,JP HRH,Japan,Japan,Sea of Japan; North Pacific Ocean,Very Small,Coastal (Breakwater),,,17.1,6.4,Unknown,Unknown,Large,Limited,Unknown,34.76667,134.63333
61650,Hiroshima, ,JP HIJ,Japan,Japan,Sea of Japan; North Pacific Ocean,Medium,Open Roadstead,,,7.9,11.0,Unknown,Unknown,Small,Limited,Medium,34.35,132.46667
61356,Hitachi,Hitaki Ko,JP HTC,Japan,Japan,North Pacific Ocean,Very Small,River (Basins),,,7.9,11.0,Unknown,Unknown,Unknown,Limited,Unknown,36.5,140.63333
62190,Hososhima Ko, ,JP HSM,Japan,Japan,East China Sea; North Pacific Ocean,Very Small,Coastal (Breakwater),,,9.4,9.4,Unknown,Unknown,Small,Limited,Medium,32.43333,131.66667
62070,Imabari Ko,Imabari,JP IMB,Japan,Japan,Sea of Japan; North Pacific Ocean,Small,Coastal (Breakwater),,,7.9,12.5,Unknown,Unknown,Small,Limited,Medium,34.06667,133.01667
62400,Imari, ,JP IMI,Japan,Japan,Korea Strait; North Pacific Ocean,Very Small,River (Natural),,,14.0,9.4,Unknown,Unknown,Small,Major,Large,33.28333,129.88333
62520,Ishigaki, ,JP ISG,Japan,Nansei Shoto,East China Sea; North Pacific Ocean,Very Small,Open Roadstead,,,7.9,9.4,Unknown,Unknown,Unknown,Emergency Only,Unknown,24.33333,124.16667
61245,Ishikari Bay New Port,Ishikariwan Ko,JP ISI,Japan,Japan,Sea of Japan; North Pacific Ocean,Medium,Coastal (Breakwater),299.0,12.0,14.0,14.0,Unknown,Unknown,Unknown,Unknown,Unknown,43.21667,141.28333
61340,Ishinomaki Ko,Isinomaki,JP ISM,Japan,Japan,North Pacific Ocean,Very Small,Coastal (Natural),,,12.5,12.5,Unknown,Unknown,Small,Limited,Unknown,38.4,141.31667
61232,Isikari Wan, , ,Japan,Japan,Sea of Japan; North Pacific Ocean,Very Small,Coastal (Breakwater),,,7.9,6.4,Unknown,Unknown,Small,,Unknown,43.23333,141.36667
61662,Iwakuni Ko, ,JP IWK,Japan,Japan,Sea of Japan; North Pacific Ocean,Medium,Open Roadstead,,,21.6,11.0,Unknown,Unknown,Small,Limited,Unknown,34.18333,132.25
62440,Izuhara, ,JP IZH,Japan,Japan,Korea Strait; North Pacific Ocean,Very Small,Coastal (Natural),,,14.0,6.4,Unknown,Unknown,Unknown,Limited,Unknown,34.2,129.3
62220,Kagoshima Ko, ,JP KOJ,Japan,Japan,East China Sea; North Pacific Ocean,Medium,Coastal (Natural),,,11.0,12.5,Unknown,Unknown,Small,Limited,Small,31.58333,130.56667
61573,Kakogawa, ,JP KGA,Japan,Japan,Sea of Japan; North Pacific Ocean,Very Small,Coastal (Breakwater),,,11.0,4.9,Unknown,Unknown,Small,Unknown,Unknown,34.7,134.83333
61310,Kamaishi Ko, ,JP KIS,Japan,Japan,North Pacific Ocean,Small,Coastal (Natural),300.0,14.0,14.0,14.0,Unknown,Unknown,Medium,Limited,Unknown,39.26667,141.9
61822,Kanazawa, ,JP KNZ,Japan,Japan,Sea of Japan; North Pacific Ocean,Small,River (Basins),,,9.4,4.9,Unknown,Unknown,Unknown,Limited,Unknown,36.61667,136.6
62145,Kanda, ,JP KND,Japan,Japan,Korea Strait; North Pacific Ocean,Very Small,Coastal (Natural),,,11.0,12.5,Unknown,Unknown,Small,Major,Unknown,33.78333,131.01667
61655,Kanokawa Ko, ,JP KKW,Japan,Japan,Sea of Japan; North Pacific Ocean,Very Small,Coastal (Natural),,,17.1,,Unknown,Unknown,Unknown,Unknown,Unknown,34.18333,132.43333
62420,Karatsu, ,JP KAR,Japan,Japan,Korea Strait; North Pacific Ocean,Small,Coastal (Natural),,,6.4,7.9,Unknown,Unknown,Small,Limited,Unknown,33.48333,129.96667
61357,Kashima Ko, ,JP KSM,Japan,Japan,North Pacific Ocean,Small,Coastal (Breakwater),,,18.6,9.4,Unknown,Unknown,Unknown,Limited,Small,35.93333,140.7
61867,Kashiwazaki, ,JP KWZ,Japan,Japan,Sea of Japan; North Pacific Ocean,Very Small,Coastal (Natural),,,7.9,4.9,Unknown,Unknown,Small,Limited,Unknown,37.36667,138.55
61378,Katsunan Ko, , ,Japan,Japan,North Pacific Ocean,Small,Coastal (Breakwater),,,11.0,11.0,Unknown,Unknown,Small,Unknown,Unknown,35.66667,139.98333
61385,Kawasaki Ko, ,JP KWS,Japan,Japan,North Pacific Ocean,Large,Coastal (Breakwater),315.2,,11.0,21.6,Unknown,Unknown,Medium,Major,Medium,35.5,139.76667
61325,Kesennuma Ko, ,JP KSN,Japan,Japan,North Pacific Ocean,Very Small,Coastal (Natural),,,4.9,6.4,Unknown,Unknown,Small,Limited,Unknown,38.86667,141.6
62225,Kiire, ,JP KII,Japan,Japan,East China Sea; North Pacific Ocean,Very Small,Open Roadstead,458.0,30.6,23.2,23.2,Unknown,Unknown,Small,Limited,Unknown,31.38333,130.55
62060,Kikuma Ko, ,JP KIK,Japan,Japan,Sea of Japan; North Pacific Ocean,Very Small,Coastal (Breakwater),,,23.2,15.5,Unknown,Unknown,Small,,Unknown,34.03333,132.83333
62495,Kin Wan,Chin,JP KNN,Japan,Nansei Shoto,East China Sea; North Pacific Ocean,Very Small,Open Roadstead,,,23.2,15.5,Unknown,Unknown,Unknown,Limited,Unknown,26.41667,127.9
61470,Kinuura Ko, ,JP KNU,Japan,Japan,Sea of Japan; North Pacific Ocean,Small,River (Natural),,,11.0,11.0,Unknown,Unknown,Small,Limited,Unknown,34.85,136.95
61372,Kisarazu Ko, ,JP KZU,Japan,Japan,North Pacific Ocean,Very Small,Coastal (Breakwater),,,18.6,18.6,Unknown,Unknown,Small,Limited,Medium,35.36667,139.88333
61560,Kobe, ,JP UKB,Japan,Japan,Sea of Japan; North Pacific Ocean,Large,Open Roadstead,,,14.0,14.0,Unknown,Unknown,Small,Major,Large,34.65,135.18333
61970,Kochi Ko,Koti,JP KCZ,Japan,Japan,Sea of Japan; North Pacific Ocean,Medium,Coastal (Natural),,,7.9,11.0,Unknown,Unknown,Unknown,Limited,Unknown,33.5,133.56667
62130,Kokura Ko, ,JP KOK,Japan,Japan,Korea Strait; North Pacific Ocean,Small,Coastal (Breakwater),,,11.0,11.0,Unknown,Unknown,Small,Major,Medium,33.88333,130.88333
61960,Komatsushima, ,JP KOM,Japan,Japan,Sea of Japan; North Pacific Ocean,Small,Coastal (Breakwater),,,7.9,11.0,Unknown,Unknown,Small,Limited,Unknown,34.01667,134.6
61675,Kudamatsu, ,JP KUD,Japan,Japan,Sea of Japan; North Pacific Ocean,Small,Coastal (Natural),,,7.9,7.9,Unknown,Unknown,Small,Limited,Large,34.0,131.86667
61640,Kure, ,JP KRE,Japan,Japan,Sea of Japan; North Pacific Ocean,Medium,Coastal (Natural),156.7,,17.1,17.1,Unknown,Unknown,Small,Major,Large,34.23333,132.55
61160,Kushiro Ko,Kusiro,JP KUH,Japan,Japan,North Pacific Ocean,Medium,Coastal (Breakwater),285.0,12.0,9.4,14.0,Unknown,Unknown,Medium,Limited,Unknown,42.98333,144.36667
61800,Maizuru Ko, ,JP MAI,Japan,Japan,Sea of Japan; North Pacific Ocean,Small,Coastal (Natural),,11.7,9.4,11.0,Unknown,Unknown,Unknown,Moderate,Large,35.51667,135.33333
62100,Marugame Ko, ,JP MAR,Japan,Japan,Sea of Japan; North Pacific Ocean,Very Small,Coastal (Breakwater),,,11.0,9.4,Unknown,Unknown,Unknown,Limited,Medium,34.3,133.78333
62333,Matsu-Shima, ,JP MTS,Japan,Japan,East China Sea; North Pacific Ocean,Very Small,Open Roadstead,,,,7.9,Unknown,Unknown,Unknown,Limited,Unknown,32.93333,129.6
61495,Matsusaka,Matsusaki; Tsumatsusaka,JP MSA,Japan,Japan,Sea of Japan; North Pacific Ocean,Small,Coastal (Natural),,,6.4,6.4,Unknown,Unknown,Small,Unknown,Unknown,34.6,136.56667
62030,Matsuyama,Mitsuhama,JP MYJ,Japan,Japan,Sea of Japan; North Pacific Ocean,Small,Coastal (Breakwater),220.0,,9.4,12.5,Unknown,Unknown,Small,Limited,Unknown,33.85,132.7
61932,Mega, , ,Japan,Japan,Sea of Japan; North Pacific Ocean,Very Small,Coastal (Breakwater),,,14.0,11.0,Unknown,Unknown,Unknown,Limited,Unknown,34.78333,134.7
62290,Miike Ko, ,JP MII,Japan,Japan,East China Sea; North Pacific Ocean,Small,Coastal (Breakwater),,,6.4,9.4,Unknown,Unknown,Small,Limited,Unknown,33.0,130.41667
61465,Mikawa,Makawi,JP MKW,Japan,Japan,North Pacific Ocean,Large,Coastal (Breakwater),,,11.0,11.0,Unknown,Unknown,Unknown,Limited,Unknown,34.71667,137.3
62250,Minamata Ko,Minamata,JP MIN,Japan,Japan,East China Sea; North Pacific Ocean,Very Small,Coastal (Breakwater),,,15.5,9.4,Unknown,Unknown,Small,Limited,Unknown,32.2,130.38333
62085,Mishima-Kawanoe Ko, ,JP MKX,Japan,Japan,Sea of Japan; North Pacific Ocean,Small,Coastal (Natural),,,9.4,14.0,Unknown,Unknown,Small,Limited,Unknown,34.0,133.55
62280,Misumi Ko,Kumamoto,JP MIS,Japan,Japan,East China Sea; North Pacific Ocean,Small,Coastal (Natural),,,11.0,7.9,Unknown,Unknown,Medium,Limited,Unknown,32.6,130.46667
61642,Mitsukojima, ,JP MKS,Japan,Japan,Sea of Japan; North Pacific Ocean,Very Small,Coastal (Natural),,,17.1,,Unknown,Unknown,Unknown,Limited,Unknown,34.18333,132.51667
61290,Miyako,Miyako Ko,JP MYK,Japan,Japan,North Pacific Ocean,Small,Coastal (Breakwater),,,15.5,11.0,Unknown,Unknown,Small,Limited,Unknown,39.63333,141.98333
61790,Miyazu, ,JP MIY,Japan,Japan,Sea of Japan; North Pacific Ocean,Medium,Coastal (Natural),,,9.4,4.9,Unknown,Unknown,Small,Limited,Unknown,35.53333,135.2
61595,Mizushima Ko,Mizusima,JP MIZ,Japan,Japan,Sea of Japan; North Pacific Ocean,Medium,Coastal (Natural),,,14.0,17.1,Unknown,Unknown,Small,Limited,Medium,34.5,133.75
62140,Moji Ko,Kitak Yushu; Kitakyushu,JP MOJ,Japan,Japan,Korea Strait; North Pacific Ocean,Medium,River (Natural),200.0,,11.0,9.4,Unknown,Unknown,Small,Limited,Medium,33.95,130.96667
61110,Mombetsu Ko,Monbetu Ko, ,Japan,Japan,Sea of Okhotsk; North Pacific Ocean,Very Small,Coastal (Breakwater),,,11.0,11.0,Unknown,Unknown,Unknown,Limited,Unknown,44.35,143.35
61180,Mori, ,JP MOR,Japan,Japan,North Pacific Ocean,Very Small,Open Roadstead,,,11.0,3.4,Unknown,Unknown,Unknown,Unknown,Unknown,42.11667,140.58333
61170,Muroran Ko, ,JP MUR,Japan,Japan,North Pacific Ocean,Medium,Coastal (Natural),330.0,16.0,15.5,15.5,Unknown,Unknown,Large,Major,Medium,42.35,140.96667
62065,Muturezima Ko, ,JP MTR,Japan,Japan,Korea Strait; North Pacific Ocean,Small,Open Roadstead,,,15.5,,Unknown,Unknown,Unknown,Unknown,Unknown,33.96667,130.86667
62360,Nagasaki, ,JP NGS,Japan,Japan,East China Sea; North Pacific Ocean,Large,Coastal (Natural),,,12.5,14.0,Unknown,Unknown,Unknown,Major,Large,32.71667,129.85
61480,Nagoya Ko, ,JP NGO,Japan,Japan,Sea of Japan; North Pacific Ocean,Large,Coastal (Breakwater),,,15.5,15.5,Unknown,Unknown,Medium,Major,Small,35.06667,136.86667
62500,Naha Ko, ,JP NAH,Japan,Nansei Shoto,East China Sea; North Pacific Ocean,Small,Coastal (Breakwater),,,12.5,14.0,Unknown,Unknown,Unknown,Limited,Unknown,26.21667,127.68333
62505,Nakagusuku, ,JP NAK,Japan,Nansei Shoto,East China Sea; North Pacific Ocean,Small,Open Roadstead,,,23.2,11.0,Unknown,Unknown,Unknown,Limited,Unknown,26.26667,127.91667
61664,Namikata, ,JP NIT,Japan,Japan,Sea of Japan; North Pacific Ocean,Very Small,Open Roadstead,,,23.2,,Unknown,Unknown,Unknown,,Unknown,34.11667,132.9
61840,Nanao Ko, ,JP NNO,Japan,Japan,Sea of Japan; North Pacific Ocean,Small,Coastal (Natural),300.0,13.0,9.4,9.4,Unknown,Unknown,Small,Limited,Unknown,37.05,136.98333
61865,Naoetsu Ko, ,JP NAO,Japan,Japan,Sea of Japan; North Pacific Ocean,Very Small,Coastal (Breakwater),,,11.0,12.5,Unknown,Unknown,Small,Limited,Unknown,37.18333,138.25
61130,Nemuro Ko, ,JP NEM,Japan,Japan,North Pacific Ocean,Small,Coastal (Breakwater),,,6.4,,Unknown,Unknown,Unknown,Unknown,Unknown,43.33333,145.58333
61870,Niigata Ko,Niigata-nishi (West Port),JP KIJ,Japan,Japan,Sea of Japan; North Pacific Ocean,Medium,River (Basins),,12.0,9.4,14.0,Unknown,Unknown,Small,Limited,Medium,37.91667,139.05
62080,Niihama, ,JP IHA,Japan,Japan,Sea of Japan; North Pacific Ocean,Small,Coastal (Breakwater),,,6.4,14.0,Unknown,Unknown,Small,Limited,Unknown,33.98333,133.28333
62497,Nishihara, ,JP NHR,Japan,Japan,East China Sea; North Pacific Ocean,Very Small,Open Roadstead,,,,,Unknown,Unknown,Unknown,Unknown,Unknown,26.21667,127.8
61277,Noshiro Ko,Nosiro Ko,JP NSR,Japan,Japan,Sea of Japan; North Pacific Ocean,Very Small,Coastal (Natural),,,9.4,6.4,Unknown,Unknown,Unknown,Limited,Unknown,40.21667,140.0
61571,O0kihama,Aboshi, ,Japan,Japan,Sea of Japan; North Pacific Ocean,Very Small,Coastal (Natural),,,9.4,6.4,Unknown,Unknown,Unknown,Limited,Unknown,34.75,134.56667
61320,Ofunato, ,JP OFO,Japan,Japan,North Pacific Ocean,Small,Coastal (Natural),,,14.0,7.9,Unknown,Unknown,Small,Limited,Small,39.05,141.73333
62160,Oita Ko, ,JP OIT,Japan,Japan,Korea Strait; North Pacific Ocean,Very Small,Coastal (Breakwater),,,23.2,14.0,Unknown,Unknown,Small,Limited,Unknown,33.25,131.66667
61425,Omaezaki Ko, ,JP OMZ,Japan,Japan,North Pacific Ocean,Small,Coastal (Breakwater),,,11.0,12.5,Unknown,Unknown,Unknown,Limited,Unknown,34.6,138.23333
61330,Onagawa, ,JP ONG,Japan,Japan,North Pacific Ocean,Very Small,Coastal (Breakwater),,,9.4,7.9,Unknown,Unknown,Small,Unknown,Unknown,38.45,141.45
61355,Onahama Ko,Iwaki,JP ONA,Japan,Japan,North Pacific Ocean,Small,Coastal (Breakwater),249.9,,11.0,14.0,Unknown,Unknown,Medium,Limited,Unknown,36.93333,140.9
62079,Onoda, ,JP OND,Japan,Japan,Korea Strait; North Pacific Ocean,Small,Open Roadstead,,,6.4,4.9,Unknown,Unknown,Small,Limited,Unknown,34.0,131.18333
61630,Onomichi-Itozaki, ,JP ONX,Japan,Japan,Sea of Japan; North Pacific Ocean,Large,Coastal (Natural),,,9.4,9.4,Unknown,Unknown,Medium,Limited,Large,34.38333,133.16667
61550,Osaka,Sakai,JP OSA,Japan,Japan,Sea of Japan; North Pacific Ocean,Large,Coastal (Breakwater),,,11.0,14.0,Unknown,Unknown,Small,Major,Large,34.65,135.43333
61230,Otaru Ko, ,JP OTR,Japan,Japan,Sea of Japan; North Pacific Ocean,Medium,Coastal (Breakwater),312.0,12.4,11.0,14.0,Unknown,Unknown,Small,Limited,Unknown,43.2,141.01667
61515,Owase Ko, ,JP OWA,Japan,Japan,Sea of Japan; North Pacific Ocean,Very Small,Coastal (Natural),,,20.1,4.9,Unknown,Unknown,Small,Limited,Unknown,34.06667,136.21667
61250,Rumoi Ko, ,JP RMI,Japan,Japan,Sea of Japan; North Pacific Ocean,Very Small,Coastal (Breakwater),,,7.5,11.0,Unknown,Unknown,Small,Limited,Unknown,43.95,141.63333
61890,Ryotu Ko,Ryozu Sado Shima,JP RYO,Japan,Japan,Sea of Japan; North Pacific Ocean,Very Small,Coastal (Natural),,,18.6,6.4,Unknown,Unknown,Unknown,Unknown,Unknown,38.08333,138.56667
62165,Saganoseki Ko, ,JP SAG,Japan,Japan,Korea Strait; North Pacific Ocean,Small,Coastal (Breakwater),,,9.4,9.4,Unknown,Unknown,Unknown,Limited,Unknown,33.25,131.86667
62175,Saiki Ko, ,JP SAE,Japan,Japan,East China Sea; North Pacific Ocean,Small,Coastal (Breakwater),,,11.0,9.4,Unknown,Unknown,Unknown,Limited,Unknown,32.96667,131.93333
61750,Sakai Ko, ,JP SAK,Japan,Japan,Sea of Japan; North Pacific Ocean,Small,Coastal (Natural),,,9.4,12.5,Unknown,Unknown,Unknown,Moderate,Medium,35.55,133.25
61547,Sakai-Senboku, ,JP SBK,Japan,Japan,Sea of Japan; North Pacific Ocean,Medium,Coastal (Breakwater),,,15.5,17.1,Unknown,Unknown,Small,Limited,Medium,34.55,135.43333
62110,Sakaide Ko,Sakaide,JP SKD,Japan,Japan,Sea of Japan; North Pacific Ocean,Very Small,Coastal (Natural),,,12.5,12.5,Unknown,Unknown,Unknown,Major,Large,34.33333,133.85
61760,Sakaiminato, ,JP SMN,Japan,Japan,Sea of Japan; North Pacific Ocean,Very Small,Coastal (Natural),,,7.9,4.9,Unknown,Unknown,Small,Limited,Unknown,35.53333,133.23333
61900,Sakata Ko, ,JP SKT,Japan,Japan,Sea of Japan; North Pacific Ocean,Small,Coastal (Tide Gates),333.0,,9.4,12.5,Unknown,Unknown,Small,Moderate,Unknown,38.93333,139.81667
62380,Sasebo, ,JP SSB,Japan,Japan,East China Sea; North Pacific Ocean,Medium,Coastal (Natural),,,11.0,11.0,Unknown,Unknown,Unknown,Major,Large,33.16667,129.71667
61350,Sendai-Shiogama,Siogama,JP SGM,Japan,Japan,North Pacific Ocean,Small,Coastal (Natural),339.0,,6.4,7.9,Unknown,Unknown,Unknown,Major,Small,38.31667,141.03333
62224,Shibushi Wan, ,JP SBS,Japan,Japan,East China Sea; North Pacific Ocean,Small,Coastal (Breakwater),,,9.4,11.0,Unknown,Unknown,Small,Limited,Unknown,31.46667,131.1
61566,Shikama, ,JP SKM,Japan,Japan,Sea of Japan; North Pacific Ocean,Small,Coastal (Breakwater),,,11.0,4.9,Unknown,Unknown,Small,Limited,Unknown,34.76667,134.65
61460,Shimizu Ko,Simizu,JP SMZ,Japan,Japan,North Pacific Ocean,Small,Coastal (Natural),,,11.0,14.0,Unknown,Unknown,Small,Limited,Small,35.01667,138.5
61855,Shimminato, , ,Japan,Japan,Sea of Japan; North Pacific Ocean,Very Small,River (Basins),,,12.5,6.4,Unknown,Unknown,Small,Limited,Unknown,36.76667,137.11667
61420,Shimoda Ko, ,JP SMD,Japan,Japan,North Pacific Ocean,Very Small,Coastal (Breakwater),,,3.4,4.9,Unknown,Unknown,Unknown,Limited,Small,34.66667,138.95
61700,Shimonoseki, ,JP SHS,Japan,Japan,Korea Strait; North Pacific Ocean,Small,Coastal (Natural),,,12.5,11.0,Unknown,Unknown,Small,Major,Small,33.93333,130.93333
61967,Shingu, ,JP SHN,Japan,Japan,Sea of Japan; North Pacific Ocean,Very Small,Coastal (Breakwater),,,9.4,3.4,Unknown,Unknown,Unknown,Limited,Unknown,33.66667,135.98333
61353,Soma, ,JP SOM,Japan,Japan,North Pacific Ocean,Very Small,Coastal (Breakwater),,,6.4,4.9,Unknown,Unknown,Small,Limited,Unknown,37.83333,140.95
61980,Susaki Ko, ,JP SUZ,Japan,Japan,Sea of Japan; North Pacific Ocean,Very Small,Coastal (Breakwater),,,7.9,14.0,Unknown,Unknown,Small,,Unknown,33.38333,133.3
61965,Tachibana,Anan,JP TBN,Japan,Japan,Sea of Japan; North Pacific Ocean,Very Small,Coastal (Breakwater),,,9.4,9.4,Unknown,Unknown,Unknown,Limited,Unknown,33.86667,134.66667
61415,Tagonoura Ko, ,JP TGO,Japan,Japan,North Pacific Ocean,Medium,River (Basins),,,7.9,11.0,Unknown,Unknown,Medium,Limited,Medium,35.13333,138.7
61940,Takamatsu, ,JP TAK,Japan,Japan,Sea of Japan; North Pacific Ocean,Very Small,Coastal (Breakwater),,,9.4,11.0,Unknown,Unknown,Small,Limited,Small,34.35,134.05
62077,Takuma, ,JP TKM,Japan,Japan,Sea of Japan; North Pacific Ocean,Small,River (Basins),,,11.0,4.9,Unknown,Unknown,Unknown,Limited,Unknown,34.21667,133.68333
61540,Tanabe Ko, ,JP TAE,Japan,Japan,Sea of Japan; North Pacific Ocean,Very Small,Coastal (Natural),,,9.4,4.9,Unknown,Unknown,Unknown,Limited,Unknown,33.71667,135.36667
61370,Tateyama Ko, ,JP TTY,Japan,Japan,North Pacific Ocean,Very Small,Coastal (Natural),,,17.1,3.4,Unknown,Unknown,Small,Unknown,Unknown,35.0,139.8
61500,Toba, ,JP TOB,Japan,Japan,Sea of Japan; North Pacific Ocean,Small,Coastal (Natural),,,7.9,4.9,Unknown,Unknown,Small,Emergency Only,Small,34.48333,136.85
62115,Tobata, ,JP TBT,Japan,Japan,Korea Strait; North Pacific Ocean,Very Small,Coastal (Natural),,,9.4,7.9,Unknown,Unknown,Unknown,Limited,Unknown,33.91667,130.81667
61175,Tokachi,Hiroo,JP TOK,Japan,Japan,North Pacific Ocean,Very Small,Coastal (Breakwater),,,12.5,4.9,Unknown,Unknown,Unknown,,Unknown,42.25,143.3
61680,Tokuyama, ,JP TKY,Japan,Japan,Sea of Japan; North Pacific Ocean,Medium,Open Roadstead,,,11.0,11.0,Unknown,Unknown,Medium,Limited,Medium,34.03333,131.81667
61380,Tokyo Ko, ,JP TYO,Japan,Japan,North Pacific Ocean,Large,Coastal (Natural),,,15.5,14.0,Unknown,Unknown,Unknown,Major,Small,35.66667,139.75
61165,Tomakomai Ko, ,JP TMK,Japan,Japan,North Pacific Ocean,Small,Coastal (Breakwater),,,14.0,14.0,Unknown,Unknown,Unknown,Limited,Small,42.63333,141.63333
62078,Tonda, ,JP TND,Japan,Japan,Sea of Japan; North Pacific Ocean,Small,Coastal (Breakwater),,,9.4,4.9,Unknown,Unknown,Small,Limited,Medium,34.03333,131.75
62170,Tsukumi Ko, ,JP TMI,Japan,Japan,Korea Strait; North Pacific Ocean,Very Small,Coastal (Breakwater),,,23.2,15.5,Unknown,Unknown,Unknown,Limited,Unknown,33.08333,131.86667
61810,Tsuruga Ko,Turuga,JP TRG,Japan,Japan,Sea of Japan; North Pacific Ocean,Small,Coastal (Breakwater),,10.8,15.0,11.0,Unknown,Unknown,Small,Limited,Small,35.65,136.06667
61690,Ube Ko, ,JP UBJ,Japan,Japan,Korea Strait; North Pacific Ocean,Medium,Coastal (Breakwater),,,11.0,12.5,Unknown,Unknown,Medium,Limited,Small,33.93333,131.23333
61802,Uchiura, ,JP UCR,Japan,Japan,Sea of Japan; North Pacific Ocean,Very Small,Coastal (Natural),,,20.1,20.1,Unknown,Unknown,Unknown,Limited,Unknown,35.51667,135.5
61580,Uno Ko,Tama,JP UNO,Japan,Japan,Sea of Japan; North Pacific Ocean,Very Small,Coastal (Natural),,,12.5,11.0,Unknown,Unknown,Unknown,Major,Medium,34.48333,133.95
61410,Uraga Ko, ,JP URG,Japan,Japan,North Pacific Ocean,Very Small,Coastal (Natural),,,15.5,,Unknown,Unknown,Unknown,Major,Medium,35.23333,139.71667
62010,Uwajima Ko, ,JP UWA,Japan,Japan,Sea of Japan; North Pacific Ocean,Very Small,Coastal (Natural),,,21.6,6.4,Unknown,Unknown,Unknown,Limited,Unknown,33.21667,132.56667
62120,Wakamatsu Ko, ,JP WAM,Japan,Japan,Korea Strait; North Pacific Ocean,Large,Coastal (Natural),,,9.4,17.1,Unknown,Unknown,Medium,Limited,Small,33.9,130.81667
61545,Wakayama-Shimotsu Ko,Minami-ku,JP WAK,Japan,Japan,Sea of Japan; North Pacific Ocean,Large,Coastal (Breakwater),319.5,14.0,11.0,14.0,Unknown,Unknown,Small,Limited,Unknown,34.2,135.13333
61260,Wakkanai, ,JP WKJ,Japan,Japan,Sea of Japan; North Pacific Ocean,Small,Coastal (Breakwater),240.0,,9.4,11.0,Unknown,Unknown,Small,Limited,Small,43.41667,141.68333
62121,Yahata,Yawata,JP YWT,Japan,Japan,Korea Strait; North Pacific Ocean,Small,River (Basins),,,7.9,7.9,Unknown,Unknown,Medium,Limited,Unknown,33.86667,130.81667
62113,Yanai, ,JP YAN,Japan,Japan,Sea of Japan; North Pacific Ocean,Very Small,Open Roadstead,,,,3.4,Unknown,Unknown,Unknown,Unknown,Unknown,33.95,132.13333
62255,Yatsushiro Ko, ,JP YAT,Japan,Japan,East China Sea; North Pacific Ocean,Small,River (Natural),,,11.0,12.5,Unknown,Unknown,Small,Limited,Unknown,32.5,130.53333
62020,Yawatahama, ,JP YWH,Japan,Japan,Sea of Japan; North Pacific Ocean,Very Small,Coastal (Natural),114.0,,12.5,6.4,Unknown,Unknown,Small,Moderate,Small,33.45,132.41667
61490,Yokkaichi,Yokkaiti,JP YKK,Japan,Japan,Sea of Japan; North Pacific Ocean,Medium,Coastal (Breakwater),,,11.0,14.0,Unknown,Unknown,Medium,Limited,Unknown,34.96667,136.63333
61390,Yokohama Ko, ,JP YOK,Japan,Japan,North Pacific Ocean,Large,Coastal (Breakwater),400.0,,11.0,14.0,Unknown,Unknown,Small,Major,Large,35.45,139.58333
61400,Yokosuka Ko, ,JP YOS,Japan,Japan,North Pacific Ocean,Medium,Coastal (Natural),,10.0,14.0,9.4,Unknown,Unknown,Small,Limited,Medium,35.28333,139.66667
61541,Yura, ,JP YUA,Japan,Japan,Sea of Japan; North Pacific Ocean,Unknown, ,,,3.4,,Unknown,Unknown,Unknown,Limited,Large,33.95,135.1
36040,Saint Helier Harbour, ,JE STH,Jersey,Channel Islands,English Channel; North Atlantic Ocean,Small,Coastal (Breakwater),,,1.8,4.9,Unknown,Unknown,Unknown,Limited,Unknown,49.18333,-2.11667
56325,Johnston Atoll, , ,Johnson Atoll,Johnston Atoll,North Pacific Ocean,Very Small,Coastal (Natural),,,7.9,3.4,Unknown,Unknown,Unknown,Limited,Unknown,16.75,-169.51667
48090,Al Aqabah,Aqaba,JO AQJ,Jordan,Jordan,Gulf of Aqaba; Red Sea; Indian Ocean,Very Small,Open Roadstead,370.0,24.0,23.2,15.5,Unknown,Unknown,Unknown,Moderate,Unknown,29.51667,35.0
47105,Kilifi, ,KE KLF,Kenya,Kenya,Indian Ocean,Very Small,Open Roadstead,,,3.4,9.4,Unknown,Unknown,Unknown,Unknown,Unknown,-3.63333,39.86667
47110,Lamu, ,KE LAU,Kenya,Kenya,Indian Ocean,Small,Coastal (Natural),,,4.9,4.9,Unknown,Unknown,Unknown,,Unknown,-2.26667,40.9
47107,Malindi, ,KE MYD,Kenya,Kenya,Indian Ocean,Small,Coastal (Natural),,,,,Unknown,Unknown,Unknown,Unknown,Unknown,-3.21667,40.13333
47100,Mombasa,Mvita,KE MBA,Kenya,Kenya,Indian Ocean,Medium,Coastal (Tide Gates),,,14.0,9.4,Unknown,Unknown,Large,Moderate,Large,-4.06667,39.66667
56025,Canton Island, ,KI CIS,Kiribati,Kiribati (Phoenix) Islands,South Pacific Ocean,Very Small,Open Roadstead,,,7.9,7.9,Unknown,Unknown,Unknown,Limited,Unknown,-2.83333,-171.71667
56039,English Harbor, , ,Kiribati,Tabuaeran Atoll (Fanning Island),North Pacific Ocean,Very Small,Coastal (Natural),,,23.2,,Unknown,Unknown,Unknown,Unknown,Unknown,3.85,-159.36667
56450,Tarawa Atoll, ,KI TRW,Kiribati,Gilbert Islands,North Pacific Ocean,Very Small,Open Roadstead,,,7.9,6.4,Unknown,Unknown,Unknown,Limited,Unknown,1.33333,172.93333
48370,Al Kuwayt,Kuwait; Mina Ash Shuwaykh,KW KWI,Kuwait,Kuwait,Persian Gulf; Indian Ocean,Very Small,Coastal (Natural),,,7.9,9.4,Unknown,Unknown,Unknown,Limited,Medium,29.35,47.93333
48374,Doha Harbor,Mina Ad Dawhah,KW DOH,Kuwait,Kuwait,Persian Gulf; Indian Ocean,Very Small,Coastal (Natural),,,3.4,3.4,Unknown,Unknown,Unknown,Unknown,Unknown,29.38333,47.8
48360,Mina Abd Allah,Mina Al Abdulla,KW MIB,Kuwait,Kuwait,Persian Gulf; Indian Ocean,Small,Open Roadstead,,,14.0,,Unknown,Unknown,Unknown,,Unknown,29.01667,48.16667
48361,Mina Al Ahmadi,Al Fuhayhil,KW MEA,Kuwait,Kuwait,Persian Gulf; Indian Ocean,Medium,Open Roadstead,,,15.5,12.5,Unknown,Unknown,Small,Limited,Unknown,29.06667,48.16667
48357,Mina Ash Shuaybah,Shuaiba,KW SAA,Kuwait,Kuwait,Persian Gulf; Indian Ocean,Medium,Open Roadstead,,,14.0,14.0,Unknown,Unknown,Unknown,Moderate,Unknown,29.03333,48.16667
48356,Mina Az Zawr,Mina Saud,KW MIS,Kuwait,Kuwait,Persian Gulf; Indian Ocean,Very Small,Open Roadstead,,,,,Unknown,Unknown,Unknown,Emergency Only,Unknown,28.73333,48.4
28615,Lielupe, , ,Latvia,Latvia,Gulf of Riga; Baltic Sea; North Atlantic Ocean,Very Small,River (Natural),,,1.8,3.4,Unknown,Unknown,Small,Unknown,Unknown,57.0,23.43333
28640,Liepaja,Libau,LV LPX,Latvia,Latvia,Baltic Sea; North Atlantic Ocean,Medium,Coastal (Breakwater),229.0,9.4,11.0,7.9,Yes,Yes,Unknown,Limited,Large,56.51667,21.01667
28610,Riga, ,LV RIX,Latvia,Latvia,Gulf of Riga; Baltic Sea; North Atlantic Ocean,Large,River (Natural),311.1,14.8,12.5,9.4,Yes,Yes,Unknown,Limited,Unknown,56.95,24.1
28605,Salacgriva, ,LV SAL,Latvia,Latvia,Gulf of Riga; Baltic Sea; North Atlantic Ocean,Very Small,River (Natural),115.0,5.6,5.8,3.4,Yes,No,Small,Unknown,Unknown,57.7,24.36667
28620,Ventspils,Vindau; Windau,LV VNT,Latvia,Latvia,Baltic Sea; North Atlantic Ocean,Medium,Coastal (Breakwater),277.0,15.0,11.0,15.0,Yes,Yes,Small,Limited,Medium,57.4,21.53333
45030,Bayrut,Beirut; Beyrouth,LB BEY,Lebanon,Lebanon,Mediterranean Sea; North Atlantic Ocean,Large,Coastal (Breakwater),,13.0,15.5,10.5,Yes,Yes,Large,Moderate,Large,33.9,35.5
45040,Sayda,Saida; Sidon,LB SAY,Lebanon,Lebanon,Mediterranean Sea; North Atlantic Ocean,Very Small,Open Roadstead,,,6.4,9.4,Unknown,Unknown,Small,Limited,Unknown,33.5,35.35
45027,Selaata, ,LB,Lebanon,Lebanon,Mediterranean Sea; North Atlantic Ocean,Very Small,Coastal (Breakwater),230.0,13.0,,14.0,Unknown,Unknown,Unknown,Unknown,Unknown,34.28333,35.655
45036,Sidon/zahrani Terminal, ,LB ZHR,Lebanon,Lebanon,Mediterranean Sea; North Atlantic Ocean,Very Small,Open Roadstead,244.6,13.0,19.0,15.0,No,No,Small,Limited,,33.53333,35.31667
45025,Tarabulus, ,LBKYE,Lebanon,Lebanon,Mediterranean Sea; North Atlantic Ocean,Medium,Coastal (Breakwater),199.0,16.0,11.0,17.1,Yes,Yes,Small,Moderate,Unknown,34.45,35.83333
45950,Buchanan,Grand Bassa; Lower Buchanan,LR UCN,Liberia,Liberia,North Atlantic Ocean,Very Small,Coastal (Breakwater),,12.8,12.5,9.4,Unknown,Unknown,Small,Unknown,Unknown,5.86667,-10.06667
45955,Cape Palmas, ,LR CPA,Liberia,Liberia,North Atlantic Ocean,Very Small,Open Roadstead,,,23.2,11.0,Unknown,Unknown,Unknown,Unknown,Unknown,4.36667,-7.71667
45952,Greenville,Sinoe,LR GRE,Liberia,Liberia,North Atlantic Ocean,Very Small,Coastal (Natural),,7.0,9.4,4.9,Unknown,Unknown,Unknown,,Unknown,4.98333,-9.05
45940,Monrovia, ,LR MLW,Liberia,Liberia,North Atlantic Ocean,Small,Coastal (Breakwater),267.0,13.8,7.9,7.9,Unknown,Unknown,Large,Limited,Unknown,6.31667,-10.81667
45350,Abu Khammash, ,LY ABK,Libya,Libya,Mediterranean Sea; North Atlantic Ocean,Very Small,Coastal (Natural),,,7.9,,Unknown,Unknown,Unknown,Unknown,Unknown,33.06667,11.81667
45295,Al Burayqah,Marsa Brega,LY MBR,Libya,Libya,Gulf of Sidra; Mediterranean Sea; North Atlantic Ocean,Small,Coastal (Breakwater),,,,11.0,Unknown,Unknown,Unknown,,Unknown,30.41667,19.6
45297,As Sidr,Abyar As Sirs; Es Sider,LY ESI,Libya,Libya,Gulf of Sidra; Mediterranean Sea; North Atlantic Ocean,Very Small,Open Roadstead,,,23.2,,Unknown,Unknown,Unknown,Emergency Only,Unknown,30.63333,18.36667
45335,Az Zawiya, ,LY ZAW,Libya,Libya,Mediterranean Sea; North Atlantic Ocean,Small,Open Roadstead,,,,,Unknown,Unknown,Unknown,,Unknown,32.8,12.71667
45280,Banghazi,Bengasi,LY BEN,Libya,Libya,Mediterranean Sea; North Atlantic Ocean,Medium,Coastal (Breakwater),,,12.5,6.4,Unknown,Unknown,Small,Moderate,Small,32.11667,20.05
45337,Bouri Oil Field, ,LY BOU,Libya,Libya,Mediterranean Sea; North Atlantic Ocean,Very Small,Open Roadstead,,,,,Unknown,Unknown,Unknown,Unknown,Unknown,33.9,12.65
45240,Darnah,Derna,LY DRX,Libya,Libya,Mediterranean Sea; North Atlantic Ocean,Very Small,Coastal (Breakwater),,,9.4,9.4,Unknown,Unknown,Small,,Unknown,32.76667,22.65
45290,Ez Zueitina,Qarnat Az Zuwaytinan; Sidi Alib,LY ZUE,Libya,Libya,Gulf of Sidra; Mediterranean Sea; North Atlantic Ocean,Very Small,Open Roadstead,,,18.6,,Unknown,Unknown,Unknown,Emergency Only,Unknown,30.85,20.05
45323,Khoms, ,LY KHM,Libya,Libya,Mediterranean Sea; North Atlantic Ocean,Very Small,Coastal (Natural),,,12.5,11.0,Unknown,Unknown,Unknown,Limited,Unknown,32.66667,14.25
45340,Marsa Sabratah,Sabrata, ,Libya,Libya,Mediterranean Sea; North Atlantic Ocean,Very Small,Open Roadstead,,,3.4,1.8,Unknown,Unknown,Unknown,Unknown,Unknown,32.81667,12.5
45220,Mersa Tobruq,Marsa Al Hariga; Marsa Tobruk; Tobruk,LY TOB,Libya,Libya,Mediterranean Sea; North Atlantic Ocean,Small,Coastal (Breakwater),,,17.1,7.9,Unknown,Unknown,Small,Unknown,Unknown,32.08333,23.98333
45330,Mina Tarabulus (Tripoli),Tripoli,LY TIP,Libya,Libya,Mediterranean Sea; North Atlantic Ocean,Medium,Coastal (Breakwater),,,11.0,9.4,Unknown,Unknown,Small,Limited,Medium,32.9,13.18333
45320,Misratah,Marsa Misratah; Misurata Marina; Qasr Ahmed,LY MIS,Libya,Libya,Mediterranean Sea; North Atlantic Ocean,Very Small,Open Roadstead,,,12.5,11.0,Unknown,Unknown,Unknown,Limited,Medium,32.36667,15.21667
45296,Ras   Lanuf, ,LY RLA,Libya,Libya,Gulf of Sidra; Mediterranean Sea; North Atlantic Ocean,Very Small,Open Roadstead,,,15.5,,Unknown,Unknown,Unknown,,Unknown,30.51667,18.56667
28654,Butinge Oil Terminal,Butinge Marine Terminal,LT BOT,Lithuania,Lithuania,Baltic Sea; North Atlantic Ocean,Very Small,Open Roadstead,,,20.1,,No,No,Unknown,Unknown,Unknown,56.03333,20.95
28660,Klaipeda,Memel,LT KLJ,Lithuania,Lithuania,Baltic Sea; North Atlantic Ocean,Medium,River (Natural),400.0,13.4,15.0,6.4,Yes,Yes,Medium,Moderate,Unknown,55.71667,21.11667
57810,Macau, ,MO MFM,Macau,Macau,South China Sea; North Pacific Ocean,Medium,Coastal (Breakwater),105.0,5.5,3.4,3.4,Unknown,Unknown,Small,Limited,Small,22.18333,113.56667
47360,Andoany, , ,Madagascar,Madagascar,Mozambique Channel; Indian Ocean,Very Small,Open Roadstead,,12.0,20.1,7.9,Unknown,Yes,Unknown,Emergency Only,Unknown,-13.4,48.3
47630,Antsiranana,Antsirana; Diego Suarez; Port De La Nievre; Port Nievre,MG DIE,Madagascar,Madagascar,Indian Ocean,Small,Coastal (Breakwater),,,14.0,7.9,Unknown,Unknown,Unknown,Moderate,Medium,-12.26667,49.28333
47625,Antsohim Bondrona, , ,Madagascar,Madagascar,Mozambique Channel; Indian Ocean,Very Small,Coastal (Natural),,,7.9,7.9,Unknown,Unknown,Unknown,Limited,Unknown,-13.08333,48.83333
47620,Iharana, , ,Madagascar,Madagascar,Indian Ocean,Very Small,Coastal (Natural),,,14.0,4.9,Unknown,Unknown,Unknown,Emergency Only,Unknown,-13.35,50.0
47400,Mahajanga, ,MG MJN,Madagascar,Madagascar,Mozambique Channel; Indian Ocean,Very Small,Coastal (Natural),,,9.4,7.9,Unknown,Unknown,Unknown,Limited,Unknown,-15.71667,46.3
47420,Maintirano, ,MG MXT,Madagascar,Madagascar,Mozambique Channel; Indian Ocean,Very Small,Open Roadstead,,,3.4,,Unknown,Unknown,Unknown,Unknown,Unknown,-18.06667,44.01667
47500,Manakara, ,MG WVK,Madagascar,Madagascar,Indian Ocean,Very Small,Open Roadstead,,,7.9,1.8,Unknown,Unknown,Unknown,Unknown,Unknown,-22.11667,48.05
47510,Mananjary,Mananzhari,MG MNJ,Madagascar,Madagascar,Indian Ocean,Very Small,Open Roadstead,,,23.2,1.8,Unknown,Unknown,Unknown,Emergency Only,Unknown,-21.25,48.33333
47590,Maroantsetra, ,MG WMN,Madagascar,Madagascar,Indian Ocean,Very Small,Open Roadstead,,,23.2,,Unknown,Unknown,Unknown,Unknown,Unknown,-15.45,49.81667
47430,Morondava, ,MG MOQ,Madagascar,Madagascar,Mozambique Channel; Indian Ocean,Very Small,Open Roadstead,,2.5,14.0,1.8,Unknown,Unknown,Unknown,Unknown,Unknown,-20.28333,44.3
47540,Toamasina, ,MG TOA,Madagascar,Madagascar,Indian Ocean,Small,Coastal (Breakwater),292.0,14.0,9.4,4.9,Unknown,Yes,Medium,Limited,Unknown,-18.16667,49.41667
47470,Tolanaro,Taolanaro,MG TLN,Madagascar,Madagascar,Indian Ocean,Very Small,Open Roadstead,,12.0,9.4,1.8,Unknown,Unknown,Unknown,Unknown,Unknown,-25.03333,47.0
47460,Toliara,Tulear,MG TLE,Madagascar,Madagascar,Mozambique Channel; Indian Ocean,Very Small,Open Roadstead,168.0,8.0,11.0,7.9,Unknown,Unknown,Unknown,Unknown,Unknown,-23.36667,43.66667
51733,Bakapit, ,MYBKP,Malaysia,Malaysia,Celebes Sea; North Pacific Ocean,Very Small,Coastal (Natural),,,4.9,3.4,Unknown,Unknown,Unknown,Unknown,Unknown,4.95,118.58333
51570,Bintangor, ,MYBTN,Malaysia,Malaysia,South China Sea; North Pacific Ocean,Very Small,River (Natural),,,4.9,3.4,Unknown,Unknown,Unknown,Limited,Unknown,2.16667,111.63333
51585,Bintulu Port, ,MY BTU,Malaysia,Sarawak,South China Sea; North Pacific Ocean,Small,Coastal (Breakwater),299.0,12.5,12.5,12.5,Unknown,Unknown,Unknown,Limited,Small,3.26667,113.06667
49982,Johor,Pasir Gudang,MYJHB,Malaysia,Malaysia,Strait of Malacca; Indian Ocean,Large,River (Natural),,,9.4,4.9,Unknown,Unknown,Unknown,Major,Large,1.43333,103.9
57411,Kemaman Harbor, ,MY KEM,Malaysia,Malaysia,South China Sea; North Pacific Ocean,Very Small,Coastal (Natural),,,14.0,11.0,Unknown,Unknown,Unknown,Limited,Unknown,4.25,103.46667
57415,Kirteh Oil Terminal,Kertih Port, ,Malaysia,Malaysia,South China Sea; North Pacific Ocean,Small,Open Roadstead,183.0,,11.0,,Unknown,Unknown,Unknown,,Unknown,4.56667,103.46667
51690,Kota Kinabalu,Jesselton,MY BKI,Malaysia,Sabah,South China Sea; North Pacific Ocean,Medium,Coastal (Natural),294.0,8.5,7.9,9.4,Unknown,Yes,Small,Limited,Unknown,5.98333,116.06667
57420,Kuala Trengganu,Trengganu,MY TGG,Malaysia,Malaysia,South China Sea; North Pacific Ocean,Very Small,River (Basins),,,4.9,,Unknown,Unknown,Unknown,Emergency Only,Small,5.35,103.13333
57410,Kuantan New Port, ,MY KUA,Malaysia,Malaysia,South China Sea; North Pacific Ocean,Small,Coastal (Breakwater),,,12.5,7.9,Unknown,Unknown,Unknown,,Unknown,3.96667,103.43333
51560,Kuching, ,MY KCH,Malaysia,Sarawak,South China Sea; North Pacific Ocean,Small,River (Natural),200.0,11.0,4.9,7.9,Yes,Yes,Small,Limited,Small,1.56667,110.35
51710,Kudat, ,MY KUD,Malaysia,Sabah,South China Sea; North Pacific Ocean,Very Small,Open Roadstead,114.0,,11.0,6.4,Unknown,Unknown,Unknown,Limited,Unknown,6.88333,116.85
51730,Lahad Datu, ,MYLDU,Malaysia,Sabah,Celebes Sea; North Pacific Ocean,Very Small,Coastal (Natural),199.9,20.0,9.4,3.4,Unknown,Unknown,Unknown,,Unknown,5.01667,118.31667
49890,Lumut, ,MY LUM,Malaysia,Malaysia,Strait of Malacca; Indian Ocean,Very Small,River (Natural),,,6.4,17.1,Unknown,Unknown,Unknown,Limited,Unknown,4.23333,100.63333
51600,Lutong, ,MYLUT,Malaysia,Sarawak,South China Sea; North Pacific Ocean,Small,Open Roadstead,,,21.6,,Unknown,Unknown,Unknown,,Unknown,4.46667,114.0
49875,Malong Marine Terminal, , ,Malaysia,Malaysia,South China Sea; North Pacific Ocean,Very Small,Open Roadstead,,,23.2,,Unknown,Unknown,Unknown,,Unknown,4.63333,104.81667
49970,Melaka,Malacca,MY MEA,Malaysia,Malaysia,Strait of Malacca; Indian Ocean,Small,River (Natural),170.0,,,3.4,Unknown,Unknown,Unknown,Limited,Unknown,2.2,102.25
51590,Miri, ,MYMYY,Malaysia,Sarawak,South China Sea; North Pacific Ocean,Small,River (Natural),78.1,,1.8,1.8,Yes,Yes,Medium,Limited,Unknown,4.38333,113.96667
51736,Mostyn, ,MY MZS,Malaysia,Malaysia,Celebes Sea; North Pacific Ocean,Very Small,Open Roadstead,,,23.2,7.9,Unknown,Unknown,Unknown,,Unknown,4.68333,118.25
49980,Muar,Bandar Maharani,MY MUA,Malaysia,Malaysia,Strait of Malacca; Indian Ocean,Very Small,River (Natural),,,1.8,3.4,Unknown,Unknown,Unknown,Unknown,Unknown,2.05,102.56667
49830,Pelabuhan Bass,Bass Harbour, ,Malaysia,Malaysia,Strait of Malacca; Indian Ocean,Very Small,Coastal (Natural),,,23.2,4.9,Unknown,Unknown,Unknown,Unknown,Unknown,6.31667,99.83333
51720,Pelabuhan Sandakan,Elopura,MY SDK,Malaysia,Sabah,Sulu Sea; North Pacific Ocean,Small,Coastal (Natural),199.0,12.0,9.4,4.9,Unknown,Unknown,Medium,Limited,Unknown,5.83333,118.11667
49962,Pelabuhan Sungai Udang, ,MY SUP,Malaysia,Malaysia,Strait of Malacca; Indian Ocean,Very Small,Open Roadstead,,,17.1,4.9,Unknown,Unknown,Unknown,Limited,Unknown,2.25,102.13333
49960,Port Dickson, ,MY PDI,Malaysia,Malaysia,Strait of Malacca; Indian Ocean,Medium,Open Roadstead,,,11.0,7.9,Yes,Unknown,Small,Unknown,Unknown,2.53333,101.78333
49930,Port Klang,Port Kelang; Port Swettenham,MY PKG,Malaysia,Malaysia,Strait of Malacca; Indian Ocean,Large,Coastal (Natural),,,15.5,17.1,Unknown,Unknown,Unknown,Limited,Small,3.0,101.4
49825,Port Langkawi, ,MY LGK,Malaysia,Malaysia,Strait of Malacca; Indian Ocean,Very Small,Open Roadstead,,,,7.9,Unknown,Unknown,Unknown,Unknown,Unknown,6.43333,99.76667
49850,Pulau Pinang, ,MY PEN,Malaysia,Malaysia,Strait of Malacca; Indian Ocean,Medium,Coastal (Natural),,,9.4,6.4,Unknown,Unknown,Medium,Limited,Large,5.41667,100.35
51695,Sapangar Bay, , ,Malaysia,Sabah,South China Sea; North Pacific Ocean,Small,Coastal (Natural),198.0,11.5,11.0,9.4,Yes,Yes,Unknown,Unknown,Unknown,6.08333,116.11667
51583,Sarikei, ,MYSAR,Malaysia,Sarawak,South China Sea; North Pacific Ocean,Very Small,River (Natural),,7.6,6.4,6.4,Unknown,Unknown,Unknown,Limited,Unknown,2.13333,111.53333
51580,Sibu, ,MYSBW,Malaysia,Sarawak,South China Sea; North Pacific Ocean,Very Small,River (Natural),99.0,,3.4,7.9,Unknown,Unknown,Medium,Limited,Small,2.28333,111.81667
51587,Tanjung Pelepas, ,MY TPP,Malaysia,Malaysia,Strait of Malacca; Indian Ocean,Medium,River (Basins),,,14.0,14.0,Unknown,Unknown,Small,Limited,Unknown,1.35,103.55
57425,Tapis Marine Terminal A, ,MY TAT,Malaysia,Malaysia,South China Sea; North Pacific Ocean,Large,Open Roadstead,,,23.2,,Unknown,Unknown,Unknown,Unknown,Unknown,5.51667,105.01667
51586,Tawa,Tawau,MYTWU,Malaysia,Sarawak,Celebes Sea; North Pacific Ocean,Very Small,Coastal (Natural),199.0,11.0,17.1,9.4,Unknown,Unknown,Unknown,,Unknown,4.25,117.88333
49910,Teluk Anson, ,MY TAN,Malaysia,Malaysia,Strait of Malacca; Indian Ocean,Very Small,River (Natural),,,,1.8,Unknown,Unknown,Unknown,Unknown,Unknown,4.01667,101.01667
51584,Tg. Mani, ,MY TMP,Malaysia,Malaysia,South China Sea; North Pacific Ocean,Very Small,River (Natural),,,7.9,9.4,Unknown,Unknown,Unknown,Limited,Small,2.15,111.35
51680,Victoria,Labuan, ,Malaysia,Sabah,South China Sea; North Pacific Ocean,Small,Coastal (Natural),,18.0,6.4,6.4,Unknown,Unknown,Small,Major,Medium,5.28333,115.23333
49200,Male, ,MV MCP,Maldives,Maldive Islands,Laccadive Sea; Indian Ocean,Very Small,Coastal (Natural),210.0,19.2,35.0,15.0,Yes,Yes,Unknown,Limited,Unknown,4.16667,73.5
40340,Marsaxlokk,Marsa Scirocco,MT MAR,Malta,Malta,Mediterranean Sea; North Atlantic Ocean,Medium,Coastal (Natural),,,14.0,15.5,No,Yes,Unknown,Unknown,,35.82667,14.54833
40330,Valletta Harbors, ,MT MLA,Malta,Malta,Mediterranean Sea; North Atlantic Ocean,Medium,Coastal (Natural),,,15.5,12.5,Unknown,Unknown,Unknown,Major,Medium,35.9,14.51667
56350,Enitwetak Island,Enewotok,MH ENT,Marshall Islands,Marshall Islands,North Pacific Ocean,Very Small,Open Roadstead,,,12.5,7.9,Unknown,Unknown,Unknown,Limited,Unknown,11.33333,162.33333
56370,Kwajalein, ,MH KWA,Marshall Islands,Marshall Islands,North Pacific Ocean,Very Small,Open Roadstead,500.0,,14.0,7.9,Unknown,Unknown,Unknown,Limited,Unknown,8.71667,167.73333
56400,Majuro Atoll, ,MH MAJ,Marshall Islands,Marshall Islands,North Pacific Ocean,Very Small,Open Roadstead,,,14.0,15.5,Unknown,Unknown,Small,Limited,Unknown,7.08333,171.38333
11550,Fort De France, ,MQ FDF,Martinique,Martinique,Caribbean Sea; North Atlantic Ocean,Medium,Open Roadstead,,,9.4,12.5,Unknown,Unknown,Unknown,Limited,Medium,14.6,-61.06667
45812,Nouadhibou,Etienne; Port Etienne,MR NDB,Mauritania,Mauritania,North Atlantic Ocean,Medium,Coastal (Natural),,,7.9,17.1,Unknown,Unknown,Large,Limited,Unknown,20.91667,-17.05
45814,Nouakchott, ,MR NKC,Mauritania,Mauritania,North Atlantic Ocean,Small,Open Roadstead,,10.3,11.0,7.9,Unknown,Unknown,Unknown,,Unknown,18.03333,-16.03333
47720,Port Louis, ,MU PLU,Mauritius,Mauritius,Indian Ocean,Small,Coastal (Breakwater),366.4,15.5,11.0,7.9,Yes,Yes,Unknown,Moderate,Medium,-20.15,57.5
47750,Port Mathurin, ,MU PMA,Mauritius,Rodrigues,Indian Ocean,Very Small,Coastal (Natural),,,7.9,,Unknown,Unknown,Unknown,Unknown,Unknown,-19.68333,63.41667
15760,Acapulco, ,MX ACA,Mexico,Mexico West Coast,North Pacific Ocean,Medium,Coastal (Natural),295.0,8.8,,10.0,Unknown,Unknown,Unknown,Limited,Unknown,16.85,-99.93333
9355,Altamira, ,MXATM,Mexico,Mexico East Coast,Gulf of Mexico; North Atlantic Ocean,Very Small,River (Basins),339.6,12.2,12.5,11.0,Yes,Yes,Unknown,Limited,Unknown,22.48333,-97.85
9500,Campeche, ,MX CPE,Mexico,Mexico East Coast,Gulf of Mexico; North Atlantic Ocean,Small,Open Roadstead,,,,3.4,Unknown,Unknown,Unknown,Moderate,Unknown,19.85,-90.55
9395,Cayo Arcas Terminal, ,MX CAT,Mexico,Mexico East Coast,Gulf of Mexico; North Atlantic Ocean,Very Small,Open Roadstead,,,,,Unknown,Unknown,Unknown,Unknown,Unknown,20.16667,-91.98333
9490,Ciudad Del Carmen,Laguna De Terminos,MX CME,Mexico,Mexico East Coast,Gulf of Mexico; North Atlantic Ocean,Very Small,Coastal (Breakwater),,,3.4,4.9,Unknown,Unknown,Unknown,Limited,Unknown,18.63333,-91.86667
9405,Coatzacoalcos,Puerto Mexico,MX COA,Mexico,Mexico East Coast,Gulf of Mexico; North Atlantic Ocean,Small,River (Natural),247.0,11.9,11.2,9.4,Yes,Yes,Medium,Limited,Unknown,18.15,-94.41667
9425,Dos Bocas Terminal, ,MX DBT,Mexico,Mexico East Coast,Gulf of Mexico; North Atlantic Ocean,Very Small,Open Roadstead,190.0,5.4,4.9,23.2,Yes,Yes,Unknown,Limited,Unknown,18.43333,-93.21667
15990,Ensenada, ,MX ESE,Mexico,Mexico West Coast,North Pacific Ocean,Medium,Coastal (Breakwater),350.6,14.5,16.3,15.0,Yes,Yes,Unknown,Moderate,Small,31.86667,-116.63333
9440,Frontera,Alvaro Obregon,MX FRN,Mexico,Mexico East Coast,Gulf of Mexico; North Atlantic Ocean,Very Small,River (Natural),87.2,6.6,3.4,4.9,Unknown,Unknown,Small,Limited,Unknown,18.53333,-92.65
15850,Guaymas, ,MX GYM,Mexico,Mexico West Coast,Gulf of California; North Pacific Ocean,Small,Coastal (Breakwater),246.8,13.7,14.0,16.0,Yes,Yes,Small,Limited,Unknown,27.91667,-110.91667
15880,Isla San Marcos,San Marcos,MX SMI,Mexico,Mexico West Coast,Gulf of California; North Pacific Ocean,Very Small,Open Roadstead,244.7,,,12.5,Yes,Unknown,Unknown,,Unknown,27.18333,-112.1
15920,La Paz, ,MX LAP,Mexico,Mexico West Coast,Gulf of California; North Pacific Ocean,Small,Coastal (Natural),100.0,11.0,2.9,5.5,Yes,Unknown,Unknown,Limited,Unknown,24.16667,-110.31667
15765,Lazaro Cardenas, ,MX LZC,Mexico,Mexico West Coast,North Pacific Ocean,Small,River (Basins),397.6,15.3,16.5,16.5,Yes,Yes,Medium,Limited,,17.93333,-102.16667
15770,Manzanillo, ,MX ZLO,Mexico,Mexico West Coast,North Pacific Ocean,Medium,Coastal (Breakwater),397.6,15.0,16.0,14.0,Yes,Yes,Medium,Moderate,Small,19.05,-104.31667
15810,Mazatlan, ,MX MZT,Mexico,Mexico West Coast,North Pacific Ocean,Medium,River (Natural),210.0,10.6,11.0,10.5,Yes,Yes,Medium,Moderate,,23.2,-106.41667
9420,Minatitlan, ,MX MTT,Mexico,Mexico East Coast,Gulf of Mexico; North Atlantic Ocean,Very Small,River (Natural),145.0,6.4,7.9,,Unknown,Unknown,Unknown,Limited,Small,17.9,-94.58333
9410,Nanchital, ,MX NAN,Mexico,Mexico East Coast,Gulf of Mexico; North Atlantic Ocean,Very Small,River (Natural),177.0,8.4,9.4,7.9,Unknown,Unknown,Small,Limited,Unknown,18.06667,-94.41667
15917,Pichilingue, ,MX PIC,Mexico,Mexico West Coast,Gulf of California; North Pacific Ocean,Small,Coastal (Breakwater),323.6,10.2,11.0,10.5,Yes,Yes,Unknown,Moderate,Unknown,24.26667,-110.33333
9511,Progreso,Terminal Remota,MX PGO,Mexico,Mexico East Coast,Gulf of Mexico; North Atlantic Ocean,Very Small,Open Roadstead,,,11.0,11.0,Unknown,Unknown,Small,Moderate,Unknown,21.28333,-89.66667
9570,Puerto Costa Maya,Majahual,MXCOM,Mexico,Mexico East Coast,Caribbean Sea; North Atlantic Ocean,Unknown, ,338.7,9.3,,,Unknown,Unknown,Unknown,Unknown,Unknown,18.73333,-87.68333
15710,Puerto Madero, ,MXPMD,Mexico,Mexico West Coast,North Pacific Ocean,Very Small,River (Basins),294.0,8.9,8.5,9.0,Yes,Yes,Small,Limited,Small,14.7,-92.45
9540,Puerto Morelos, ,MXPMS,Mexico,Mexico East Coast,Caribbean Sea; North Atlantic Ocean,Unknown, ,,4.9,,,Yes,Yes,Unknown,Unknown,Unknown,20.85,-86.88333
15975,Puerto Morro Redondo, ,MX PMS,Mexico,Mexico West Coast,North Pacific Ocean,Very Small,Open Roadstead,292.0,17.3,,17.3,Yes,Unknown,Unknown,Limited,Unknown,28.05,-115.18333
9510,Puerto Progreso, ,MXPGO,Mexico,Mexico East Coast,Gulf of Mexico; North Atlantic Ocean,Unknown, ,273.0,9.8,20.0,,Yes,Yes,Unknown,Unknown,Unknown,21.35,-89.68333
15790,Puerto Vallarta,Penas,MX PVR,Mexico,Mexico West Coast,North Pacific Ocean,Small,River (Basins),290.0,8.9,10.4,10.0,Unknown,Unknown,Unknown,,,20.61667,-105.26667
9548,Punta Venado, ,MXPVN,Mexico,Mexico East Coast,Caribbean Sea; North Atlantic Ocean,Unknown, ,246.9,10.0,,,Yes,Unknown,Unknown,Unknown,Unknown,20.56667,-87.13333
15995,Rosarito, ,MX RST,Mexico,Mexico West Coast,North Pacific Ocean,Very Small,Open Roadstead,,,,,Unknown,Unknown,Unknown,,Unknown,32.36667,-117.1
15730,Salina Cruz, ,MXSCX,Mexico,Mexico West Coast,North Pacific Ocean,Small,Coastal (Breakwater),200.0,10.0,10.0,12.0,Yes,Yes,Medium,Limited,Medium,16.16667,-95.2
15915,San Juan De La Costa, ,MX SJC,Mexico,Mexico West Coast,Gulf of California; North Pacific Ocean,Very Small,Open Roadstead,225.0,12.0,,10.5,Unknown,Unknown,Unknown,,Unknown,24.4,-110.7
9550,San Miguel De Cozumel,Cozumel,MX CZM,Mexico,Mexico East Coast,Caribbean Sea; North Atlantic Ocean,Very Small,Open Roadstead,,9.3,12.5,14.0,Unknown,Unknown,Unknown,Unknown,Unknown,20.5,-86.96667
15870,Santa Rosalia, ,MX SRL,Mexico,Mexico West Coast,Gulf of California; North Pacific Ocean,Small,Coastal (Breakwater),240.0,10.0,5.0,10.0,Yes,Unknown,Unknown,Limited,Unknown,27.33333,-112.28333
9360,Tampico, ,MXTAM,Mexico,Mexico East Coast,Gulf of Mexico; North Atlantic Ocean,Medium,River (Natural),229.2,10.7,11.0,7.9,Yes,Yes,Small,Moderate,Medium,22.21667,-97.86667
15830,Topolobampo, ,MX TPB,Mexico,Mexico West Coast,Gulf of California; North Pacific Ocean,Small,Coastal (Natural),246.8,12.1,12.0,12.0,Yes,Yes,Small,Limited,Unknown,25.6,-109.06667
9370,Tuxpan, ,MXTUX,Mexico,Mexico East Coast,Gulf of Mexico; North Atlantic Ocean,Medium,River (Natural),294.1,,3.4,11.0,Yes,Yes,Unknown,Limited,Small,20.95,-97.4
9380,Veracruz, ,MX VER,Mexico,Mexico East Coast,Gulf of Mexico; North Atlantic Ocean,Medium,Coastal (Breakwater),336.7,12.8,14.0,11.0,Yes,Yes,Medium,Major,Medium,19.2,-96.13333
56328,Midway Island, , ,Midway Islands,Midway Islands,North Pacific Ocean,Very Small,Coastal (Breakwater),,,11.0,7.9,Unknown,Unknown,Unknown,Emergency Only,Unknown,28.18333,-177.36667
39025,Monaco, ,MC MON,Monaco,Monaco,Mediterranean Sea; North Atlantic Ocean,Very Small,Coastal (Breakwater),,,7.9,11.0,Unknown,Unknown,Unknown,Emergency Only,Unknown,43.73333,7.41667
41640,Bar, ,ME BAR,Montenegro,Serbia and Montenegro,Adriatic Sea; Mediterranean Sea; North Atlantic Ocean,Small,Coastal (Breakwater),,,17.1,9.4,Unknown,Unknown,Unknown,Major,Medium,42.08333,19.08333
41610,Kotor, ,ME KOT,Montenegro,Serbia and Montenegro,Adriatic Sea; Mediterranean Sea; North Atlantic Ocean,Very Small,Coastal (Natural),,,15.5,4.9,Unknown,Unknown,Unknown,Limited,Medium,42.41667,18.76667
41590,Risan, ,ME RSN,Montenegro,Serbia and Montenegro,Adriatic Sea; Mediterranean Sea; North Atlantic Ocean,Very Small,Coastal (Breakwater),,,1.8,4.9,Unknown,Unknown,Unknown,Moderate,Medium,42.51667,18.7
41620,Tivat, ,ME TIV,Montenegro,Serbia and Montenegro,Adriatic Sea; Mediterranean Sea; North Atlantic Ocean,Very Small,Coastal (Breakwater),,,7.9,3.4,Unknown,Unknown,Unknown,Major,Medium,42.43333,18.7
45802,Agadir, ,MA AGA,Morocco, ,North Atlantic Ocean,Large,Coastal (Breakwater),,,7.9,14.0,Unknown,Unknown,Unknown,Limited,Unknown,30.43333,-9.63333
45793,Casablanca,Dar El Beida,MA CAS,Morocco, ,North Atlantic Ocean,Large,Coastal (Breakwater),,,12.5,11.0,Unknown,Unknown,Large,Limited,Unknown,33.6,-7.61667
45795,El Jadida,Mazagan,MA ELJ,Morocco, ,North Atlantic Ocean,Very Small,Coastal (Breakwater),,,3.4,4.9,Unknown,Unknown,Unknown,Limited,Medium,33.25,-8.5
45796,El Jorf Lasfar, ,MA JFL,Morocco, ,North Atlantic Ocean,Small,Coastal (Breakwater),,,15.5,15.5,Unknown,Unknown,Unknown,Limited,Unknown,33.11667,-8.61667
45800,Essaouira,Mogador; Suira,MA ESS,Morocco, ,North Atlantic Ocean,Very Small,Coastal (Natural),,,,,Unknown,Unknown,Unknown,Unknown,Unknown,31.5,-9.78333
45785,Kenitra,Port Lyautey,MA NNA,Morocco, ,North Atlantic Ocean,Small,River (Natural),,,3.4,4.9,Unknown,Unknown,Medium,Limited,Unknown,34.3,-6.6
45790,Mohammedia, ,MA MOH,Morocco, ,North Atlantic Ocean,Very Small,Coastal (Breakwater),,,6.4,6.4,Unknown,Unknown,Small,Limited,Unknown,33.71667,-7.4
45720,Port D Al Hoceima, ,MA AHU,Morocco, ,Mediterranean Sea; North Atlantic Ocean,Very Small,Coastal (Breakwater),,,20.1,4.9,Unknown,Unknown,Unknown,Limited,Unknown,35.25,-3.91667
45762,Port Nador, ,MA NDR,Morocco, ,Mediterranean Sea; North Atlantic Ocean,Very Small,Coastal (Breakwater),,,11.0,9.4,Unknown,Unknown,Unknown,Limited,Unknown,35.28333,-2.93333
45797,Safi,Asafi,MA SFI,Morocco, ,North Atlantic Ocean,Small,Coastal (Breakwater),,,7.9,11.0,Unknown,Unknown,Large,Limited,Unknown,32.3,-9.25
45755,Tanger,Tangier,MA TNG,Morocco, ,Strait of Gibraltar; North Atlantic Ocean,Medium,Coastal (Breakwater),,,,14.0,Unknown,Unknown,Medium,Moderate,Unknown,35.78333,-5.81667
45753,Tangier-Mediterranean, ,MA PTM,Morocco, ,Strait of Gibraltar; North Atlantic Ocean,Large,Coastal (Breakwater),,,,17.1,Unknown,Unknown,Unknown,Unknown,Unknown,35.9,-5.51667
46890,Beira, ,MZ BEW,Mozambique,Mozambique,Mozambique Channel; Indian Ocean,Medium,Coastal (Natural),,,4.9,7.9,Unknown,Unknown,Large,Major,Medium,-19.83333,34.83333
46900,Chinde, ,MZ INE,Mozambique,Mozambique,Mozambique Channel; Indian Ocean,Small,River (Natural),,,1.8,,Unknown,Unknown,Unknown,Unknown,Unknown,-18.56667,36.5
46950,Ibo, ,MZ IBO,Mozambique,Mozambique,Mozambique Channel; Indian Ocean,Very Small,Coastal (Natural),,,9.4,,Unknown,Unknown,Unknown,Emergency Only,Unknown,-12.33333,40.61667
46880,Inhambane,Innamban,MZ INH,Mozambique,Mozambique,Mozambique Channel; Indian Ocean,Small,River (Natural),,,4.9,6.4,Unknown,Unknown,Unknown,Limited,Unknown,-23.91667,35.4
46870,Maputo,Lourenco Marques,MZ MPM,Mozambique,Mozambique,Indian Ocean,Medium,Canal or Lake,,12.9,13.3,15.4,Yes,Yes,Small,Moderate,Small,-25.96278,32.54472
46930,Mocambique,Mozambique,MZ MZQ,Mozambique,Mozambique,Mozambique Channel; Indian Ocean,Small,Coastal (Natural),,,7.9,,Unknown,Unknown,Unknown,Limited,Unknown,-15.03333,40.73333
46935,Nacala,Nakala,MZ MNC,Mozambique,Mozambique,Mozambique Channel; Indian Ocean,Very Small,Coastal (Natural),,,23.2,6.4,Unknown,Unknown,Small,Limited,Unknown,-14.53333,40.66667
46925,Pebane, ,MZ PEB,Mozambique,Mozambique,Mozambique Channel; Indian Ocean,Small,River (Natural),,,7.9,,Unknown,Unknown,Unknown,Unknown,Unknown,-17.26667,38.15
46940,Pemba,Port Amelia,MZ POL,Mozambique,Mozambique,Mozambique Channel; Indian Ocean,Very Small,Coastal (Breakwater),,,23.2,6.4,Unknown,Unknown,Unknown,Limited,Unknown,-12.96667,40.5
46920,Porto Belo, ,MZ PBE,Mozambique,Mozambique,Mozambique Channel; Indian Ocean,Small,Open Roadstead,,,3.4,,Unknown,Unknown,Unknown,Unknown,Unknown,-17.7,37.18333
46910,Quelimane,Kiliman,MZ UEL,Mozambique,Mozambique,Mozambique Channel; Indian Ocean,Very Small,River (Natural),,,3.4,4.9,Unknown,Unknown,Unknown,Limited,Unknown,-17.88333,36.88333
46650,Luderitz Bay,Angra Pequena,NA LUD,Namibia,Namibia,South Atlantic Ocean,Small,Coastal (Breakwater),150.0,8.1,6.1,6.1,Yes,Yes,Small,Limited,Unknown,-26.65,15.15
46640,Walvis Bay,Walvisbaai,NA WVB,Namibia,Namibia,South Atlantic Ocean,Small,Coastal (Natural),335.6,,14.0,16.0,Yes,Yes,Medium,Moderate,Large,-22.95,14.5
56500,Nauru, ,NR INU,Nauru,Nauru,South Pacific Ocean,Very Small,Open Roadstead,192.0,,23.2,23.2,Unknown,Unknown,Unknown,Limited,Unknown,-0.53333,166.91667
31060,Amsterdam, ,NL AMS,Netherlands,Netherlands,North Sea; North Atlantic Ocean,Large,Canal or Lake,,,12.5,9.4,Unknown,Unknown,Small,Major,Medium,52.36667,4.9
30990,Delfzijl, ,NL DZL,Netherlands,Netherlands,North Sea; North Atlantic Ocean,Small,Coastal (Tide Gates),,,6.4,6.4,Unknown,Unknown,Small,Limited,Medium,53.33333,6.93333
31020,Den Helder,Willemsoord,NL DHR,Netherlands,Netherlands,North Sea; North Atlantic Ocean,Small,River (Basins),,,7.9,4.9,Unknown,Unknown,Small,Moderate,Small,52.96667,4.78333
31150,Dordrecht, ,NL DOR,Netherlands,Netherlands,North Sea; North Atlantic Ocean,Medium,River (Natural),,,9.4,7.9,Unknown,Unknown,Small,Limited,Unknown,51.81667,4.65
30985,Eemshaven, ,NL EEM,Netherlands,Netherlands,North Sea; North Atlantic Ocean,Small,River (Basins),,,7.9,11.0,Unknown,Unknown,Small,Limited,Medium,53.45,6.83333
31085,Europoort, ,NL EUR,Netherlands,Netherlands,North Sea; North Atlantic Ocean,Medium,Canal or Lake,,,20.1,11.0,Unknown,Unknown,Medium,Unknown,Unknown,51.95,4.11667
31215,Hansweert, ,NL HAN,Netherlands,Netherlands,North Sea; North Atlantic Ocean,Very Small,Coastal (Tide Gates),,,4.9,,Unknown,Unknown,Small,Unknown,Unknown,51.45,4.0
31010,Harlingen, ,NL HAR,Netherlands,Netherlands,North Sea; North Atlantic Ocean,Very Small,Coastal (Tide Gates),,,3.4,3.4,Unknown,Unknown,Small,Limited,Medium,53.18333,5.41667
31080,Hoek Van Holland,Berg Haven; Hook Of Holland,NL HVH,Netherlands,Netherlands,North Sea; North Atlantic Ocean,Very Small,River (Basins),,,17.1,6.4,Unknown,Unknown,Small,Limited,Unknown,51.95,4.13333
31040,Ijmuiden,Ymuiden,NL IJM,Netherlands,Netherlands,North Sea; North Atlantic Ocean,Small,Coastal (Tide Gates),,,14.0,9.4,Unknown,Unknown,Small,Limited,Unknown,52.46667,4.58333
31100,Maassluis,Massluis,NL MSL,Netherlands,Netherlands,North Sea; North Atlantic Ocean,Very Small,Canal or Lake,,,12.5,4.9,Unknown,Unknown,Medium,Limited,Unknown,51.91667,4.25
31140,Rotterdam, ,NL RTM,Netherlands,Netherlands,North Sea; North Atlantic Ocean,Large,River (Basins),,,11.0,6.4,Unknown,Unknown,Small,Major,Medium,51.9,4.48333
31070,Scheveningen, ,NL SCE,Netherlands,Netherlands,North Sea; North Atlantic Ocean,Very Small,Coastal (Breakwater),,,,6.4,Unknown,Unknown,Unknown,Limited,Small,52.1,4.26667
31130,Schiedam, ,NL SCI,Netherlands,Netherlands,North Sea; North Atlantic Ocean,Very Small,River (Basins),,,9.4,6.4,Unknown,Unknown,Small,Major,Medium,51.9,4.4
31220,Terneuzen,Neuzen,NL TNZ,Netherlands,Netherlands,North Sea; North Atlantic Ocean,Medium,River (Tide Gates),,,9.4,4.9,Unknown,Unknown,Medium,Limited,Medium,51.35,3.81667
31120,Vlaardingen, ,NL VLA,Netherlands,Netherlands,North Sea; North Atlantic Ocean,Very Small,River (Basins),,,11.0,11.0,Unknown,Unknown,Small,Moderate,Small,51.9,4.35
31210,Vlissingen,Flushing,NL VLI,Netherlands,Netherlands,North Sea; North Atlantic Ocean,Medium,River (Natural),,,12.5,7.9,Unknown,Unknown,Small,Major,Medium,51.45,3.6
31050,Zaandam, ,NL ZAA,Netherlands,Netherlands,North Sea; North Atlantic Ocean,Small,Canal or Lake,,,7.9,7.9,Unknown,Unknown,Unknown,Limited,Unknown,52.43333,4.83333
57275,Baie De Kouaoua, ,NC KOU,New Caledonia,New Caledonia,Coral Sea; South Pacific Ocean,Very Small,Open Roadstead,161.0,8.7,4.9,7.9,Unknown,Unknown,Unknown,Unknown,Unknown,-21.38333,165.81667
57325,Baie Ugue, ,NC BUG,New Caledonia,New Caledonia,Coral Sea; South Pacific Ocean,Very Small,Open Roadstead,190.0,11.0,,11.0,Unknown,Unknown,Unknown,Unknown,Unknown,-21.15,165.55
57320,Noumea, ,NC NOU,New Caledonia,New Caledonia,Coral Sea; South Pacific Ocean,Small,Coastal (Natural),262.0,10.3,7.9,9.4,Unknown,Unknown,Unknown,Moderate,Unknown,-22.28333,166.43333
55330,Akaroa, ,NZ AKA,New Zealand,New Zealand S Island,South Pacific Ocean,Very Small,Coastal (Natural),,,12.5,1.8,Unknown,Unknown,Unknown,Limited,Unknown,-43.8,172.96667
55060,Auckland, ,NZ AKL,New Zealand,New Zealand N Island,South Pacific Ocean,Large,River (Natural),320.0,12.5,12.5,13.0,Yes,Yes,Medium,Major,Large,-36.83851,174.77164
55400,Bluff Harbor,Campbelltown,NZ BLU,New Zealand,New Zealand S Island,South Pacific Ocean,Small,Coastal (Breakwater),,,12.5,,Unknown,Unknown,Large,Major,Small,-46.6,168.33333
55270,Collingwood, , ,New Zealand,New Zealand S Island,Tasman Sea; South Pacific Ocean,Very Small,Coastal (Natural),,,1.8,1.8,Unknown,Unknown,Small,Limited,Unknown,-40.68333,172.66667
55110,Gisborne, ,NZ GIS,New Zealand,New Zealand N Island,South Pacific Ocean,Small,River (Basins),,,9.4,9.4,Yes,Yes,Medium,Limited,,-38.66667,178.03333
55440,Greymouth, ,NZ GMN,New Zealand,New Zealand S Island,Tasman Sea; South Pacific Ocean,Very Small,River (Natural),109.0,5.5,1.8,4.9,Unknown,Unknown,Small,Limited,Unknown,-42.43333,171.21667
55230,Manukau Harbor,Onehunga,NZ MCY,New Zealand,New Zealand N Island,Tasman Sea; South Pacific Ocean,Medium,Coastal (Natural),26.0,,3.4,4.9,Unknown,Yes,Unknown,Moderate,Unknown,-36.93333,174.78333
55130,Napier, ,NZ NPE,New Zealand,New Zealand N Island,South Pacific Ocean,Small,Coastal (Breakwater),,,11.0,9.4,Unknown,Unknown,Medium,Moderate,Unknown,-39.48333,176.91667
55290,Nelson, ,NZ NSN,New Zealand,New Zealand S Island,Tasman Sea; South Pacific Ocean,Small,Coastal (Breakwater),243.0,9.8,6.4,7.9,Unknown,Unknown,Medium,Limited,Small,-41.26667,173.26667
55210,New Plymouth, ,NZ NPL,New Zealand,New Zealand N Island,Tasman Sea; South Pacific Ocean,Small,Coastal (Breakwater),,,9.4,9.4,Unknown,Unknown,Small,Major,Small,-39.06667,174.03333
55030,Opua, ,NZ OPX,New Zealand,New Zealand N Island,South Pacific Ocean,Very Small,River (Natural),240.0,8.5,4.9,6.4,No,No,Small,Limited,,-35.31667,174.11667
55370,Otago Harbor,Cavensbourne; Oavensbourne,NZ ORR,New Zealand,New Zealand S Island,South Pacific Ocean,Small,River (Basins),348.0,13.6,14.0,12.5,Unknown,Unknown,Small,Moderate,Small,-45.81667,170.63333
55300,Picton, ,NZ PCN,New Zealand,New Zealand S Island,Cook Strait; South Pacific Ocean,Small,River (Basins),362.0,15.3,12.5,4.9,Unknown,Unknown,Small,Limited,Unknown,-41.28333,174.01667
55320,Port Lyttelton,Lyttleton,NZ LYT,New Zealand,New Zealand S Island,South Pacific Ocean,Very Small,Coastal (Breakwater),362.0,13.4,17.0,13.7,Yes,Yes,Large,Major,Medium,-43.60667,172.71798
55275,Tarakohe, ,NZ TKH,New Zealand,New Zealand S Island,Tasman Sea; South Pacific Ocean,Very Small,Coastal (Natural),,6.0,3.4,6.4,Unknown,Unknown,Unknown,Limited,Unknown,-40.85,172.9
55080,Tauranga, ,NZ TRG,New Zealand,New Zealand N Island,South Pacific Ocean,Small,Coastal (Natural),348.0,14.5,14.0,9.4,Yes,Yes,Medium,Moderate,,-37.63333,176.16667
55350,Timaru, ,NZ TIU,New Zealand,New Zealand S Island,South Pacific Ocean,Small,Coastal (Breakwater),286.0,11.6,9.4,7.9,Yes,Yes,Small,Moderate,Unknown,-44.4,171.25
55180,Wanganui,Castlecliff,NZ WAG,New Zealand,New Zealand N Island,Tasman Sea; South Pacific Ocean,Very Small,River (Natural),,,3.4,4.9,Unknown,Unknown,Unknown,Limited,Unknown,-39.95,175.03333
55150,Wellington,Port Nicholson,NZ WLG,New Zealand,New Zealand N Island,Cook Strait; South Pacific Ocean,Large,Coastal (Natural),,11.3,11.3,11.1,Yes,Yes,Small,Limited,,-41.28333,174.78333
55450,Westport, ,NZ WSZ,New Zealand,New Zealand S Island,Tasman Sea; South Pacific Ocean,Very Small,River (Natural),,5.8,3.4,4.3,Unknown,Unknown,Unknown,Moderate,Unknown,-41.75,171.6
55050,Whangarei,Marsden Point,NZ WRE,New Zealand,New Zealand N Island,South Pacific Ocean,Small,River (Natural),,,7.9,4.9,Yes,Yes,Large,Limited,Unknown,-35.8,174.43333
55000,Whangaroa, ,NZ WHR,New Zealand,New Zealand N Island,South Pacific Ocean,Very Small,Coastal (Natural),,,15.5,4.9,Unknown,Unknown,Unknown,Emergency Only,Unknown,-35.05,173.76667
9770,Bluefields,El Rama; El Bluff,NI BEF,Nicaragua,Nicaragua East Coast,Caribbean Sea; North Atlantic Ocean,Small,Open Roadstead,90.6,,3.6,4.9,Unknown,Yes,Unknown,Limited,Unknown,12.01667,-83.75
15550,Corinto, ,NICIO,Nicaragua,Nicaragua West Coast,North Pacific Ocean,Small,River (Natural),294.1,12.2,13.4,12.7,Yes,Yes,,Limited,,12.48333,-87.16667
9769,El Bluff,Bluefields,NI ELB,Nicaragua,Nicaragua East Coast,Caribbean Sea; North Atlantic Ocean,Very Small,Coastal (Natural),,,3.4,3.4,Unknown,Unknown,Unknown,Limited,Small,12.0,-83.7
9760,Puerto Cabezas, ,NI PUZ,Nicaragua,Nicaragua East Coast,Caribbean Sea; North Atlantic Ocean,Very Small,Open Roadstead,120.0,6.5,10.0,6.4,Unknown,Unknown,Small,Limited,Unknown,14.01667,-83.38333
15545,Puerto Sandino, ,NIPSN,Nicaragua,Nicaragua West Coast,North Pacific Ocean,Very Small,Open Roadstead,,,1.8,3.4,Yes,No,,,,12.18333,-86.76667
46237,Agbami Oil Terminal, ,NG ABM,Nigeria,Nigeria,Gulf of Guinea; North Atlantic Ocean,Very Small,Open Roadstead,,,23.2,7.9,Unknown,Unknown,Unknown,Unknown,Unknown,3.46667,5.56667
46241,Akpo Oil Terminal, ,NG AKP,Nigeria,Nigeria,Gulf of Guinea; North Atlantic Ocean,Very Small,Open Roadstead,,,23.2,7.9,Unknown,Unknown,Unknown,Unknown,Unknown,3.13333,6.81667
46225,Antan Oil Terminal,FPSO Adoon,NG ANA,Nigeria,Nigeria,Gulf of Guinea; North Atlantic Ocean,Small,Open Roadstead,,,23.2,,Unknown,Unknown,Unknown,,Unknown,4.21667,8.33333
46205,Bonny,Bonny Inshore Terminal,NGBON,Nigeria,Nigeria,Gulf of Guinea; North Atlantic Ocean,Medium,River (Natural),300.0,13.4,12.5,,Unknown,Unknown,Unknown,,Unknown,4.45,7.16667
46206,Bonny Offshore Terminal, ,NGBON,Nigeria,Nigeria,Gulf of Guinea; North Atlantic Ocean,Very Small,Open Roadstead,,22.9,23.2,,Unknown,Unknown,Unknown,,Unknown,4.18333,7.23333
46190,Brass Oil Terminal, ,NG BRA,Nigeria,Nigeria,Gulf of Guinea; North Atlantic Ocean,Very Small,Open Roadstead,,,23.2,,Unknown,Unknown,Unknown,,Unknown,4.06667,6.28333
46165,Burutu, ,NG BUR,Nigeria,Nigeria,Bight of Benin; Gulf of Guinea; North Atlantic Ocean,Very Small,River (Natural),229.0,4.9,4.8,6.4,Unknown,Unknown,,Moderate,Unknown,5.35,5.5
46230,Calabar, ,NGCBQ,Nigeria,Nigeria,Gulf of Guinea; North Atlantic Ocean,Very Small,River (Natural),199.9,7.0,7.9,10.0,Yes,Yes,Unknown,Limited,Unknown,4.96667,8.31667
46239,Egina Oil Terminal, , ,Nigeria,Nigeria,Gulf of Guinea; North Atlantic Ocean,Very Small,Open Roadstead,,,23.2,7.9,Unknown,Unknown,Unknown,Unknown,Unknown,3.06667,6.7
46135,Escravos Oil Terminal, ,NG ESC,Nigeria,Nigeria,Bight of Benin; Gulf of Guinea; North Atlantic Ocean,Very Small,Open Roadstead,,,23.2,,Unknown,Unknown,Unknown,,Unknown,5.5,5.0
46160,Forcados,Port Forcados,NG FOR,Nigeria,Nigeria,Bight of Benin; Gulf of Guinea; North Atlantic Ocean,Very Small,River (Natural),,5.2,3.4,4.9,Unknown,Unknown,Unknown,,Unknown,5.36667,5.43333
46161,Forcados Oil Terminal, ,NG FOR,Nigeria,Nigeria,Bight of Benin; Gulf of Guinea; North Atlantic Ocean,Very Small,Open Roadstead,,,23.2,,Unknown,Unknown,Unknown,,Unknown,5.16667,5.18333
46140,Koko, ,NG KOK,Nigeria,Nigeria,Bight of Benin; Gulf of Guinea; North Atlantic Ocean,Very Small,River (Natural),140.0,6.4,4.9,7.3,Unknown,Unknown,Unknown,,Unknown,6.0,5.46667
46130,Lagos, ,NG LOS,Nigeria,Nigeria,Bight of Benin; Gulf of Guinea; North Atlantic Ocean,Large,River (Natural),301.3,13.5,14.0,13.5,Yes,Yes,Medium,Limited,Small,6.4,3.4
46135,Lekki, ,NG LKK,Nigeria,Nigeria,Bight of Benin; Gulf of Guinea; North Atlantic Ocean,Medium,Coastal (Breakwater),366.0,16.5,,16.5,Yes,Yes,Unknown,Unknown,Unknown,6.4232,4.00824
46235,Odudu Terminal, ,NG ODU,Nigeria,Nigeria,Gulf of Guinea; North Atlantic Ocean,Very Small,Open Roadstead,,,23.2,,Unknown,Unknown,Unknown,Unknown,Unknown,4.0,7.76667
46238,Okono Terminal,FSPO Mystras,NG OKN,Nigeria,Nigeria,Gulf of Guinea; North Atlantic Ocean,Very Small,Open Roadstead,,,23.2,,Unknown,Unknown,Unknown,Unknown,Unknown,3.98333,7.3
46207,Okrika, ,NGOKR,Nigeria,Nigeria,Gulf of Guinea; North Atlantic Ocean,Very Small,River (Natural),200.0,9.0,8.8,9.5,Unknown,Unknown,Unknown,Emergency Only,Unknown,4.71667,7.08333
46240,Okwori Terminal,FPSO Sendje Berge,NG OKW,Nigeria,Nigeria,Gulf of Guinea; North Atlantic Ocean,Very Small,Open Roadstead,,,23.2,,Unknown,Unknown,Unknown,Unknown,Unknown,3.85,6.98333
46208,Onne, ,NGONN,Nigeria,Nigeria,Gulf of Guinea; North Atlantic Ocean,Very Small,River (Natural),305.0,12.0,9.2,12.5,Unknown,Unknown,Unknown,Limited,Unknown,4.68333,7.15
46200,Pennington Oil Terminal, ,NG PEN,Nigeria,Nigeria,Gulf of Guinea; North Atlantic Ocean,Large,Open Roadstead,,,,,Unknown,Unknown,Unknown,,Unknown,4.25,5.61667
46210,Port Harcourt,Harcourt,NGPHC,Nigeria,Nigeria,Gulf of Guinea; North Atlantic Ocean,Very Small,River (Natural),199.9,8.9,11.5,10.9,Yes,Yes,Medium,Moderate,Unknown,4.76667,7.0
46195,Qua Iboe Oil Terminal,Kwa Ibo,NGQIB,Nigeria,Nigeria,Gulf of Guinea; North Atlantic Ocean,Very Small,Open Roadstead,,,25.9,,Unknown,Unknown,Unknown,,Unknown,4.23333,8.03333
46150,Sapele, ,NG SPL,Nigeria,Nigeria,Bight of Benin; Gulf of Guinea; North Atlantic Ocean,Very Small,River (Natural),170.0,6.4,4.9,10.5,Yes,Yes,Unknown,,Unknown,5.9,5.68333
46180,Sea Eagle Terminal, , ,Nigeria,Nigeria,Gulf of Guinea; North Atlantic Ocean,Very Small,Open Roadstead,,,23.2,,Unknown,Unknown,Unknown,,Unknown,4.8,5.31667
46131,Tin Can Island, ,NG TIN,Nigeria,Nigeria,Bight of Benin; Gulf of Guinea; North Atlantic Ocean,Small,River (Natural),300.0,13.5,,10.5,Yes,Yes,,Moderate,Unknown,6.43444,3.34869
46170,Warri, ,NG WAR,Nigeria,Nigeria,Bight of Benin; Gulf of Guinea; North Atlantic Ocean,Very Small,River (Natural),250.0,6.4,6.4,6.6,Unknown,Unknown,Small,Limited,Small,5.51667,5.73333
46178,Yoho Terminal,FSPO Yoho, ,Nigeria,Nigeria,Gulf of Guinea; North Atlantic Ocean,Very Small,Open Roadstead,,,23.2,,Unknown,Unknown,Unknown,,Unknown,4.01667,7.46667
55695,Alofi, ,NU ALO,Niue,Niue,South Pacific Ocean,Very Small,Coastal (Natural),,,23.2,1.8,Unknown,Unknown,Unknown,Emergency Only,Unknown,-19.03333,-169.93333
55500,Kingston, , ,Norfolk Island,Norfolk Island,South Pacific Ocean,Very Small,Open Roadstead,,,1.8,1.0,Unknown,Unknown,Unknown,Unknown,Unknown,-29.06667,167.95
60470,Ch'aho,Shako, ,North Korea,North Korea Continued,Sea of Japan; North Pacific Ocean,Very Small,Coastal (Breakwater),,,7.9,9.4,Unknown,Unknown,Small,Unknown,Unknown,40.2,128.65
60500,Ch'ongjin, ,KP CHO,North Korea,North Korea Continued,Sea of Japan; North Pacific Ocean,Small,Coastal (Natural),,,17.1,7.9,Unknown,Unknown,Medium,Moderate,Small,41.76667,129.81667
60310,Haeju Hang,Haeju,KP HAE,North Korea,North Korea,Yellow Sea; North Pacific Ocean,Small,Coastal (Breakwater),,,3.4,3.4,Unknown,Unknown,Small,Limited,Unknown,38.0,125.7
60450,Hungnam,Konan,KP HGM,North Korea,North Korea Continued,Sea of Japan; North Pacific Ocean,Small,Coastal (Breakwater),,7.6,14.0,6.4,Unknown,Unknown,Medium,Limited,Unknown,39.83333,127.61667
60480,Kimch'aek,Songjin,KP SON,North Korea,North Korea Continued,Sea of Japan; North Pacific Ocean,Very Small,Open Roadstead,,,17.1,9.4,Unknown,Unknown,Small,Unknown,Unknown,40.66667,129.2
60290,Kyomip'o,Songnim,KP SGN,North Korea,North Korea,Korea Bay; Yellow Sea; North Pacific Ocean,Very Small,River (Natural),,,9.4,,Unknown,Unknown,Unknown,Unknown,Unknown,38.73333,125.61667
60510,Najin,Rashin,KP RJN,North Korea,North Korea Continued,Sea of Japan; North Pacific Ocean,Small,River (Basins),,,20.1,9.4,Unknown,Unknown,Medium,Moderate,Medium,42.23333,130.3
60280,Nampo,Chinnampo,KP NAM,North Korea,North Korea,Korea Bay; Yellow Sea; North Pacific Ocean,Small,River (Natural),,,21.6,12.5,Unknown,Unknown,Medium,Limited,Medium,38.71667,125.4
60520,Senbong,Uki, ,North Korea,North Korea Continued,Sea of Japan; North Pacific Ocean,Small,Coastal (Natural),,,23.2,23.2,Unknown,Unknown,Small,Unknown,Unknown,42.33333,130.4
60440,Wonsan, ,KP WON,North Korea,North Korea Continued,Sea of Japan; North Pacific Ocean,Small,Coastal (Natural),,,11.0,4.9,Unknown,Unknown,Medium,Limited,Unknown,39.16667,127.45
56540,Rota, ,MP ROP,Northern Mariana Islands,Northern Mariana Is,North Pacific Ocean,Very Small,Open Roadstead,,,23.2,1.8,Unknown,Unknown,Small,Limited,Unknown,14.13333,145.15
56520,Saipan, ,MP SPN,Northern Mariana Islands,Northern Mariana Is,North Pacific Ocean,Small,Coastal (Natural),,,9.4,4.9,Unknown,Unknown,Unknown,,Unknown,15.2,145.68333
56530,Tinian, ,MP TIQ,Northern Mariana Islands,Northern Mariana Is,North Pacific Ocean,Very Small,Coastal (Breakwater),,,7.9,7.9,Unknown,Unknown,Unknown,Emergency Only,Unknown,14.96667,145.61667
23465,Akrahamn, ,NO AKM,Norway,Norway,North Sea; North Atlantic Ocean,Very Small,Coastal (Breakwater),,,14.0,1.8,Unknown,Unknown,Unknown,Limited,Unknown,59.26667,5.18333
23120,Alesund,Aalesund,NO AES,Norway,Norway,Norwegian Sea; North Atlantic Ocean,Small,Coastal (Breakwater),,12.1,4.9,3.4,Yes,Yes,Unknown,Limited,Small,62.46667,6.16667
21130,Alta, ,NO ALF,Norway,Norway,Norwegian Sea; North Atlantic Ocean,Very Small,Coastal (Natural),250.0,9.2,,9.4,Yes,Yes,Unknown,Unknown,Unknown,69.97333,23.23528
23111,Andalsnes, ,NO AND,Norway,Norway,Norwegian Sea; North Atlantic Ocean,Very Small,Coastal (Natural),,,,9.4,Unknown,Unknown,Unknown,Unknown,Unknown,62.56806,7.67722
21660,Andenes, ,NO ADN,Norway,Norway,Norwegian Sea; North Atlantic Ocean,Very Small,Open Roadstead,,6.0,4.9,4.9,Yes,No,Small,Limited,Unknown,69.32833,16.12778
23136,Ardalstangen, ,NO ARD,Norway,Norway,Norwegian Sea; North Atlantic Ocean,Very Small,River (Natural),,,23.2,7.9,Unknown,Unknown,Unknown,Unknown,Unknown,61.23278,7.69861
23600,Arendal, ,NO ARE,Norway,Norway,Skagerrak; North Atlantic Ocean,Small,Coastal (Breakwater),260.0,11.0,21.6,4.9,Yes,Yes,Large,Limited,Unknown,58.45389,8.77694
21840,Ballstad, ,NO BSD,Norway,Norway,Norwegian Sea; North Atlantic Ocean,Very Small,Coastal (Natural),,,6.4,9.4,Unknown,Unknown,Small,Limited,Unknown,68.06667,13.7
20695,Batsfjord, ,NO BJF,Norway,Norway,Barents Sea; Arctic Ocean,Small,Coastal (Natural),,8.3,,4.9,No,No,Unknown,Limited,Small,70.63472,29.73722
23020,Berg, ,NO BER,Norway,Norway,Norwegian Sea; North Atlantic Ocean,Very Small,Coastal (Natural),,,4.9,9.4,Unknown,Unknown,Unknown,,Unknown,65.36528,12.19667
23160,Bergen, ,NO BGO,Norway,Norway,North Sea; North Atlantic Ocean,Medium,Coastal (Natural),,12.0,23.2,11.0,Yes,Yes,Small,Major,Medium,60.40278,5.29861
20710,Berlevag, ,NO BVG,Norway,Norway,Barents Sea; Arctic Ocean,Very Small,Open Roadstead,,5.0,,4.9,No,No,Unknown,Limited,Unknown,70.86167,29.11194
22290,Bodo, ,NO BOO,Norway,Norway,Norwegian Sea; North Atlantic Ocean,Very Small,Coastal (Breakwater),,8.3,20.1,3.4,Yes,Yes,Small,Limited,Unknown,67.28556,14.36417
23180,Brattholmen, ,NO NZG,Norway,Norway,North Sea; North Atlantic Ocean,Very Small,Coastal (Natural),,,23.2,3.4,Unknown,Unknown,Unknown,Unknown,Unknown,60.34861,5.1775
20940,Bredvik, , ,Norway,Norway,Norwegian Sea; North Atlantic Ocean,Very Small,Coastal (Natural),,,,4.9,Unknown,Unknown,Small,,Unknown,70.58333,22.13333
21920,Brettesnes, ,NO BTS,Norway,Norway,Norwegian Sea; North Atlantic Ocean,Very Small,Coastal (Natural),,,,6.4,Unknown,Unknown,Unknown,Limited,Unknown,68.23333,14.85
23660,Brevik, ,NO BVK,Norway,Norway,Skagerrak; North Atlantic Ocean,Small,Coastal (Natural),,,11.0,9.4,Unknown,Unknown,Small,Moderate,Unknown,59.06667,9.7
22990,Bronnoysund, ,NO BNN,Norway,Norway,Norwegian Sea; North Atlantic Ocean,Very Small,Coastal (Natural),,6.0,,4.9,No,No,Unknown,Limited,Unknown,65.46806,12.19611
23107,Bud, , ,Norway,Norway,Norwegian Sea; North Atlantic Ocean,Very Small,Coastal (Breakwater),,,,4.9,Unknown,Unknown,Unknown,Limited,Unknown,62.9,6.91667
23058,Djupviken, , ,Norway,Norway,Norwegian Sea; North Atlantic Ocean,Small,Coastal (Natural),,,9.4,4.9,Unknown,Unknown,Unknown,Limited,Unknown,63.78778,11.42722
22120,Drag, ,NO DRG,Norway,Norway,Norwegian Sea; North Atlantic Ocean,Very Small,Coastal (Natural),,,,3.4,Unknown,Unknown,Unknown,Unknown,Unknown,68.05,16.08333
23780,Drammen, ,NO DRM,Norway,Norway,Skagerrak; North Atlantic Ocean,Medium,Coastal (Breakwater),250.0,,9.4,6.4,Yes,Yes,Large,Moderate,Unknown,59.73333,10.25
23820,Drobak, ,NO DRK,Norway,Norway,Skagerrak; North Atlantic Ocean,Very Small,Coastal (Breakwater),,,11.0,3.4,Unknown,Unknown,Unknown,Unknown,Unknown,59.66056,10.625
23490,Egersund, ,NO EGE,Norway,Norway,North Sea; North Atlantic Ocean,Very Small,River (Natural),135.0,8.7,3.4,3.4,Yes,Yes,Small,Limited,Unknown,58.43861,5.98639
23455,Espevaer, , ,Norway,Norway,North Sea; North Atlantic Ocean,Very Small,Coastal (Natural),,,,6.4,Unknown,Unknown,Unknown,Limited,Unknown,59.58333,5.15
23817,Fagerstrand, ,NO FAX,Norway,Norway,Skagerrak; North Atlantic Ocean,Small,Open Roadstead,160.0,10.3,,,Unknown,No,Unknown,Unknown,Unknown,59.73306,10.58472
23520,Farsund, ,NO FAN,Norway,Norway,North Sea; North Atlantic Ocean,Very Small,Coastal (Natural),400.0,15.0,23.2,4.9,Yes,No,Small,Limited,Unknown,58.08467,6.79533
22320,Fauske, ,NO FAU,Norway,Norway,Norwegian Sea; North Atlantic Ocean,Very Small,Coastal (Natural),,6.8,,6.4,No,No,Unknown,Unknown,Unknown,67.25,15.39889
23065,Fiborgtangen, ,NOSKX,Norway,Norway,Norwegian Sea; North Atlantic Ocean,Unknown, ,200.0,8.2,,,No,No,Unknown,Unknown,Unknown,63.71764,11.14797
21490,Finnsnes, ,NO FNE,Norway,Norway,Norwegian Sea; North Atlantic Ocean,Very Small,Coastal (Natural),,,9.4,6.4,Yes,Yes,Small,Limited,Unknown,69.23333,17.96667
23510,Flekkefjorden, ,NO FFD,Norway,Norway,North Sea; North Atlantic Ocean,Small,River (Basins),,7.5,7.9,4.9,No,No,Small,Limited,Unknown,58.26417,6.65528
23130,Floro, ,NO FRO,Norway,Norway,Norwegian Sea; North Atlantic Ocean,Very Small,Coastal (Breakwater),250.0,,,6.4,Yes,Yes,Small,Moderate,Unknown,61.60389,5.03083
23840,Fredrikstad, ,NO FRK,Norway,Norway,Skagerrak; North Atlantic Ocean,Small,River (Natural),,,4.9,3.4,Unknown,Unknown,Small,Moderate,Medium,59.17917,10.95278
21380,Gibostad, ,NO GBD,Norway,Norway,Norwegian Sea; North Atlantic Ocean,Very Small,Coastal (Natural),,,,7.9,Unknown,Unknown,Small,Limited,Unknown,69.35611,18.08194
22540,Glomfjord, ,NO GLO,Norway,Norway,Norwegian Sea; North Atlantic Ocean,Very Small,Coastal (Natural),200.0,10.5,23.2,6.4,Yes,Yes,Unknown,,Unknown,66.8075,13.98028
23170,Haakonsvern, ,NO HKS,Norway,Norway,North Sea; North Atlantic Ocean,Unknown, ,,,,,Unknown,Unknown,Unknown,Unknown,Unknown,60.33316,5.23531
23850,Halden, ,NO HAL,Norway,Norway,Skagerrak; North Atlantic Ocean,Small,River (Natural),,7.0,6.4,4.9,Yes,Yes,Small,Limited,Unknown,59.11667,11.38333
20920,Hammerfest, ,NO HFT,Norway,Norway,Norwegian Sea; North Atlantic Ocean,Medium,Coastal (Natural),300.0,11.0,23.2,3.4,Yes,Yes,Unknown,Limited,Unknown,70.66667,23.66667
23112,Hareid, ,NO HRI,Norway,Norway,Norwegian Sea; North Atlantic Ocean,Very Small,Coastal (Breakwater),150.0,8.7,,4.9,Yes,Yes,Unknown,Unknown,Unknown,62.37222,6.03556
23108,Haroysund, ,NO HRS,Norway,Norway,Norwegian Sea; North Atlantic Ocean,Small,Coastal (Natural),,,,6.4,Unknown,Unknown,Small,Limited,Unknown,62.89111,6.95806
21610,Harstad, ,NO HRD,Norway,Norway,Norwegian Sea; North Atlantic Ocean,Medium,Coastal (Natural),,,23.2,7.9,Unknown,Unknown,Unknown,Major,Medium,68.8,16.55
23440,Haugesund,Karmsund,NO HAU,Norway,Norway,North Sea; North Atlantic Ocean,Small,Coastal (Natural),362.0,15.0,11.0,4.9,Yes,Yes,Unknown,Limited,Medium,59.41222,5.25361
22790,Hemnesberget, ,NO HNE,Norway,Norway,Norwegian Sea; North Atlantic Ocean,Very Small,Coastal (Natural),,,,14.0,Unknown,Unknown,Unknown,Unknown,Unknown,66.23333,13.61667
21880,Henningsvaer, ,NO HEN,Norway,Norway,Norwegian Sea; North Atlantic Ocean,Very Small,Open Roadstead,,,17.1,9.4,Unknown,Unknown,Small,Limited,Unknown,68.15361,14.21278
23760,Holmestrand, ,NO HOL,Norway,Norway,Skagerrak; North Atlantic Ocean,Very Small,Coastal (Breakwater),,6.8,20.1,3.4,Yes,No,Small,Limited,Unknown,59.49056,10.32667
23080,Hommelvik, ,NO HOK,Norway,Norway,Norwegian Sea; North Atlantic Ocean,Very Small,Coastal (Natural),,4.1,,4.9,Yes,No,Small,Limited,Unknown,63.41667,10.8
20800,Honningsvag, ,NO HVG,Norway,Norway,Barents Sea; Arctic Ocean,Small,Coastal (Natural),,,,6.4,No,No,Unknown,Limited,Unknown,70.98259,25.95006
23750,Horten, ,NO HOR,Norway,Norway,Skagerrak; North Atlantic Ocean,Medium,Coastal (Natural),,8.5,9.4,6.4,No,No,Medium,Major,Medium,59.41667,10.5
23355,Husnes, ,NO HUS,Norway,Norway,North Sea; North Atlantic Ocean,Very Small,Coastal (Breakwater),199.9,,,9.4,Yes,No,Unknown,Limited,Unknown,59.8775,5.76222
23503,Jossingfjord, ,NOJOS,Norway,Norway,North Sea; North Atlantic Ocean,Unknown, ,,,,,No,No,Unknown,Unknown,Unknown,58.31491,6.3332
23829,Kambo, ,NO KMO,Norway,Norway,Skagerrak; North Atlantic Ocean,Very Small,Coastal (Natural),,,4.9,9.4,Unknown,Unknown,Medium,Limited,Unknown,59.47306,10.67972
23451,Karsto, ,NO KAR,Norway,Norway,North Sea; North Atlantic Ocean,Medium,Open Roadstead,,,23.2,11.0,Unknown,Unknown,Unknown,Limited,Medium,59.26667,5.51667
23505,Kirkehamn,Kirkjehamn,NO KIR,Norway,Norway,North Sea; North Atlantic Ocean,Very Small,Coastal (Breakwater),,,3.4,,Unknown,Unknown,Unknown,Unknown,Unknown,58.23139,6.52722
20650,Kirkenes, ,NO KKN,Norway,Norway,Barents Sea; Arctic Ocean,Small,Coastal (Natural),210.0,10.7,23.2,4.9,Yes,Yes,Unknown,,Unknown,69.72972,30.06889
22270,Kjerringoy, ,NO KJE,Norway,Norway,Norwegian Sea; North Atlantic Ocean,Very Small,Coastal (Natural),,,,3.4,Unknown,Unknown,Unknown,Unknown,Unknown,67.5225,14.75972
20740,Kjollefjorden, ,NO KJF,Norway,Norway,Barents Sea; Arctic Ocean,Very Small,Coastal (Natural),,6.2,,4.9,No,No,Unknown,Unknown,Unknown,70.95,27.33333
23450,Kopervik, ,NO KOP,Norway,Norway,North Sea; North Atlantic Ocean,Very Small,Open Roadstead,,,4.9,4.9,Unknown,Unknown,Unknown,Limited,Medium,59.28333,5.31667
22140,Korsnes, , ,Norway,Norway,Norwegian Sea; North Atlantic Ocean,Very Small,Coastal (Natural),,,,1.8,Unknown,Unknown,Unknown,Unknown,Unknown,68.25194,16.06167
23640,Kragero, ,NO KRA,Norway,Norway,Skagerrak; North Atlantic Ocean,Very Small,Coastal (Breakwater),,9.0,15.5,6.4,Yes,No,Unknown,Limited,Small,58.86361,9.41306
23550,Kristiansand, ,NO KRS,Norway,Norway,Skagerrak; North Atlantic Ocean,Small,Coastal (Natural),200.0,10.9,4.9,4.9,Yes,Yes,Medium,Major,Large,58.13889,8.01278
23100,Kristiansund, ,NO KSU,Norway,Norway,Norwegian Sea; North Atlantic Ocean,Small,Coastal (Natural),,9.8,11.0,3.4,Yes,Yes,Large,Limited,Large,63.11389,7.73861
20910,Kvalsund, ,NO KVS,Norway,Norway,Norwegian Sea; North Atlantic Ocean,Very Small,Coastal (Natural),,6.0,12.5,4.9,No,No,Unknown,Unknown,Unknown,70.50694,23.98333
22295,Lakselv, ,NO LVG,Norway,Norway,Norwegian Sea; North Atlantic Ocean,Small,Coastal (Natural),,,11.0,3.4,No,No,Unknown,,Unknown,67.35778,15.59222
23070,Langstein, ,NO LGS,Norway,Norway,Norwegian Sea; North Atlantic Ocean,Very Small,Coastal (Natural),,,,6.4,Unknown,Unknown,Small,Unknown,Unknown,63.54861,10.89
23700,Larvik,Laurvik,NO LAR,Norway,Norway,Skagerrak; North Atlantic Ocean,Small,Coastal (Breakwater),250.0,10.0,23.2,4.9,Yes,Yes,Medium,Limited,Unknown,59.03806,10.03111
23340,Leirvik, ,NO LRI,Norway,Norway,North Sea; North Atlantic Ocean,Very Small,Coastal (Natural),,,,4.9,Yes,No,Small,Limited,Small,59.75833,5.49667
23060,Levanger, ,NO LEV,Norway,Norway,Norwegian Sea; North Atlantic Ocean,Very Small,River (Natural),,,3.4,3.4,Unknown,Unknown,Unknown,Limited,Unknown,63.75472,11.29333
22010,Lilandsgrunnen, ,NO LID,Norway,Norway,Norwegian Sea; North Atlantic Ocean,Very Small,Coastal (Natural),,,,6.4,Unknown,Unknown,Unknown,Unknown,Unknown,68.47806,16.89056
22050,Litle Ballangen, ,NO BLL,Norway,Norway,Norwegian Sea; North Atlantic Ocean,Very Small,Coastal (Natural),,,9.4,7.9,Unknown,Unknown,Unknown,Unknown,Unknown,68.34861,16.87278
21950,Lodingen, ,NO LOD,Norway,Norway,Norwegian Sea; North Atlantic Ocean,Very Small,Coastal (Natural),,6.0,,1.8,No,Yes,Unknown,Limited,Unknown,68.41667,16.0
23053,Malm, ,NO MLM,Norway,Norway,Norwegian Sea; North Atlantic Ocean,Very Small,River (Natural),,,11.0,1.8,Unknown,Unknown,Unknown,,Unknown,64.06722,11.2275
23125,Maloy,Maaloy,NO MAY,Norway,Norway,Norwegian Sea; North Atlantic Ocean,Small,Coastal (Natural),178.5,8.2,23.2,11.0,Yes,Yes,Unknown,Limited,Unknown,61.93333,5.11667
23530,Mandal, ,NO MAN,Norway,Norway,North Sea; North Atlantic Ocean,Very Small,River (Natural),,,11.0,4.9,Yes,No,Small,Moderate,Unknown,58.01667,7.46667
21495,Medby, , ,Norway,Norway,Norwegian Sea; North Atlantic Ocean,Very Small,Coastal (Natural),,,,9.4,Unknown,Unknown,Unknown,Unknown,Unknown,68.90889,17.72833
20730,Mehamnfjorden,Mehamn,NOMEH,Norway,Norway,Barents Sea; Arctic Ocean,Unknown, ,,6.0,,,No,No,Unknown,Unknown,Unknown,71.04135,27.83534
23300,Meling, , ,Norway,Norway,North Sea; North Atlantic Ocean,Very Small,Coastal (Natural),,,,1.8,Unknown,Unknown,Unknown,Unknown,Unknown,59.78333,5.11667
22760,Mo I Rana, ,NOMQN,Norway,Norway,Norwegian Sea; North Atlantic Ocean,Small,Open Roadstead,260.0,,23.2,6.4,Yes,Yes,Medium,Limited,Unknown,66.32444,14.12222
23110,Molde, ,NO MOL,Norway,Norway,Norwegian Sea; North Atlantic Ocean,Small,Coastal (Natural),139.5,11.0,23.2,11.0,Yes,Yes,Small,Moderate,Unknown,62.73333,7.16667
23115,Moldtustranda, ,NO MLT,Norway,Norway,Norwegian Sea; North Atlantic Ocean,Very Small,Coastal (Natural),,,,3.4,Unknown,Unknown,Unknown,Unknown,Unknown,62.3,5.65
23138,Mongstad, ,NO MON,Norway,Norway,North Sea; North Atlantic Ocean,Medium,Open Roadstead,380.0,25.0,23.2,6.4,Yes,No,Unknown,Limited,Medium,60.83083,5.03667
22920,Mosjoen, ,NO MJF,Norway,Norway,Norwegian Sea; North Atlantic Ocean,Very Small,River (Natural),199.9,11.5,4.9,4.9,Yes,Yes,Small,Limited,Unknown,65.85889,13.17083
23830,Moss, ,NO MSS,Norway,Norway,Skagerrak; North Atlantic Ocean,Small,Coastal (Natural),,11.0,11.0,7.9,Yes,Yes,Large,Limited,Medium,59.44056,10.65528
23310,Mosterhamn, ,NO MOS,Norway,Norway,North Sea; North Atlantic Ocean,Very Small,Coastal (Natural),,,14.0,3.4,Unknown,Unknown,Unknown,Unknown,Unknown,59.69889,5.39111
23075,Muruvik, ,NO MRV,Norway,Norway,Norwegian Sea; North Atlantic Ocean,Very Small,Coastal (Natural),,5.7,,7.9,Yes,No,Unknown,,Unknown,63.44139,10.84139
23050,Namsos, ,NO OSY,Norway,Norway,Norwegian Sea; North Atlantic Ocean,Small,Coastal (Natural),250.0,15.5,17.1,9.4,Yes,No,Small,Limited,Unknown,64.45833,11.50944
22030,Narvik, ,NO NVK,Norway,Norway,Norwegian Sea; North Atlantic Ocean,Very Small,Coastal (Breakwater),,,23.2,3.4,Unknown,Unknown,Medium,Limited,Unknown,68.42111,17.40222
22770,Nesna, ,NONSN,Norway,Norway,Norwegian Sea; North Atlantic Ocean,Unknown, ,,4.7,,,No,No,Unknown,Unknown,Unknown,66.20099,13.01014
23230,Norheimsund, ,NO NHS,Norway,Norway,North Sea; North Atlantic Ocean,Very Small,River (Basins),,,,11.0,Unknown,Unknown,Unknown,Unknown,Unknown,60.36611,6.15389
23240,Odda, ,NO ODD,Norway,Norway,North Sea; North Atlantic Ocean,Very Small,River (Basins),154.5,8.8,14.0,6.4,Yes,No,Unknown,Limited,Unknown,60.09694,6.54111
21120,Oksfjord, ,NO OKF,Norway,Norway,Norwegian Sea; North Atlantic Ocean,Very Small,Coastal (Natural),,6.1,,9.4,Yes,No,Unknown,Unknown,Unknown,70.23333,22.35
21315,Olavsvern,Ramfjordnes,NO RMJ,Norway, ,Norwegian Sea; North Atlantic Ocean,Unknown, ,,,,,Unknown,Unknown,Unknown,Unknown,Unknown,69.52563,19.00755
23095,Orkanger,Thamshamm, ,Norway,Norway,Norwegian Sea; North Atlantic Ocean,Small,Coastal (Natural),,,23.2,7.9,Unknown,Unknown,Unknown,Limited,Unknown,63.31667,9.85
22520,Ornes, ,NO SVI,Norway,Norway,Norwegian Sea; North Atlantic Ocean,Very Small,Coastal (Natural),,,23.2,9.4,Unknown,Unknown,Unknown,Unknown,Unknown,66.86472,13.70694
23118,Orstav, ,NO ORS,Norway,Norway,Norwegian Sea; North Atlantic Ocean,Small,Coastal (Natural),,,23.2,4.9,Unknown,Unknown,Unknown,Unknown,Unknown,62.19611,6.11444
23810,Oslo,Christiana,NO OSL,Norway,Norway,Skagerrak; North Atlantic Ocean,Large,Coastal (Natural),360.0,12.0,11.0,4.9,Yes,Yes,Large,Major,Unknown,59.89806,10.74556
23670,Porsgrunn, ,NO POR,Norway,Norway,Skagerrak; North Atlantic Ocean,Small,River (Natural),,,7.9,11.0,Unknown,Unknown,Small,Major,Small,59.14722,9.65389
21820,Reine, ,NO REI,Norway,Norway,Norwegian Sea; North Atlantic Ocean,Very Small,Coastal (Natural),,,4.9,3.4,Unknown,Unknown,Small,Limited,Unknown,67.93861,13.10167
23500,Rekefjord, ,NO REK,Norway,Norway,North Sea; North Atlantic Ocean,Very Small,River (Natural),,5.6,17.1,4.9,Yes,No,Unknown,Unknown,Unknown,58.32583,6.25833
23630,Risor, ,NO RIS,Norway,Norway,Skagerrak; North Atlantic Ocean,Very Small,Coastal (Natural),,8.5,11.0,7.9,No,No,Medium,Limited,Small,58.72194,9.24528
22350,Rognan, ,NO ROG,Norway,Norway,Norwegian Sea; North Atlantic Ocean,Very Small,Coastal (Natural),,,,3.4,Unknown,Unknown,Unknown,Unknown,Unknown,67.10861,15.39778
23040,Rorvik, ,NO RVK,Norway,Norway,Norwegian Sea; North Atlantic Ocean,Very Small,Coastal (Natural),,6.0,,7.9,Yes,Yes,Unknown,Limited,Unknown,64.86472,11.25194
23330,Sagvag, , ,Norway,Norway,North Sea; North Atlantic Ocean,Very Small,Coastal (Natural),,,7.9,11.0,Unknown,Unknown,Small,Limited,Unknown,59.77167,5.37889
23046,Salsbruket, ,NO SBU,Norway,Norway,Norwegian Sea; North Atlantic Ocean,Small,Coastal (Natural),,,,6.4,Unknown,Unknown,Unknown,Unknown,Unknown,64.79778,11.86028
23710,Sandefjorden, ,NOSAD,Norway,Norway,Skagerrak; North Atlantic Ocean,Small,River (Basins),,8.0,14.0,3.4,No,No,Medium,Limited,Unknown,59.10056,10.23306
23470,Sandnes, ,NO SAS,Norway,Norway,North Sea; North Atlantic Ocean,Very Small,River (Basins),198.0,11.0,4.9,4.9,No,Yes,Small,Limited,Unknown,58.87333,5.75278
22750,Sandnessjoen, ,NO SSJ,Norway,Norway,Norwegian Sea; North Atlantic Ocean,Very Small,Coastal (Natural),,8.0,,11.0,Yes,Yes,Unknown,Limited,Unknown,66.02639,12.62944
23835,Sarpsborg, ,NO SPG,Norway,Norway,Skagerrak; North Atlantic Ocean,Very Small,River (Natural),,,4.9,4.9,Unknown,Unknown,Small,Limited,Unknown,59.26667,11.1
23460,Sauda, ,NO SAU,Norway,Norway,North Sea; North Atlantic Ocean,Very Small,Coastal (Natural),200.0,,,3.4,Yes,No,Unknown,Limited,Unknown,59.63694,6.34111
21510,Sjovegan, ,NO SJV,Norway,Norway,Norwegian Sea; North Atlantic Ocean,Very Small,Coastal (Natural),,,23.2,4.9,Unknown,Unknown,Unknown,Unknown,Unknown,68.87361,17.82861
23680,Skien, ,NO SKE,Norway,Norway,Skagerrak; North Atlantic Ocean,Small,River (Natural),,,6.4,6.4,Unknown,Unknown,Unknown,Major,Small,59.19972,9.60361
21910,Skrova Havn, ,NO SRO,Norway,Norway,Norwegian Sea; North Atlantic Ocean,Very Small,Coastal (Natural),,,,6.4,Unknown,Unknown,Unknown,Unknown,Unknown,68.16583,14.66417
23485,Skudeneshavn, ,NO SKU,Norway,Norway,North Sea; North Atlantic Ocean,Very Small,Coastal (Breakwater),,,6.4,4.9,Unknown,Unknown,Small,Limited,Unknown,59.14333,5.25833
23736,Slagenstangen,Slagen,NOSEG,Norway,Norway,Skagerrak; North Atlantic Ocean,Very Small,Open Roadstead,350.0,19.0,23.2,,No,No,Unknown,Major,Unknown,59.32778,10.51944
21670,Sortland, ,NO SLX,Norway,Norway,Norwegian Sea; North Atlantic Ocean,Very Small,Coastal (Natural),,7.5,9.4,4.9,No,No,Unknown,Unknown,Unknown,68.69694,15.42194
20930,Sorvaer, ,NO SVR,Norway,Norway,Norwegian Sea; North Atlantic Ocean,Very Small,Coastal (Natural),,,11.0,3.4,Unknown,Unknown,Unknown,Unknown,Unknown,70.62722,21.96472
21870,Stamsund, ,NO SUZ,Norway,Norway,Norwegian Sea; North Atlantic Ocean,Very Small,Coastal (Natural),,6.1,4.9,6.4,No,No,Small,Limited,Unknown,68.12111,13.84889
23480,Stavanger, ,NO SVG,Norway,Norway,North Sea; North Atlantic Ocean,Medium,Coastal (Breakwater),,20.0,23.2,7.9,Yes,Yes,Unknown,Moderate,Large,58.96667,5.75
23055,Steinkjer, ,NO STE,Norway,Norway,Norwegian Sea; North Atlantic Ocean,Very Small,Coastal (Natural),,,7.9,6.4,Unknown,Unknown,Unknown,Unknown,Unknown,64.01,11.47861
21690,Stokkmarknes, ,NO SKN,Norway,Norway,Norwegian Sea; North Atlantic Ocean,Very Small,Coastal (Breakwater),,,4.9,7.9,Unknown,Unknown,Unknown,Unknown,Unknown,68.56667,14.91667
23790,Storsteilene,Storesteilene, ,Norway,Norway,Skagerrak; North Atlantic Ocean,Very Small,Coastal (Natural),,,,,Unknown,Unknown,Unknown,Unknown,Unknown,59.81667,10.6075
23220,Strandvik, , ,Norway,Norway,North Sea; North Atlantic Ocean,Very Small,Coastal (Natural),,,,7.9,Unknown,Unknown,Unknown,Unknown,Unknown,60.15861,5.67778
23139,Stura, ,NO STU,Norway,Norway,North Sea; North Atlantic Ocean,Very Small,Open Roadstead,,,23.2,,Unknown,Unknown,Unknown,Limited,Unknown,60.62222,4.86333
23525,Stusvik, , ,Norway,Norway,North Sea; North Atlantic Ocean,Very Small,Coastal (Breakwater),,,,6.4,Unknown,Unknown,Unknown,Unknown,Unknown,58.00444,7.03417
23105,Sunndalsora, ,NO SUN,Norway,Norway,Norwegian Sea; North Atlantic Ocean,Very Small,River (Basins),200.0,11.0,23.2,9.4,Yes,Yes,Unknown,Limited,Unknown,62.68333,8.55
23770,Svelvik, ,NO SVV,Norway,Norway,Skagerrak; North Atlantic Ocean,Very Small,Coastal (Natural),,6.7,9.4,3.4,Yes,No,Small,Limited,Unknown,59.62028,10.41139
21900,Svolvaer, ,NO SVJ,Norway,Norway,Norwegian Sea; North Atlantic Ocean,Small,Coastal (Natural),158.0,9.1,,1.8,Yes,No,Unknown,Limited,Medium,68.23333,14.58333
21140,Talvik, , ,Norway,Norway,Norwegian Sea; North Atlantic Ocean,Very Small,Coastal (Natural),,,,4.9,Unknown,Unknown,Unknown,Unknown,Unknown,70.03333,22.95
23487,Tananger, ,NO TAE,Norway,Norway,North Sea; North Atlantic Ocean,Very Small,Coastal (Breakwater),,,23.2,12.5,Unknown,Unknown,Unknown,Limited,Unknown,58.93,5.57083
22940,Tjotta, ,NO TJL,Norway,Norway,Norwegian Sea; North Atlantic Ocean,Very Small,Coastal (Natural),,,4.9,6.4,Unknown,Unknown,Unknown,Unknown,Unknown,65.82111,12.43333
23823,Tofte, ,NOHUR,Norway,Norway,Skagerrak; North Atlantic Ocean,Very Small,Coastal (Natural),200.0,6.8,,11.0,Yes,Yes,Unknown,Unknown,Unknown,59.54417,10.57056
23720,Tonsberg, ,NO TON,Norway,Norway,Skagerrak; North Atlantic Ocean,Very Small,Canal or Lake,,7.3,4.9,4.9,Yes,No,Large,Major,Small,59.26222,10.41
23195,Tranneset, , ,Norway,Norway,North Sea; North Atlantic Ocean,Small,Coastal (Natural),,,23.2,,Unknown,Unknown,Unknown,Moderate,Medium,60.41667,5.01667
22160,Tranoy, ,NO TRY,Norway,Norway,Norwegian Sea; North Atlantic Ocean,Very Small,Coastal (Natural),,,7.9,,Unknown,Unknown,Unknown,Unknown,Unknown,68.18083,15.67361
21310,Tromso, ,NO TOS,Norway,Norway,Norwegian Sea; North Atlantic Ocean,Medium,Open Roadstead,,10.4,6.4,3.4,Yes,Yes,Medium,Moderate,Unknown,69.65,18.96667
23090,Trondheim, ,NO TRD,Norway,Norway,Norwegian Sea; North Atlantic Ocean,Medium,Coastal (Natural),193.9,10.5,6.4,7.9,Yes,Yes,Large,Limited,Large,63.44833,10.40167
23620,Tvedestrand, ,NO TVE,Norway,Norway,Skagerrak; North Atlantic Ocean,Small,River (Basins),16.7,,,6.4,Yes,No,Unknown,Limited,Unknown,58.61167,8.9425
21970,Ulvik, ,NO UVK,Norway,Norway,Norwegian Sea; North Atlantic Ocean,Very Small,River (Natural),,,,,No,No,Unknown,Unknown,Unknown,68.56083,16.23389
20690,Vadso, ,NO VDS,Norway,Norway,Barents Sea; Arctic Ocean,Small,Coastal (Breakwater),70.0,7.5,6.4,4.9,Yes,No,Unknown,Limited,Unknown,70.07222,29.74139
23140,Vaksdal, ,NO VAK,Norway,Norway,North Sea; North Atlantic Ocean,Small,River (Natural),,,23.2,,Unknown,Unknown,Unknown,Unknown,Unknown,60.47833,5.73278
23730,Valloy, ,NO VAL,Norway,Norway,Skagerrak; North Atlantic Ocean,Very Small,Open Roadstead,,,4.9,,Unknown,Unknown,Small,Unknown,Unknown,59.25806,10.49
20700,Vardo, ,NO VAO,Norway,Norway,Barents Sea; Arctic Ocean,Small,Coastal (Natural),154.0,9.0,17.1,6.4,Yes,Yes,Unknown,Limited,Unknown,70.37694,31.10556
48235,Duqm,Al Duqm,OM DQM,Oman,Oman,Arabian Sea; Indian Ocean,Medium,Coastal (Breakwater),400.0,18.0,19.0,18.0,Yes,Yes,Unknown,Major,Large,19.67325,57.71691
48259,Khawr Khasab, ,OM KHS,Oman,Oman,Strait of Hormuz; Indian Ocean,Small,Coastal (Natural),,,,4.0,Unknown,Unknown,Unknown,Unknown,Unknown,26.21667,56.23333
48255,Mina Al Fahl, ,OM MFH,Oman,Oman,Gulf of Oman; Indian Ocean,Small,Open Roadstead,,,,,No,No,Unknown,,Unknown,23.63333,58.51667
48250,Mina Qabus,Port Sultan Qaboos,OM STQ,Oman,Oman,Gulf of Oman; Indian Ocean,Very Small,Coastal (Breakwater),300.0,13.0,13.0,4.0,Yes,Yes,Unknown,Limited,Unknown,23.63333,58.58333
48230,Mina Raysut,Port Raysut; Salalah,OM SLL,Oman,Oman,Arabian Sea; Indian Ocean,Small,Coastal (Breakwater),400.0,17.5,18.5,18.0,Yes,Yes,Unknown,Limited,Unknown,16.95111,54.02917
48257,Port Of Sohar, ,OM SOH,Oman,Oman,Gulf of Oman; Indian Ocean,Small,Coastal (Breakwater),397.6,23.1,18.5,18.0,Yes,Yes,Unknown,Unknown,Unknown,24.51667,56.63333
48240,Qalhat Lng Terminal, ,OM QAL,Oman,Oman,Gulf of Oman; Indian Ocean,Very Small,Open Roadstead,,,,,Unknown,Unknown,Unknown,Unknown,Unknown,22.68333,59.4
48590,Gwadar, ,PK GWD,Pakistan,Pakistan,Arabian Sea; Indian Ocean,Medium,Coastal (Natural),189.9,10.2,14.0,14.5,Unknown,Unknown,Unknown,Unknown,Unknown,25.13333,62.3
48600,Karachi, ,PK KHI,Pakistan,Pakistan,Arabian Sea; Indian Ocean,Medium,Coastal (Natural),400.0,14.0,12.2,13.5,Yes,Yes,Large,Limited,Large,24.78333,66.98333
48605,Muhamamad Bin Qasim,Port Qasim,PK BQM,Pakistan,Pakistan,Arabian Sea; Indian Ocean,Small,Coastal (Natural),350.0,13.0,14.0,16.0,Yes,Yes,Unknown,Limited,Unknown,24.76667,67.35
56660,Malakal Harbor, , ,Palau, ,North Pacific Ocean,Very Small,Open Roadstead,,,12.5,6.4,Unknown,Unknown,Unknown,Limited,Unknown,7.33333,134.45
9830,Almirante, ,PAPAM,Panama,Panama East Coast,Caribbean Sea; North Atlantic Ocean,Very Small,Coastal (Natural),211.9,10.7,9.4,7.3,Unknown,Yes,Unknown,Limited,Small,9.3,-82.4
9875,Bahia De Las Minas,La Minas Bay,PAMNP,Panama,Panama East Coast,Caribbean Sea; North Atlantic Ocean,Small,River (Natural),236.0,12.2,12.5,6.4,Yes,Unknown,Small,Limited,Unknown,9.4,-79.81667
15410,Balboa, ,PABLB,Panama,Panama West Coast,Gulf of Panama; North Pacific Ocean,Medium,Canal or Lake,369.0,14.4,15.5,16.3,Yes,Yes,Medium,Major,Large,8.95,-79.56667
9840,Bocas Del Toro, ,PABOC,Panama,Panama East Coast,Caribbean Sea; North Atlantic Ocean,Very Small,Open Roadstead,,8.0,7.9,6.4,Yes,Unknown,Unknown,,Unknown,9.33333,-82.23333
15427,Charco Azul,Petroterminal De Panama,PA CHA,Panama,Panama West Coast,North Pacific Ocean,Very Small,Open Roadstead,339.8,22.5,,,Unknown,Unknown,,Limited,Unknown,8.21667,-82.86667
9825,Chiriqui Grande,Atlantic Terminal,PACHG,Panama,Panama East Coast,Caribbean Sea; North Atlantic Ocean,Very Small,Open Roadstead,169.3,10.0,7.9,11.0,Yes,Yes,Small,,Unknown,8.95,-82.11667
15445,Pedregal, ,PA PED,Panama,Panama West Coast,North Pacific Ocean,Small,River (Natural),,,3.4,3.3,Unknown,Unknown,,,Unknown,8.35,-82.43333
15460,Puerto Armuelles,Armuelles,PA AML,Panama,Panama West Coast,North Pacific Ocean,Small,Open Roadstead,,,,12.2,Yes,Unknown,,Moderate,Unknown,8.26667,-82.85
9865,Puerto Colon, ,PAONX,Panama,Panama East Coast,Caribbean Sea; North Atlantic Ocean,Medium,Coastal (Breakwater),369.0,15.2,12.5,12.5,Unknown,Yes,Small,,Unknown,9.36667,-79.88333
9860,Puerto Cristobal, ,PACTB,Panama,Panama East Coast,Caribbean Sea; North Atlantic Ocean,Medium,Coastal (Breakwater),366.4,13.5,12.5,12.5,Yes,Yes,Medium,Major,Small,9.35,-79.91667
9855,Punta Rincon, ,PAPRI,Panama, ,Caribbean Sea; North Atlantic Ocean,Unknown, ,230.1,13.0,,,Yes,Yes,Unknown,Unknown,Unknown,9.01667,-80.7
15423,Vacamonte, ,PAVAC,Panama,Panama West Coast,Gulf of Panama; North Pacific Ocean,Very Small,Open Roadstead,120.0,7.0,5.5,7.0,Unknown,Unknown,Unknown,Moderate,Unknown,8.86667,-79.66667
53165,Alotoa,Sanderson Bay,PGGUR,Papua New Guinea,New Guinea SE Coast,Solomon Sea; South Pacific Ocean,Very Small,Coastal (Natural),205.0,8.0,6.4,9.4,Unknown,Unknown,Unknown,,Unknown,-10.31667,150.45
56840,Bialla, ,PG BAA,Papua New Guinea,Bismarck Archipelago,Bismarck Sea; South Pacific Ocean,Very Small,Coastal (Natural),,,,,Unknown,Unknown,Unknown,Unknown,Unknown,-5.3,150.98333
53150,Daru, ,PGDAU,Papua New Guinea,New Guinea SE Coast,Coral Sea; South Pacific Ocean,Very Small,Open Roadstead,64.0,3.7,7.9,1.8,Unknown,Unknown,Unknown,Emergency Only,Unknown,-9.06667,143.2
53195,Discovery Bay, , ,Papua New Guinea,New Guinea SE Coast,Solomon Sea; South Pacific Ocean,Very Small,Coastal (Natural),,,11.0,11.0,Unknown,Unknown,Unknown,Emergency Only,Unknown,-10.41667,150.41667
56740,Hamburg Harbor, , ,Papua New Guinea,Bismarck Archipelago,South Pacific Ocean,Very Small,Coastal (Natural),,,12.5,7.9,Unknown,Unknown,Unknown,Unknown,Unknown,-1.63333,149.96667
56760,Kavieng Harbor, ,PG KVG,Papua New Guinea,Bismarck Archipelago,South Pacific Ocean,Small,Coastal (Natural),,,17.1,,Unknown,Unknown,Small,,Unknown,-2.58333,150.8
56855,Kieta, ,PG KIE,Papua New Guinea,Bismarck Archipelago,South Pacific Ocean,Small,Coastal (Natural),,,23.2,7.5,Unknown,Unknown,Unknown,Limited,Unknown,-6.21667,155.63333
56835,Kimbe, ,PG KIM,Papua New Guinea,Bismarck Archipelago,Bismarck Sea; South Pacific Ocean,Very Small,Coastal (Natural),,,,11.0,Unknown,Unknown,Unknown,,Unknown,-5.13333,150.53333
56820,Kokopo, , ,Papua New Guinea,Bismarck Archipelago,Bismarck Sea; South Pacific Ocean,Very Small,Open Roadstead,,,23.2,1.8,Unknown,Unknown,Unknown,Limited,Unknown,-4.33333,152.26667
53142,Kumul, ,PGKUL,Papua New Guinea,New Guinea SE Coast,Gulf of Papua; Coral Sea; South Pacific Ocean,Very Small,Open Roadstead,,,,,Unknown,Unknown,Unknown,,Unknown,-8.1,144.56667
53230,Lae, ,PG LAE,Papua New Guinea,New Guinea NE Coast,Solomon Sea; South Pacific Ocean,Very Small,Open Roadstead,211.9,14.1,11.0,14.0,Unknown,Yes,Unknown,,Unknown,-6.73333,147.0
56710,Longan Island, , ,Papua New Guinea,Bismarck Archipelago,South Pacific Ocean,Very Small,Coastal (Natural),,,11.0,1.8,Unknown,Unknown,Unknown,Unknown,Unknown,-1.21667,144.3
56730,Lorengau,Rengau,PG LOR,Papua New Guinea,Bismarck Archipelago,South Pacific Ocean,Very Small,Open Roadstead,,,,,Unknown,Unknown,Unknown,Unknown,Unknown,-2.01667,147.26667
53250,Madang, ,PG MAG,Papua New Guinea,New Guinea NE Coast,Bismarck Sea; South Pacific Ocean,Very Small,Coastal (Natural),190.0,,9.4,9.4,Unknown,Unknown,Medium,Limited,Unknown,-5.21667,145.81667
53206,Oro Bay, ,PG ROR,Papua New Guinea,New Guinea SE Coast,Solomon Sea; South Pacific Ocean,Very Small,Coastal (Natural),,,11.0,11.0,Unknown,Unknown,Unknown,Unknown,Unknown,-8.88333,148.48333
53160,Port Moresby, ,PG POM,Papua New Guinea,New Guinea SE Coast,Coral Sea; South Pacific Ocean,Small,Open Roadstead,211.0,14.5,9.4,9.4,Unknown,Unknown,Unknown,Limited,Medium,-9.46667,147.13333
56945,Queen Carola Harbor, , ,Papua New Guinea,Papua New Guinea,Solomon Sea; South Pacific Ocean,Very Small,Coastal (Natural),,,17.1,1.8,Unknown,Unknown,Unknown,Limited,Unknown,-5.16667,154.55
56810,Rabaul, ,PG RAB,Papua New Guinea,Bismarck Archipelago,Bismarck Sea; South Pacific Ocean,Small,Coastal (Natural),,,23.2,23.2,Unknown,Yes,Unknown,Limited,Unknown,-4.2,152.18333
53170,Samarai,Dinner Island,PGSQT,Papua New Guinea,New Guinea SE Coast,Coral Sea; South Pacific Ocean,Very Small,Coastal (Natural),,,7.9,7.9,Unknown,Unknown,Unknown,Limited,Unknown,-10.61667,150.66667
53190,Suloga Harbor, , ,Papua New Guinea,New Guinea SE Coast,Solomon Sea; South Pacific Ocean,Very Small,Coastal (Natural),,,23.2,,Unknown,Unknown,Unknown,Emergency Only,Unknown,-9.21667,152.76667
53282,Vanimo, ,PGVAI,Papua New Guinea,New Guinea NE Coast,South Pacific Ocean,Small,Coastal (Natural),80.0,8.0,9.4,4.9,Unknown,Unknown,Unknown,Unknown,Unknown,-2.68333,141.13333
56738,Wewak Harbor, ,PG WWK,Papua New Guinea,Bismarck Archipelago,Bismarck Sea; South Pacific Ocean,Small,Open Roadstead,150.0,,15.5,6.4,Unknown,Unknown,Unknown,,Unknown,-3.56667,143.63333
13250,Puerto De Asuncion,Puerto Asuncion,PY ASU,Paraguay,Paraguay,Rio de la Plata; South Atlantic Ocean,Very Small,River (Natural),,,1.8,1.8,Unknown,Unknown,Unknown,Unknown,Unknown,-25.26667,-57.68333
14960,Bahia De Ancon,Ancon,PEANC,Peru,Peru,South Pacific Ocean,Very Small,Open Roadstead,,,,12.5,Unknown,Unknown,Unknown,Unknown,Unknown,-11.75,-77.18333
14860,Bahia De Matarani, ,PEMRI,Peru,Peru,South Pacific Ocean,Small,Coastal (Breakwater),,,12.5,12.5,Unknown,Unknown,Small,Limited,Unknown,-17.0,-72.11667
14895,Bahia San Nicolas,San Nicolas,PESNX,Peru,Peru,South Pacific Ocean,Very Small,Coastal (Breakwater),,,12.5,18.6,Unknown,Unknown,Unknown,Emergency Only,Unknown,-15.25,-75.23333
15200,Caleta Lobitos,Puerto Lobitos,PELOB,Peru,Peru,South Pacific Ocean,Very Small,Open Roadstead,,,12.5,6.4,Unknown,Unknown,Small,Limited,Unknown,-4.45,-81.28333
14970,Chancay,Puerto De Chancay,PECHY,Peru,Peru,South Pacific Ocean,Very Small,Open Roadstead,336.7,,,4.9,Unknown,Unknown,Unknown,,Unknown,-11.58333,-77.25
14940,Conchan Oil Terminal, ,PECON,Peru,Peru,South Pacific Ocean,Very Small,Open Roadstead,,,,,Unknown,Unknown,Unknown,Limited,Unknown,-12.16667,-77.0
12570,Iquitos, ,PEIQT,Peru,Peru Amazon River,South Pacific Ocean,Very Small,River (Natural),152.0,7.9,6.4,18.3,Unknown,Unknown,Unknown,Limited,Unknown,-3.75,-73.23333
14955,La Pampilla Oil Terminal, ,PELPP,Peru,Peru,South Pacific Ocean,Small,Open Roadstead,,16.1,,11.0,Unknown,Unknown,Unknown,Unknown,Unknown,-11.93333,-77.13333
15170,Paita, ,PEPAI,Peru,Peru,South Pacific Ocean,Very Small,Open Roadstead,,12.5,9.4,14.0,Unknown,Unknown,Unknown,Limited,Unknown,-5.08333,-81.11667
15110,Pimentel, ,PE PMT,Peru,Peru,South Pacific Ocean,Very Small,Open Roadstead,,,12.5,3.4,Unknown,Unknown,Unknown,,Unknown,-6.83333,-79.93333
15140,Puerto Bayovar,Bayovar,PEPUB,Peru,Peru,South Pacific Ocean,Very Small,Open Roadstead,330.0,,,9.4,Unknown,Unknown,Unknown,Unknown,Unknown,-5.83333,-81.05
15210,Puerto Cabo Blanco, ,PECAB,Peru,Peru,South Pacific Ocean,Very Small,Open Roadstead,,,,,Unknown,Unknown,Unknown,Unknown,Medium,-4.25,-81.23333
15030,Puerto De Chimbote,Chimbote,PECHM,Peru,Peru,South Pacific Ocean,Very Small,Coastal (Natural),,,21.6,12.5,Unknown,Unknown,Small,Limited,Unknown,-9.08333,-78.61667
14980,Puerto De Huacho, ,PEHCO,Peru,Peru,South Pacific Ocean,Very Small,Open Roadstead,,,,3.4,Unknown,Unknown,Unknown,Limited,Unknown,-11.11667,-77.61667
14950,Puerto Del Callao, ,PECLL,Peru,Peru,South Pacific Ocean,Medium,Coastal (Breakwater),,,9.4,9.4,Unknown,Unknown,Unknown,Major,Small,-12.05,-77.15
14840,Puerto Ilo, ,PEILQ,Peru,Peru,South Pacific Ocean,Very Small,Open Roadstead,,,18.6,17.1,Unknown,Unknown,Medium,Limited,Unknown,-17.63333,-71.36667
14990,Puerto Supe,Supe,PESUP,Peru,Peru,South Pacific Ocean,Very Small,Open Roadstead,,,,6.4,Unknown,Unknown,Unknown,Limited,Unknown,-10.8,-77.75
15000,Punta Lobitos (Bahia De Huarmey),Huarmey,PEPLO,Peru,Peru,South Pacific Ocean,Very Small,Open Roadstead,,,,,Unknown,Unknown,Unknown,Unknown,Unknown,-10.1,-78.16667
15050,Salaverry, ,PESVY,Peru,Peru,South Pacific Ocean,Very Small,Coastal (Breakwater),,,7.9,7.9,Unknown,Unknown,Unknown,Limited,Unknown,-8.23333,-78.98333
15190,Talara, ,PETYL,Peru,Peru,South Pacific Ocean,Small,Coastal (Natural),230.0,,17.1,11.0,Unknown,Unknown,Large,Major,Unknown,-4.58333,-81.28333
58000,Aparri, ,PH APR,Philippines,Philippine Islands,Luzon Strait; North Pacific Ocean,Very Small,Open Roadstead,,,3.4,,Unknown,Unknown,Small,Limited,Unknown,18.36667,121.63333
59080,Bais, ,PHBAI,Philippines,Philippine Islands,Philippine inland seas; North Pacific Ocean,Very Small,Open Roadstead,,,12.5,9.4,Unknown,Unknown,Unknown,Emergency Only,Unknown,9.6,123.11667
57970,Basco, ,PH BSO,Philippines,Philippine Islands,Luzon Strait; North Pacific Ocean,Very Small,Coastal (Natural),,,11.0,3.4,Unknown,Unknown,Unknown,Emergency Only,Unknown,20.45,121.96667
59770,Basilian City (Isabela), ,PH BCT,Philippines,Philippine Islands,Sulu Sea; North Pacific Ocean,Very Small,Open Roadstead,,,9.4,7.9,Unknown,Unknown,Unknown,Limited,Unknown,6.71667,121.96667
58320,Batangas City, ,PH BTG,Philippines,Philippine Islands,Philippine inland seas; North Pacific Ocean,Medium,Open Roadstead,300.0,15.7,23.2,11.0,Unknown,Unknown,Small,Moderate,Medium,13.75,121.05
58750,Baybay, ,PH BYB,Philippines,Philippine Islands,Philippine inland seas; North Pacific Ocean,Very Small,Open Roadstead,,,23.2,3.4,Unknown,Unknown,Small,Limited,Unknown,10.68333,124.8
59720,Bugo, ,PH BUG,Philippines,Philippine Islands,Bohol Sea; Philippine inland seas; North Pacific Ocean,Very Small,Coastal (Natural),,,23.2,9.4,Unknown,Unknown,Unknown,Limited,Unknown,8.51667,124.75
59760,Butuan City, ,PH BXU,Philippines,Philippine Islands,Bohol Sea; Philippine inland seas; North Pacific Ocean,Very Small,River (Natural),,,3.4,4.9,Unknown,Unknown,Unknown,Emergency Only,Unknown,8.95,125.53333
59710,Cagayan De Oro, ,PHCGY,Philippines,Philippine Islands,Bohol Sea; Philippine inland seas; North Pacific Ocean,Medium,Coastal (Natural),,,23.2,11.0,Unknown,Unknown,Unknown,Limited,Small,8.5,124.66667
58540,Calapan, ,PH CLP,Philippines,Philippine Islands,Philippine inland seas; North Pacific Ocean,Very Small,Open Roadstead,,,12.5,4.9,Unknown,Unknown,Unknown,Unknown,Unknown,13.41667,121.18333
58670,Catbalogan, ,PH CTS,Philippines,Philippine Islands,Philippine inland seas; North Pacific Ocean,Very Small,Open Roadstead,,,12.5,3.4,Unknown,Unknown,Unknown,Unknown,Unknown,11.76667,124.88333
58960,Cebu, ,PHCEB,Philippines,Philippine Islands,Philippine inland seas; North Pacific Ocean,Large,Coastal (Breakwater),,,9.4,9.4,Unknown,Unknown,Unknown,Moderate,Medium,10.3,123.9
58965,Cebu South Port (CSPIC), ,PHCEB,Philippines,Philippine Islands,Philippine inland seas; North Pacific Ocean,Unknown,Coastal (Natural),237.0,11.0,20.0,10.0,Unknown,Unknown,Unknown,Unknown,Unknown,10.23333,123.8
57990,Claveria, ,PH CLV,Philippines,Philippine Islands,Luzon Strait; North Pacific Ocean,Very Small,Coastal (Natural),,,23.2,4.9,Unknown,Unknown,Unknown,Limited,Unknown,18.61667,121.08333
59430,Davao, ,PH DVO,Philippines,Philippine Islands,Celebes Sea; North Pacific Ocean,Small,Coastal (Natural),,,4.9,9.4,Unknown,Unknown,Unknown,Limited,Small,7.06667,125.61667
59090,Dumaguete, ,PHDGT,Philippines,Philippine Islands,Bohol Sea; Philippine inland seas; North Pacific Ocean,Very Small,Open Roadstead,,,23.2,3.4,Unknown,Unknown,Unknown,Limited,Unknown,9.31667,123.3
59485,General Santos,Dadiangas; Makar,PH GES,Philippines,Philippine Islands,Celebes Sea; North Pacific Ocean,Very Small,Coastal (Natural),,,4.9,7.9,Unknown,Unknown,Unknown,Unknown,Unknown,6.11667,125.18333
59475,Gingoog, ,PH GIN,Philippines,Philippine Islands,Bohol Sea; Philippine inland seas; North Pacific Ocean,Very Small,Coastal (Natural),,,,3.4,Unknown,Unknown,Unknown,,Unknown,8.83333,125.1
58655,Guiuan, ,PH GUN,Philippines,Philippine Islands,Philippine inland seas; North Pacific Ocean,Very Small,Coastal (Natural),,,23.2,1.8,Unknown,Unknown,Unknown,Unknown,Unknown,11.03333,125.71667
59380,Hinatuan, ,PH HNT,Philippines,Philippine Islands,Bohol Sea; Philippine inland seas; North Pacific Ocean,Very Small,Coastal (Natural),,,1.8,1.8,Unknown,Unknown,Unknown,Unknown,Unknown,8.36667,126.33333
58070,Hondagua, ,PH HON,Philippines,Philippine Islands,Philippine inland seas; North Pacific Ocean,Very Small,Open Roadstead,,,17.1,11.0,Unknown,Unknown,Small,Emergency Only,Unknown,13.95,122.23333
59700,Iligan, ,PHIGN,Philippines,Philippine Islands,Bohol Sea; Philippine inland seas; North Pacific Ocean,Very Small,Open Roadstead,,,23.2,9.4,Unknown,Unknown,Unknown,,Unknown,8.23333,124.23333
59190,Iloilo, ,PH ILO,Philippines,Philippine Islands,Philippine inland seas; North Pacific Ocean,Very Small,Open Roadstead,,,7.9,9.4,Unknown,Unknown,Medium,Moderate,Small,10.7,122.58333
58795,Isabel, ,PHISL,Philippines,Philippine Islands,Philippine inland seas; North Pacific Ocean,Very Small,Open Roadstead,,,23.2,11.0,Unknown,Unknown,Unknown,Unknown,Unknown,10.91667,124.43333
59670,Jimenez, ,PHJNZ,Philippines,Philippine Islands,Bohol Sea; Philippine inland seas; North Pacific Ocean,Very Small,Coastal (Natural),,,23.2,11.0,Unknown,Unknown,Unknown,Unknown,Unknown,8.33333,123.86667
59800,Jolo, ,PH JOL,Philippines,Philippine Islands,Sulu Sea; North Pacific Ocean,Very Small,Open Roadstead,,10.0,23.2,7.9,Unknown,Unknown,Small,,Unknown,6.05,121.0
59180,Jordan, , ,Philippines,Philippine Islands,Philippine inland seas; North Pacific Ocean,Very Small,Open Roadstead,,,23.2,9.4,Unknown,Unknown,Unknown,Unknown,Unknown,10.66667,122.58333
58100,Jose Panganiban,Mambulao,PH JPM,Philippines,Philippine Islands,Philippine inland seas; North Pacific Ocean,Very Small,Open Roadstead,,,12.5,4.9,Unknown,Unknown,Unknown,Emergency Only,Unknown,14.28333,122.68333
58630,Laoang, , ,Philippines,Philippine Islands,Philippine inland seas; North Pacific Ocean,Very Small,River (Natural),,,3.4,1.8,Unknown,Unknown,Unknown,Unknown,Unknown,12.56667,125.01667
59100,Lazi, ,PHLZB,Philippines,Philippine Islands,Bohol Sea; Philippine inland seas; North Pacific Ocean,Very Small,Coastal (Natural),,,23.2,3.4,Unknown,Unknown,Unknown,,Unknown,9.13333,123.63333
58170,Legazpi Port, ,PH LGP,Philippines,Philippine Islands,Philippine inland seas; North Pacific Ocean,Very Small,Open Roadstead,,7.5,12.5,3.4,Unknown,Unknown,Small,Limited,Unknown,13.15,123.75
58740,Maasin, ,PH MAA,Philippines,Philippine Islands,Bohol Sea; Philippine inland seas; North Pacific Ocean,Very Small,Open Roadstead,,,12.5,4.9,Unknown,Unknown,Unknown,Unknown,Unknown,10.13333,124.83333
59385,Mangagoy, ,PH MGG,Philippines,Philippine Islands,Bohol Sea; Philippine inland seas; North Pacific Ocean,Small,Coastal (Natural),,,7.9,7.9,Unknown,Unknown,Unknown,Limited,Unknown,8.23333,126.31667
58370,Manila, ,PH MNL,Philippines,Philippine Islands,South China Sea; North Pacific Ocean,Large,Coastal (Breakwater),,,9.4,14.0,Unknown,Unknown,Medium,Moderate,Medium,14.58333,120.96667
59550,Margosatubig, , ,Philippines,Philippine Islands,Celebes Sea; North Pacific Ocean,Very Small,Coastal (Natural),,,17.1,3.4,Unknown,Unknown,Unknown,Unknown,Unknown,7.58333,123.16667
58390,Mariveles, ,PH MVS,Philippines,Philippine Islands,South China Sea; North Pacific Ocean,Very Small,Coastal (Natural),,,3.4,14.0,Unknown,Unknown,Unknown,Major,Small,14.43333,120.48333
59343,Masao,Tortosa,PH MAS,Philippines,Philippine Islands,Bohol Sea; Philippine inland seas; North Pacific Ocean,Very Small,Coastal (Natural),,,1.8,4.9,Unknown,Unknown,Unknown,Limited,Unknown,9.0,125.41667
58620,Masbate, ,PH MBT,Philippines,Philippine Islands,Philippine inland seas; North Pacific Ocean,Small,Coastal (Natural),,,23.2,7.9,Unknown,Unknown,Unknown,Limited,Unknown,12.36667,123.61667
58410,Masinloc, ,PH MSC,Philippines,Philippine Islands,South China Sea; North Pacific Ocean,Very Small,Coastal (Natural),,13.0,12.5,9.4,Unknown,Unknown,Unknown,,Unknown,15.55,119.95
59400,Mati, ,PH MXI,Philippines,Philippine Islands,Celebes Sea; North Pacific Ocean,Very Small,Open Roadstead,,,23.2,6.4,Unknown,Unknown,Unknown,Limited,Unknown,6.95,126.21667
59345,Nasipit Port,Masao,PH NAS,Philippines,Philippine Islands,Bohol Sea; Philippine inland seas; North Pacific Ocean,Very Small,River (Natural),,,6.4,12.5,Unknown,Unknown,Unknown,Limited,Unknown,8.98333,125.33333
58350,Nasugbu, ,PH NUG,Philippines,Philippine Islands,South China Sea; North Pacific Ocean,Very Small,Coastal (Natural),,,,,Unknown,Unknown,Unknown,,Unknown,14.08333,120.61667
58770,Ormoc, ,PHORC,Philippines,Philippine Islands,Philippine inland seas; North Pacific Ocean,Very Small,Open Roadstead,,,23.2,3.4,Unknown,Unknown,Unknown,Unknown,Unknown,11.0,124.6
59530,Pagadian, ,PHPAG,Philippines,Philippine Islands,Celebes Sea; North Pacific Ocean,Very Small,Coastal (Natural),,,23.2,4.9,Unknown,Unknown,Unknown,Unknown,Unknown,7.83333,123.43333
58800,Palompon, ,PHPPN,Philippines,Philippine Islands,Philippine inland seas; North Pacific Ocean,Very Small,Coastal (Natural),,,23.2,6.4,Unknown,Unknown,Unknown,Unknown,Unknown,11.05,124.38333
59500,Polloc (Cotabato), ,PH PLC,Philippines,Philippine Islands,Celebes Sea; North Pacific Ocean,Very Small,Open Roadstead,177.0,10.5,23.2,9.4,Unknown,Unknown,Unknown,Unknown,Unknown,7.35,124.21667
58640,Port Borongan, ,PH BGV,Philippines,Philippine Islands,Philippine inland seas; North Pacific Ocean,Very Small,Open Roadstead,,,23.2,11.0,Unknown,Unknown,Unknown,Unknown,Unknown,11.6,125.43333
59150,Port Capiz,Culasi; Roxas City,PH CSI,Philippines,Philippine Islands,Philippine inland seas; North Pacific Ocean,Very Small,Coastal (Breakwater),,,4.9,11.0,Unknown,Unknown,Unknown,Emergency Only,Unknown,11.6,122.71667
59780,Port Holland, ,PH PHD,Philippines,Philippine Islands,Sulu Sea; North Pacific Ocean,Very Small,Coastal (Natural),,,7.9,7.9,Unknown,Unknown,Unknown,Limited,Unknown,6.55,121.86667
59680,Port Ozamis,Misamis,PHOZC,Philippines,Philippine Islands,Bohol Sea; Philippine inland seas; North Pacific Ocean,Very Small,Open Roadstead,,,9.4,4.9,Unknown,Unknown,Unknown,Limited,Unknown,8.13333,123.85
58590,Port Romblon, ,PH ROM,Philippines,Philippine Islands,Philippine inland seas; North Pacific Ocean,Very Small,Coastal (Natural),,,23.2,7.9,Unknown,Unknown,Unknown,Unknown,Unknown,12.58333,122.26667
57995,Port San Vicente, , ,Philippines,Philippine Islands,Luzon Strait; North Pacific Ocean,Very Small,Coastal (Natural),,,17.1,3.4,Unknown,Unknown,Unknown,Emergency Only,Unknown,18.51667,122.13333
59270,Puerto Princesa, ,PH PPS,Philippines,Philippine Islands,Sulu Sea; North Pacific Ocean,Small,Coastal (Natural),,,23.2,7.9,Unknown,Unknown,Small,Limited,Unknown,9.73333,118.73333
59120,Pulupandan, ,PH PUL,Philippines,Philippine Islands,Sulu Sea; North Pacific Ocean,Very Small,Open Roadstead,,,3.4,4.9,Unknown,Unknown,Unknown,Limited,Unknown,10.51667,122.8
59070,San Carlos, ,PHSCA,Philippines,Philippine Islands,Philippine inland seas; North Pacific Ocean,Very Small,Coastal (Breakwater),,,12.5,7.9,Unknown,Unknown,Unknown,Limited,Unknown,10.48333,123.41667
58460,San Fernando Harbor, ,PH SFE,Philippines,Philippine Islands,South China Sea; North Pacific Ocean,Medium,Open Roadstead,169.3,15.1,15.5,15.5,Unknown,Unknown,Small,Limited,Small,16.61667,120.31667
59575,Santa Clara, , ,Philippines,Philippine Islands,Celebes Sea; North Pacific Ocean,Very Small,Coastal (Natural),,,9.4,6.4,Unknown,Unknown,Unknown,Unknown,Unknown,7.78333,122.68333
58315,Santa Cruz (Marinduque Isl), , ,Philippines,Philippine Islands,Philippine inland seas; North Pacific Ocean,Very Small,Coastal (Breakwater),,,23.2,9.4,Unknown,Unknown,Unknown,Unknown,Unknown,13.5,122.06667
59820,Siasi, ,PH SSV,Philippines,Philippine Islands,Celebes Sea; North Pacific Ocean,Very Small,Coastal (Natural),,,9.4,3.4,Unknown,Unknown,Unknown,Emergency Only,Unknown,5.55,120.81667
58205,Sorsogon, ,PH SOR,Philippines,Philippine Islands,Philippine inland seas; North Pacific Ocean,Very Small,Coastal (Natural),,,1.8,,Unknown,Unknown,Unknown,Emergency Only,Unknown,12.96667,124.0
58395,Subic Bay, ,PH SFS,Philippines,Philippine Islands,South China Sea; North Pacific Ocean,Medium,Coastal (Natural),347.0,13.0,23.2,11.0,Unknown,Unknown,Unknown,Moderate,Medium,14.8,120.26667
59340,Surigao City,Bilan Bilan; Mindanao Isl.,PH SUG,Philippines,Philippine Islands,Bohol Sea; Philippine inland seas; North Pacific Ocean,Very Small,Open Roadstead,,,23.2,7.9,Unknown,Unknown,Unknown,Unknown,Unknown,9.78333,125.5
58150,Tabaco, ,PH TBC,Philippines,Philippine Islands,Philippine inland seas; North Pacific Ocean,Very Small,Open Roadstead,190.0,12.0,6.4,7.9,Unknown,Unknown,Small,Limited,Unknown,13.36667,123.73333
58690,Tacloban, ,PH TAC,Philippines,Philippine Islands,Philippine inland seas; North Pacific Ocean,Small,Coastal (Natural),,,4.9,4.9,Unknown,Unknown,Unknown,Limited,Unknown,11.25,125.0
58870,Tagbilaran, ,PHTAG,Philippines,Philippine Islands,Philippine inland seas; North Pacific Ocean,Small,Open Roadstead,,,6.4,4.9,Unknown,Unknown,Unknown,,Unknown,9.65,123.85
58695,Tanauan, ,PH TNU,Philippines,Philippine Islands,Philippine inland seas; North Pacific Ocean,Very Small,Open Roadstead,,,11.0,7.9,Unknown,Unknown,Unknown,,Unknown,11.1,125.01667
59015,Toledo,Sangi,PHSNG,Philippines,Philippine Islands,Philippine inland seas; North Pacific Ocean,Small,Open Roadstead,,,15.5,3.4,Unknown,Unknown,Unknown,Limited,Unknown,10.36667,123.63333
58890,Tubigan, ,PHTON,Philippines,Philippine Islands,Philippine inland seas; North Pacific Ocean,Very Small,Open Roadstead,,,6.4,7.9,Unknown,Unknown,Unknown,Emergency Only,Unknown,9.95,123.96667
59725,Villanueva, ,PH VNV,Philippines,Philippine Islands,Bohol Sea; Philippine inland seas; North Pacific Ocean,Very Small,Open Roadstead,,,,23.2,Unknown,Unknown,Unknown,,Unknown,8.58333,124.76667
58130,Virac,Cabugao Bay,PH VRC,Philippines,Philippine Islands,Philippine inland seas; North Pacific Ocean,Very Small,Coastal (Natural),69.0,6.8,7.9,4.9,Unknown,Unknown,Unknown,,Unknown,13.58333,124.25
59580,Zamboanga, ,PH ZAM,Philippines,Philippine Islands,Celebes Sea; North Pacific Ocean,Small,Open Roadstead,,,23.2,7.9,Unknown,Unknown,Unknown,Limited,Medium,6.9,122.06667
28790,Darlowo,Rugenwalde,PL DAR,Poland,Poland,Baltic Sea; North Atlantic Ocean,Very Small,River (Basins),75.0,4.0,6.4,4.9,Yes,No,Small,Limited,Unknown,54.43333,16.41667
28710,Gdansk,Danzig,PL GDN,Poland,Poland,Baltic Sea; North Atlantic Ocean,Large,Canal or Lake,400.0,15.0,6.4,6.4,Yes,Yes,Medium,Major,Large,54.35,18.66667
28740,Gdynia, ,PL GDY,Poland,Poland,Baltic Sea; North Atlantic Ocean,Large,Coastal (Breakwater),366.4,13.0,14.0,6.4,Yes,Yes,Large,Major,Large,54.53333,18.55
28800,Kolobrzeg,Kolberg,PL KOL,Poland,Poland,Baltic Sea; North Atlantic Ocean,Very Small,River (Natural),85.0,4.7,4.9,4.9,Yes,No,Small,Limited,Unknown,54.21667,15.55
28720,Nowy Port,Neufahrwasser,PL NWA,Poland,Poland,Baltic Sea; North Atlantic Ocean,Small,Canal or Lake,,,11.0,4.9,Unknown,Unknown,Small,Major,Large,54.41667,18.66667
28750,Police, ,PL PLC,Poland,Poland,Baltic Sea; North Atlantic Ocean,Small,Coastal (Natural),200.0,9.1,9.4,7.9,Yes,No,Unknown,Limited,Unknown,53.56667,14.56667
28715,Port Polnochny, , ,Poland,Poland,Baltic Sea; North Atlantic Ocean,Medium,Coastal (Breakwater),,,17.1,14.0,Unknown,Unknown,Medium,,Unknown,54.4,18.71667
28820,Swinoujscie,Swinemunde,PL SWI,Poland,Poland,Baltic Sea; North Atlantic Ocean,Small,River (Natural),315.6,13.5,14.0,6.4,Yes,Yes,Medium,Moderate,Medium,53.91667,14.26667
28823,Szczecin,Stettin,PL SZZ,Poland,Poland,Baltic Sea; North Atlantic Ocean,Medium,River (Natural),215.0,9.1,7.9,1.8,Yes,Yes,Medium,Moderate,Small,53.41667,14.55
28770,Ustka,Stolpmunde,PL UST,Poland,Poland,Baltic Sea; North Atlantic Ocean,Small,River (Natural),80.0,4.3,4.9,4.9,No,No,Small,Limited,Unknown,54.58333,16.85
38090,Angra Do Heroismo, ,PT ADH,Portugal,Acores,North Atlantic Ocean,Very Small,Coastal (Natural),,,12.5,6.4,Unknown,Unknown,Unknown,Unknown,Unknown,38.65,-27.21667
37970,Aveiro, ,PT AVE,Portugal,Portugal,North Atlantic Ocean,Medium,River (Natural),,,6.4,9.4,Unknown,Unknown,Small,Moderate,Small,40.65,-8.65
38030,Faro, ,PT FAO,Portugal,Portugal,North Atlantic Ocean,Very Small,River (Natural),,,4.9,7.9,Unknown,Unknown,Unknown,Limited,Unknown,37.03333,-7.93333
37980,Figueira Da Foz, ,PT FDF,Portugal,Portugal,North Atlantic Ocean,Very Small,River (Natural),,,6.4,4.9,Unknown,Unknown,Small,Moderate,Small,40.15,-8.85
38130,Funchal, ,PT FNC,Portugal,Arquipelago Da Madeira,North Atlantic Ocean,Large,Coastal (Breakwater),,,12.5,11.0,Unknown,Unknown,Unknown,Moderate,Small,32.63333,-16.91667
38080,Horta, ,PT HOR,Portugal,Acores,North Atlantic Ocean,Small,Coastal (Breakwater),,,12.5,6.4,Unknown,Unknown,Unknown,Limited,Unknown,38.53333,-28.63333
38010,Lagos, ,PT LOS,Portugal,Portugal,North Atlantic Ocean,Large, ,,,,,Unknown,Unknown,Unknown,Unknown,Unknown,37.1,-8.61667
38083,Lajes, ,PT LDP,Portugal,Acores,North Atlantic Ocean,Very Small,Coastal (Breakwater),,,1.8,,Unknown,Unknown,Unknown,Unknown,Unknown,38.4,-28.26667
37990,Lisboa,Lisbon,PT LIS,Portugal,Portugal,North Atlantic Ocean,Large,River (Natural),,,14.0,17.1,Unknown,Unknown,Unknown,Major,Large,38.7,-9.16667
37960,Oporto,Douro,PT DOU,Portugal,Portugal,North Atlantic Ocean,Very Small,River (Natural),,,3.4,4.9,Unknown,Unknown,Small,Limited,Unknown,41.15,-8.66667
38100,Ponta Delgada, ,PT PDL,Portugal,Acores,North Atlantic Ocean,Small,Coastal (Breakwater),,,7.9,11.0,Unknown,Unknown,Small,Limited,Small,37.73333,-25.66667
37950,Porto De Leixoes,Leixos; Matosinhos,PT LEI,Portugal,Portugal,North Atlantic Ocean,Very Small,Coastal (Breakwater),,,14.0,11.0,Unknown,Unknown,Small,Limited,Small,41.18333,-8.7
38095,Praia De Vitoria, ,PT PRV,Portugal,Acores,North Atlantic Ocean,Very Small,Coastal (Natural),,,17.1,12.5,Unknown,Unknown,Unknown,Unknown,Unknown,38.71667,-27.05
38000,Setubal, ,PT SET,Portugal,Portugal,North Atlantic Ocean,Small,River (Natural),,,11.0,14.0,Unknown,Unknown,Small,Moderate,Medium,38.51667,-8.9
38005,Sines, ,PT SIE,Portugal,Portugal,North Atlantic Ocean,Medium,Coastal (Breakwater),,,,14.0,Unknown,Unknown,Small,Limited,Unknown,37.95,-8.86667
37940,Viana Do Castelo, ,PT VDC,Portugal,Portugal,North Atlantic Ocean,Small,Coastal (Tide Gates),,,7.9,21.6,Unknown,Unknown,Unknown,Moderate,Small,41.7,-8.83333
38110,Vila Do Porto, ,PT VDP,Portugal,Acores,North Atlantic Ocean,Very Small,Coastal (Natural),,,12.5,4.9,Unknown,Unknown,Unknown,Emergency Only,Unknown,36.93333,-25.15
38050,Vila Real De S Antonio, ,PT VNC,Portugal,Portugal,North Atlantic Ocean,Very Small,River (Natural),,,3.4,4.9,Unknown,Unknown,Unknown,Limited,Unknown,37.18333,-7.4
11090,Aguadilla, ,PRBQN,Puerto Rico,Puerto Rico,North Atlantic Ocean,Very Small,Open Roadstead,,,20.1,11.0,Unknown,Unknown,Unknown,Unknown,Small,18.43333,-67.15
11100,Arecibo,Puerto Arecibo,PRARE,Puerto Rico,Puerto Rico,North Atlantic Ocean,Very Small,Coastal (Breakwater),,,6.4,6.4,Unknown,Unknown,Unknown,Unknown,Unknown,18.48333,-66.7
11230,Arroyo, ,PRARR,Puerto Rico,Puerto Rico,Caribbean Sea; North Atlantic Ocean,Small,Open Roadstead,,,7.9,1.8,Unknown,Unknown,Unknown,Limited,Unknown,17.96667,-66.06667
11160,Bahia De Fajardo, ,PRFAJ,Puerto Rico,Puerto Rico,Caribbean Sea; North Atlantic Ocean,Very Small,Coastal (Breakwater),,,4.9,1.8,Unknown,Unknown,Unknown,Limited,Unknown,18.33333,-65.63333
11240,Bahia De Jobos,Aguirre; Central Aguirre; Jobos Harbor,PRPJO,Puerto Rico,Puerto Rico,Caribbean Sea; North Atlantic Ocean,Very Small,Coastal (Breakwater),,,3.4,7.9,Unknown,Unknown,Unknown,,Unknown,17.95,-66.18333
11170,Ensenada Honda, , ,Puerto Rico,Puerto Rico,Caribbean Sea; North Atlantic Ocean,Medium,Coastal (Breakwater),,,7.9,9.4,Unknown,Unknown,Unknown,Unknown,Unknown,18.23333,-65.63333
11250,Las Mareas, ,PRLAM,Puerto Rico,Puerto Rico,Caribbean Sea; North Atlantic Ocean,Very Small,Open Roadstead,,,9.4,,Unknown,Unknown,Unknown,Unknown,Unknown,17.95,-66.16667
11290,Mayaguez, ,PRMAZ,Puerto Rico,Puerto Rico,North Atlantic Ocean,Small,Open Roadstead,,,7.9,7.9,Unknown,Unknown,Unknown,Limited,Unknown,18.2,-67.15
11280,Playa De Guanica, ,PRGUX,Puerto Rico,Puerto Rico,Caribbean Sea; North Atlantic Ocean,Small,Open Roadstead,,,9.4,7.9,Unknown,Unknown,Unknown,Limited,Unknown,17.96667,-66.91667
11270,Playa De Guayanilla, ,PRGUY,Puerto Rico,Puerto Rico,Caribbean Sea; North Atlantic Ocean,Medium,Coastal (Breakwater),,,9.4,,Unknown,Unknown,Unknown,,Small,18.01667,-66.76667
11190,Playa De Humacao,Humacao,PRHUC,Puerto Rico,Puerto Rico,Caribbean Sea; North Atlantic Ocean,Very Small,Open Roadstead,,,11.0,3.4,Unknown,Unknown,Unknown,Moderate,Unknown,18.16667,-65.75
11260,Playa De Ponce, ,PRPSE,Puerto Rico,Puerto Rico,Caribbean Sea; North Atlantic Ocean,Medium,Coastal (Breakwater),,,9.4,7.9,Unknown,Unknown,Unknown,Limited,Unknown,17.98333,-66.61667
11205,Puerto Yabucoa, ,PRPYA,Puerto Rico,Puerto Rico,Caribbean Sea; North Atlantic Ocean,Very Small,Open Roadstead,,,14.0,12.5,Unknown,Unknown,Unknown,,Unknown,18.05,-65.83333
11110,San Juan, ,PRSJU,Puerto Rico,Puerto Rico,North Atlantic Ocean,Small,Open Roadstead,,,9.4,7.9,Unknown,Unknown,Small,Major,Small,18.46667,-66.11667
48300,Al Rayyan Terminal, ,QA RYN,Qatar,Qatar,Persian Gulf; Indian Ocean,Very Small,Open Roadstead,,,23.2,,Unknown,Unknown,Unknown,Unknown,Unknown,26.65,51.55
48298,Al Shaheen Terminal, ,QA ASN,Qatar,Qatar,Persian Gulf; Indian Ocean,Very Small,Open Roadstead,340.0,,,,Unknown,Unknown,Unknown,,Unknown,26.58333,52.0
48290,Doha,Ad Dawhah,QA DOH,Qatar,Qatar,Persian Gulf; Indian Ocean,Small,Coastal (Natural),333.0,9.5,11.0,8.8,Unknown,Unknown,Unknown,Moderate,Unknown,25.28333,51.53333
48288,Hamad, , ,Qatar,Qatar,Persian Gulf; Indian Ocean,Small,Coastal (Breakwater),398.0,14.9,15.0,17.0,Yes,Yes,Unknown,Unknown,Unknown,25.01667,51.6
48295,Jazirat Halul, ,QA HAL,Qatar,Qatar,Persian Gulf; Indian Ocean,Very Small,Open Roadstead,,,23.2,3.4,Unknown,Unknown,Unknown,,Unknown,25.68333,52.41667
48297,Ras Laffan, ,QA RLF,Qatar,Qatar,Persian Gulf; Indian Ocean,Medium,Coastal (Breakwater),345.0,12.5,15.0,12.5,Unknown,Unknown,Unknown,,Unknown,25.91667,51.58333
48287,Umm Said,Mesaieed; Musay'id,QA UMS,Qatar,Qatar,Persian Gulf; Indian Ocean,Small,Open Roadstead,340.0,13.0,12.5,15.0,Unknown,Unknown,Small,Limited,Unknown,24.91667,51.56667
47690,Port Est, , ,Reunion,Reunion,Indian Ocean,Small,Coastal (Breakwater),,,12.5,11.0,Unknown,Unknown,Unknown,Limited,Unknown,-20.93333,55.31667
47695,Port Ouest, , ,Reunion,Reunion,Indian Ocean,Small,Coastal (Breakwater),,,9.4,7.9,Unknown,Unknown,Unknown,Limited,Unknown,-20.93333,55.28333
47680,Saint-Denis, ,RE RUN,Reunion,Reunion,Indian Ocean,Very Small,Open Roadstead,,,23.2,,Unknown,Unknown,Unknown,Unknown,Unknown,-20.86667,55.45
47700,Saint-Pierre, ,RE ZSE,Reunion,Reunion,Indian Ocean,Very Small,Open Roadstead,,,14.0,1.8,Unknown,Unknown,Small,Limited,Unknown,-21.35,55.46667
43558,Basarabi, ,RO BAB,Romania,Romania,Black Sea; North Atlantic Ocean,Very Small,River (Natural),,,6.4,6.4,Unknown,Unknown,Small,Unknown,Unknown,44.16667,28.43333
43590,Braila, ,RO BRA,Romania,Romania,Black Sea; North Atlantic Ocean,Very Small,River (Natural),140.9,,11.0,6.4,Yes,Yes,Unknown,Limited,Small,45.25,27.98333
43566,Cernavoda, ,RO CEV,Romania,Romania,Black Sea; North Atlantic Ocean,Very Small,River (Natural),,,6.4,1.8,Unknown,Unknown,Unknown,Limited,Unknown,44.33333,28.05
43560,Constanta,Constantsa; Constantza,RO CND,Romania,Romania,Black Sea; North Atlantic Ocean,Medium,Coastal (Breakwater),,,20.1,6.4,Yes,Yes,Large,Moderate,Large,44.16667,28.65
43565,Danube-Black Sea Canal, , ,Romania,Romania,Black Sea; North Atlantic Ocean,Medium,Canal or Lake,,,6.4,,Unknown,Unknown,Unknown,,Unknown,44.26667,28.18333
43600,Galati, ,RO GAL,Romania,Romania,Black Sea; North Atlantic Ocean,Small,River (Natural),153.9,7.5,8.5,7.5,Yes,Yes,Unknown,Moderate,Small,45.41667,28.08333
43550,Mangalia, ,RO MAG,Romania,Romania,Black Sea; North Atlantic Ocean,Very Small,Coastal (Breakwater),,,6.4,6.4,Unknown,Unknown,Medium,Major,Medium,43.81667,28.58333
43562,Medgidia, ,RO MED,Romania,Romania,Black Sea; North Atlantic Ocean,Very Small,Canal or Lake,,,4.9,6.4,Unknown,Unknown,Small,,Unknown,44.25,28.26667
43568,Midia, ,RO MID,Romania,Romania,Black Sea; North Atlantic Ocean,Very Small,Open Roadstead,,,4.9,7.9,Unknown,Unknown,Small,Moderate,Medium,44.35,28.66667
43570,Sulina,Suluna,RO SUL,Romania,Romania,Black Sea; North Atlantic Ocean,Very Small,River (Natural),,,9.4,4.9,Unknown,Unknown,Unknown,Moderate,Unknown,45.16667,29.66667
43572,Tulcea, ,RO TCE,Romania,Romania,Black Sea; North Atlantic Ocean,Very Small,River (Natural),,7.2,,7.0,Yes,No,Small,Moderate,Medium,45.16667,28.81667
44270,Adler,Mezyumata, ,Russia,Russia,Black Sea; North Atlantic Ocean,Very Small,Open Roadstead,,,23.2,3.4,Unknown,Unknown,Unknown,Unknown,Unknown,43.43333,39.93333
61040,Aleksandrovsk -Sakhalinskiy, ,RU SAK,Russia,Sakhalin,Tatar Strait; North Pacific Ocean,Small,Open Roadstead,,,7.9,1.8,Unknown,Unknown,Small,Emergency Only,Unknown,50.9,142.13333
44180,Anapa, ,RU AAQ,Russia,Russia,Black Sea; North Atlantic Ocean,Very Small,Open Roadstead,,,1.8,3.4,Unknown,Unknown,Small,,Unknown,44.88333,37.31667
62800,Arkhangels'k,Archangel,RU ARH,Russia,Russia,White Sea; Barents Sea; Arctic Ocean,Medium,River (Natural),,,7.9,7.9,Unknown,Unknown,Large,Major,Large,64.52972,40.52167
44080,Azov, ,RU AZO,Russia,Russia,Sea of Azov; Black Sea; North Atlantic Ocean,Very Small,River (Natural),,,1.8,3.4,Unknown,Unknown,Medium,Limited,Unknown,47.1,39.43333
28680,Baltiysk,Pillau,RU BLT,Russia,Russia,Baltic Sea; North Atlantic Ocean,Small,Coastal (Breakwater),,,9.4,7.9,Unknown,Unknown,Unknown,Limited,Small,54.63333,19.9
62900,Bolshaya Piryu Guba,Lyessnoy, ,Russia,Russia,White Sea; Barents Sea; Arctic Ocean,Small,Coastal (Natural),,,4.9,4.9,Unknown,Unknown,Unknown,Limited,Small,66.67306,34.36139
60720,Bukhta Gaydamak,Gaydamak, ,Russia,Russia,Sea of Japan; North Pacific Ocean,Very Small,Coastal (Natural),,,12.5,3.4,Unknown,Unknown,Unknown,Limited,Unknown,42.86667,132.68333
62550,Bukhta Nagayeva (Magadan),Magadan,RU MAG,Russia,Russia,Sea of Okhotsk; North Pacific Ocean,Small,Coastal (Natural),200.0,10.5,17.1,11.5,Unknown,Unknown,Medium,Moderate,Unknown,59.56667,150.71667
60800,Bukhta Vanino, ,RU VNN,Russia,Russia,Tatar Strait; North Pacific Ocean,Very Small,Coastal (Natural),292.0,17.5,18.0,11.3,Unknown,Unknown,Unknown,Limited,Unknown,49.08333,140.28333
60810,De Kastri, ,RU DKA,Russia,Russia,Tatar Strait; North Pacific Ocean,Medium,Coastal (Natural),150.0,7.1,6.7,8.0,Unknown,Unknown,Unknown,Limited,Unknown,51.46667,140.78333
62720,Dudinka, ,RU DUD,Russia,Russia,Kara Sea; Arctic Ocean,Medium,River (Natural),,,6.4,6.4,Unknown,Unknown,Unknown,Limited,Unknown,69.4,86.16667
28310,Gavan Vysotsk,Trangsund; Uras; Vysotsk,RU VYS,Russia,Russia,Gulf of Finland; Baltic Sea; North Atlantic Ocean,Small,Canal or Lake,,,7.9,7.9,Unknown,Unknown,Small,Limited,Unknown,60.61667,28.56667
44210,Gelendzhik, ,RU GDZ,Russia,Russia,Black Sea; North Atlantic Ocean,Very Small,Coastal (Natural),,,4.9,3.4,Unknown,Unknown,Unknown,Unknown,Unknown,44.55,38.06667
62730,Igarka, ,RU IAA,Russia,Russia,Kara Sea; Arctic Ocean,Small,River (Natural),,,17.1,7.9,Unknown,Unknown,Unknown,Limited,Unknown,67.45833,86.58889
28690,Kaliningrad,Konigsberg,RU KGD,Russia,Russia,Baltic Sea; North Atlantic Ocean,Medium,River (Basins),200.0,9.4,7.9,6.4,Yes,Yes,Large,Major,Small,54.7,20.48333
62890,Kandalaksha, ,RU KAN,Russia,Russia,White Sea; Barents Sea; Arctic Ocean,Very Small,River (Natural),,,7.9,9.4,Unknown,Unknown,Small,Limited,Unknown,67.13333,32.41667
44162,Kavkaz Oil Terminal, ,RU KZP,Russia,Russia,Sea of Azov; Black Sea; North Atlantic Ocean,Very Small,Open Roadstead,,,,4.9,Unknown,Unknown,Small,Limited,Unknown,45.33333,36.65
60940,Kholmsk,Maoko,RU KHO,Russia,Sakhalin,Tatar Strait; North Pacific Ocean,Small,Coastal (Breakwater),138.0,8.0,10.0,8.5,Unknown,Unknown,Medium,Limited,Unknown,47.05,142.05
60920,Korsakov,Otomari,RU KOR,Russia,Sakhalin,Sea of Okhotsk; North Pacific Ocean,Small,Coastal (Breakwater),,,14.0,7.9,Unknown,Unknown,Small,Limited,Unknown,46.61667,142.76667
28400,Kronshtadt, ,RU KDT,Russia,Russia,Gulf of Finland; Baltic Sea; North Atlantic Ocean,Small,Coastal (Breakwater),168.0,8.9,6.4,3.4,No,Yes,Unknown,Major,Large,59.98333,29.78333
61045,Lazarev, ,RU LAZ,Russia,Sakhalin,Tatar Strait; North Pacific Ocean,Small,Coastal (Breakwater),,,5.8,2.4,Unknown,Unknown,Unknown,Emergency Only,Unknown,52.21667,141.51667
60990,Lesogorsk,Nayoshi,RU LES,Russia,Sakhalin,Tatar Strait; North Pacific Ocean,Very Small,Open Roadstead,,,12.5,,Unknown,Unknown,Unknown,Emergency Only,Unknown,49.45,142.13333
28390,Lomonosov,Odensholm,RU LOM,Russia,Russia,Gulf of Finland; Baltic Sea; North Atlantic Ocean,Very Small,Coastal (Natural),160.0,7.5,4.9,4.9,No,Yes,Medium,Moderate,Unknown,59.91667,29.76667
62775,Mezen, ,RU MEZ,Russia,Russia,White Sea; Barents Sea; Arctic Ocean,Small,Coastal (Natural),,,3.4,3.4,Unknown,Unknown,Unknown,Limited,Unknown,65.83333,44.18333
61060,Moskal Vo, ,RU MVO,Russia,Sakhalin,Sea of Okhotsk; North Pacific Ocean,Very Small,Coastal (Natural),,,6.4,6.4,Unknown,Unknown,Small,,Unknown,53.58333,142.5
62950,Murmansk,Rosta,RU MMK,Russia,Russia,Barents Sea; Arctic Ocean,Large,River (Natural),,,7.9,6.4,Unknown,Unknown,Medium,Major,Large,68.98333,33.05
62970,Mys Abram,Abram Point, ,Russia,Russia,Barents Sea; Arctic Ocean,Very Small,Coastal (Natural),,,12.5,4.9,Unknown,Unknown,Unknown,Unknown,Unknown,68.98333,33.03333
61020,Mys Rogatyy Oktyabrskiy,Rogati; Rogatyy,RU OKT,Russia,Sakhalin,Tatar Strait; North Pacific Ocean,Very Small,Open Roadstead,,,12.5,4.9,Unknown,Unknown,Unknown,Emergency Only,Unknown,50.73333,142.1
60730,Nakhodka, ,RU NJK,Russia,Russia,Sea of Japan; North Pacific Ocean,Small,Coastal (Natural),255.0,12.8,11.6,9.8,Unknown,Unknown,Unknown,Major,Unknown,42.8,132.88333
60930,Nevelsk,Honto,RU NEV,Russia,Sakhalin,Tatar Strait; North Pacific Ocean,Very Small,Coastal (Breakwater),100.0,6.5,5.6,5.0,Unknown,Unknown,Small,Moderate,Small,46.66667,141.86667
62630,Nikol Skoye,Nikolskoye, ,Russia,Russia,North Pacific Ocean,Very Small,Coastal (Natural),,,12.5,,Unknown,Unknown,Unknown,Emergency Only,Unknown,55.2,165.98333
60820,Nikolayevsk Na Amur, ,RU NIA,Russia,Russia,Tatar Strait; North Pacific Ocean,Very Small,River (Natural),158.0,5.0,6.9,5.0,Unknown,Unknown,Unknown,Limited,Small,53.13333,140.73333
44200,Novorossiysk, ,RU NVS,Russia,Russia,Black Sea; North Atlantic Ocean,Large,Coastal (Breakwater),,,12.5,9.4,Unknown,Unknown,Large,Major,Medium,44.71667,37.78333
60860,Okha, ,RU OKA,Russia,Sakhalin,Sea of Okhotsk; North Pacific Ocean,Very Small,Coastal (Natural),,,6.4,,Unknown,Unknown,Unknown,Limited,Unknown,53.55,143.0
62540,Okhotsk Iy Reyd, ,RU OHO,Russia,Russia,Sea of Okhotsk; North Pacific Ocean,Very Small,River (Natural),,4.0,3.4,3.4,Unknown,Unknown,Unknown,Emergency Only,Unknown,59.36667,143.2
62910,Ostrovnoy Gremikha,Iokanga,RU GRH,Russia,Russia,Barents Sea; Arctic Ocean,Small,Coastal (Natural),,,12.5,9.4,Unknown,Unknown,Unknown,Limited,Medium,68.05833,39.52556
62600,Petropavlovsk,Rakovaya,RU PKC,Russia,Russia,North Pacific Ocean,Very Small,Coastal (Natural),294.1,9.0,12.0,9.0,Unknown,Unknown,Unknown,Major,Medium,53.05,158.65
62680,Pevek, ,RU PWE,Russia,Russia,East Siberian Sea; Arctic Ocean,Very Small,Coastal (Natural),,,9.4,4.9,Unknown,Unknown,Unknown,Limited,Unknown,69.71667,170.3
60880,Poronaysk,Shikuka,RU PRN,Russia,Sakhalin,Sea of Okhotsk; North Pacific Ocean,Very Small,Open Roadstead,,,12.5,1.8,Unknown,Unknown,Unknown,,Unknown,49.21667,143.13333
62635,Port Beringovsky, ,RUBER,Russia,Russia,Anadyrskiy Zaliv; Bering Sea; North Pacific Ocean,Unknown, ,159.0,,,3.4,Unknown,Unknown,Unknown,Limited,Unknown,63.06306,179.3675
62695,Port Dikson, ,RU DKS,Russia,Russia,Kara Sea; Arctic Ocean,Very Small,Coastal (Natural),,,11.0,11.0,Unknown,Unknown,Unknown,Limited,Unknown,73.50639,80.50611
60540,Pos'yet,Novgorod,RU PSE,Russia,Russia,Sea of Japan; North Pacific Ocean,Very Small,Coastal (Natural),175.0,9.0,25.0,9.8,Unknown,Unknown,Small,,Unknown,42.65,130.8
28360,Primorsk,Koivisto Bay; Zaliv Koyvisto,RU PRI,Russia,Russia,Gulf of Finland; Baltic Sea; North Atlantic Ocean,Very Small,Open Roadstead,307.0,15.8,20.1,,No,No,Unknown,Limited,Unknown,60.36667,28.63333
62640,Provideniya, ,RU PVS,Russia,Russia,Anadyrskiy Zaliv; Bering Sea; North Pacific Ocean,Very Small,Coastal (Natural),,10.0,23.2,10.2,Yes,Yes,Unknown,Limited,Unknown,64.42111,-173.2275
62840,Rabocheostrovsk,Kyem; Rabocheostrovk, ,Russia,Russia,White Sea; Barents Sea; Arctic Ocean,Small,Coastal (Natural),,,4.9,9.4,Unknown,Unknown,Small,Limited,Unknown,64.99167,34.79528
44070,Rostov-Na-Donu, ,RU RND,Russia,Russia,Sea of Azov; Black Sea; North Atlantic Ocean,Small,River (Basins),,,1.8,3.4,Unknown,Unknown,Unknown,Limited,Small,47.16667,39.71667
28370,Sankt-Peterburg,Leningrad; Petrograd; St Petersburg,RU LED,Russia,Russia,Gulf of Finland; Baltic Sea; North Atlantic Ocean,Large,Coastal (Breakwater),333.3,11.0,3.4,6.4,Yes,Yes,Medium,Major,Unknown,59.93333,30.3
62810,Severodvinsk,Molotovsk,RU SEW,Russia,Russia,White Sea; Barents Sea; Arctic Ocean,Small,Coastal (Natural),,,7.9,9.4,Unknown,Unknown,Unknown,Major,Small,64.57722,39.77306
60981,Shakhtersk,Portovyy Punkt Shakhtersk,RU SHA,Russia,Sakhalin,Tatar Strait; North Pacific Ocean,Very Small,Coastal (Natural),,,4.9,,Unknown,Unknown,Small,Unknown,Unknown,49.16667,142.06667
61090,Shakotan, , ,Russia,Kuril Islands,North Pacific Ocean,Very Small,Coastal (Natural),,,9.4,3.4,Unknown,Unknown,Unknown,Unknown,Unknown,43.86667,146.83333
62535,Slavyanka, ,RU SKA,Russia,Russia,Sea of Japan; North Pacific Ocean,Small,Coastal (Natural),,,,4.9,Unknown,Unknown,Small,Unknown,Large,42.86667,131.38333
44240,Sochi,Socha,RU AER,Russia,Russia,Black Sea; North Atlantic Ocean,Very Small,Coastal (Breakwater),,,9.4,6.4,Unknown,Unknown,Unknown,,Unknown,43.58333,39.73333
60795,Sovetskaya Gavan,Sovgavan,RU SOG,Russia,Russia,Tatar Strait; North Pacific Ocean,Small,Coastal (Natural),300.0,9.5,20.1,10.2,Unknown,Unknown,Small,Moderate,Medium,48.97361,140.26806
60670,Sukhodol,Sukhodol Seaport, ,Russia,Russia,Sea of Japan; North Pacific Ocean,Very Small,Open Roadstead,,,,15.2,Unknown,Unknown,Unknown,Unknown,Unknown,43.22833,132.31833
44060,Taganrog, ,RU TAG,Russia,Russia,Sea of Azov; Black Sea; North Atlantic Ocean,Very Small,Coastal (Breakwater),,,3.4,3.4,Unknown,Unknown,Unknown,Limited,Unknown,47.2,38.95
44140,Temryuk, ,RU TMR,Russia,Russia,Sea of Azov; Black Sea; North Atlantic Ocean,Very Small,River (Natural),,,3.4,3.4,Unknown,Unknown,Unknown,Limited,Unknown,45.35,37.35
62670,Tiksi, ,RU IKS,Russia,Russia,Laptev Sea; Arctic Ocean,Small,Coastal (Natural),,,6.4,6.4,Unknown,Unknown,Unknown,Limited,Unknown,71.64444,128.89056
44230,Tuapse, ,RU TUA,Russia,Russia,Black Sea; North Atlantic Ocean,Small,Coastal (Breakwater),,,12.5,6.4,Unknown,Unknown,Small,Major,Unknown,44.1,39.06667
60980,Uglegorsk,Esutoru; Hama Shigai,RU UGL,Russia,Sakhalin,Tatar Strait; North Pacific Ocean,Very Small,Open Roadstead,60.0,1.8,18.6,2.4,Unknown,Unknown,Small,Limited,Unknown,49.08333,142.03333
28410,Ust Luga,Reka Luga,RU ULU,Russia,Russia,Gulf of Finland; Baltic Sea; North Atlantic Ocean,Very Small,River (Natural),291.9,15.5,3.4,14.0,Yes,Yes,Unknown,Emergency Only,Unknown,59.66667,28.31667
60870,Vitaz Marine Terminal, , ,Russia,Sakhalin,Sea of Okhotsk; North Pacific Ocean,Very Small,Open Roadstead,,,,,Unknown,Unknown,Unknown,Unknown,Unknown,52.7,143.55
62894,Vitino, ,RU VIT,Russia,Russia,White Sea; Barents Sea; Arctic Ocean,Very Small,Coastal (Natural),,,12.5,,Unknown,Unknown,Small,Unknown,Unknown,67.08333,32.31667
60610,Vladivostok, ,RU VVO,Russia,Russia,Sea of Japan; North Pacific Ocean,Large,Coastal (Natural),347.0,12.8,19.0,12.6,Yes,Yes,Unknown,Major,Small,43.10889,131.88833
60725,Vostochnyy, ,RU VYP,Russia,Russia,Sea of Japan; North Pacific Ocean,Medium,Coastal (Natural),350.0,16.0,22.0,16.5,Unknown,Unknown,Small,Moderate,Unknown,42.75,133.08333
28300,Vyborg,Viipuri,RU VYG,Russia,Russia,Gulf of Finland; Baltic Sea; North Atlantic Ocean,Medium,Coastal (Natural),150.0,6.5,6.4,6.4,Yes,Yes,Medium,Limited,Unknown,60.71667,28.75
44090,Yeysk,Yeisk,RU YEY,Russia,Russia,Sea of Azov; Black Sea; North Atlantic Ocean,Very Small,Coastal (Breakwater),,,3.4,3.4,Unknown,Unknown,Unknown,Limited,Unknown,46.73333,38.26667
60582,Zarubino, ,RU ZAR,Russia,Russia,Sea of Japan; North Pacific Ocean,Very Small,Coastal (Natural),,,20.1,7.9,Unknown,Unknown,Small,Limited,Unknown,42.63333,131.08333
46710,Edinburgh Of The Seven Seas,Settlement Of Edinburgh; Edinburgh, ,"Saint Helena, Ascension, and Tristan da Cunha",Tristan Island,South Atlantic Ocean,Very Small,Open Roadstead,,,23.2,,Unknown,Unknown,Unknown,Unknown,Unknown,-37.05,-12.3
46670,Georgetown,Clarence Bay; Table Bay; English Bay,SH ASI,"Saint Helena, Ascension, and Tristan da Cunha",Ascension,South Atlantic Ocean,Small,Open Roadstead,,,,1.8,Yes,Unknown,,Limited,Unknown,-7.93333,-14.41667
46690,Jamestown, ,SH SHN,"Saint Helena, Ascension, and Tristan da Cunha",Ascension,South Atlantic Ocean,Large,Open Roadstead,,,23.2,1.8,Unknown,Unknown,Unknown,Unknown,Unknown,-15.91667,-5.71667
46691,North Point, , ,"Saint Helena, Ascension, and Tristan da Cunha",Ascension,South Atlantic Ocean,Small,Open Roadstead,,,,,Unknown,Unknown,Unknown,Unknown,Unknown,-7.88333,-14.36667
11400,Basseterre, ,KNBAS,Saint Kitts and Nevis,Saint Kitts and Nevis,Caribbean Sea; North Atlantic Ocean,Very Small,Open Roadstead,274.0,8.0,21.6,7.9,Yes,Yes,Small,Limited,Unknown,17.3,-62.71667
11410,Charlestown, ,KNCHA,Saint Kitts and Nevis,Saint Kitts and Nevis,Caribbean Sea; North Atlantic Ocean,Very Small,Open Roadstead,,,12.5,7.9,Unknown,Unknown,Unknown,Unknown,Unknown,17.13333,-62.63333
11630,Castries, ,LC CAS,Saint Lucia,Saint Lucia,Caribbean Sea; North Atlantic Ocean,Small,Coastal (Natural),304.8,10.4,11.0,9.4,Yes,Yes,Unknown,Limited,Unknown,14.01667,-61.0
11625,Grand Cul De Sac Bay,Cul De Sac,LC CDS,Saint Lucia,Saint Lucia,Caribbean Sea; North Atlantic Ocean,Small,Coastal (Natural),,,23.2,11.0,Unknown,Unknown,Unknown,,Unknown,13.98333,-61.01667
11620,Vieux Fort, ,LC VIF,Saint Lucia,Saint Lucia,Caribbean Sea; North Atlantic Ocean,Very Small,Coastal (Natural),,,11.0,9.4,Unknown,Yes,Unknown,Limited,Unknown,13.71667,-60.96667
1760,Miquelon, , ,Saint Pierre and Miquelon,Newfoundland Cont.,North Atlantic Ocean,Unknown, ,,7.0,,,Yes,Unknown,Unknown,Unknown,Unknown,47.1,-56.36667
1750,Port De St Pierre,St Pierre,PM FSP,Saint Pierre and Miquelon,Ile St Pierre,North Atlantic Ocean,Small,Coastal (Breakwater),149.9,9.5,7.9,7.9,Unknown,Unknown,Medium,Limited,Unknown,46.78333,-56.16667
11640,Kingstown, ,VC KTN,Saint Vincent and the Grenadines (Windward Islands),Saint Vincent,Caribbean Sea; North Atlantic Ocean,Small,Coastal (Natural),260.0,9.1,,11.0,Yes,Yes,Unknown,Limited,Unknown,13.15,-61.23333
55670,Apia, ,WS APW,Samoa,Somoa Western,South Pacific Ocean,Very Small,Coastal (Natural),,,11.0,7.9,Unknown,Unknown,Small,Limited,Unknown,-13.81667,-171.76667
46375,Santo Antonio, ,ST SAA,Sao Tome and Principe,Sao Tome and Principe,Gulf of Guinea; North Atlantic Ocean,Very Small,Coastal (Natural),,,3.4,3.4,Unknown,Unknown,Unknown,Emergency Only,Unknown,1.65,7.45
46380,Sao Tome,Ana Chavez,ST TMS,Sao Tome and Principe,Sao Tome and Principe,Gulf of Guinea; North Atlantic Ocean,Very Small,Open Roadstead,,,37.0,1.5,Yes,Unknown,,Emergency Only,Unknown,0.35,6.73333
48338,Al Jubayl,Al Jubayl,SA JBI,Saudi Arabia,Saudi Arabia Continued,Persian Gulf; Indian Ocean,Very Small,Coastal (Breakwater),,,14.0,15.5,Unknown,Unknown,Medium,Limited,Medium,27.08333,49.66667
48335,Dammam,King Abdul Aziz Port; Mina Al Malik Abd Al Aziz,SA DMM,Saudi Arabia,Saudi Arabia Continued,Persian Gulf; Indian Ocean,Small,Coastal (Breakwater),,,14.0,12.5,Unknown,Unknown,Medium,Moderate,Large,26.5,50.2
48106,Duba,Dhiba; Dhuba,SA DHU,Saudi Arabia,Saudi Arabia,Red Sea; Indian Ocean,Small,Open Roadstead,184.0,12.8,11.0,15.0,Unknown,Unknown,Unknown,Unknown,Unknown,27.56667,35.53333
48108,Duba Bulk Plant Tanker Terminal, , ,Saudi Arabia,Saudi Arabia,Red Sea; Indian Ocean,Very Small,Open Roadstead,,,23.2,,Unknown,Unknown,Unknown,Unknown,Unknown,27.31667,35.9
48140,Jiddah,Jidda,SA JED,Saudi Arabia,Saudi Arabia,Red Sea; Indian Ocean,Small,Coastal (Breakwater),260.0,14.0,15.5,16.5,Unknown,Unknown,Small,Major,Large,21.48333,39.18333
48142,Jizan,Gizan,SA GIZ,Saudi Arabia,Saudi Arabia,Red Sea; Indian Ocean,Small,Coastal (Breakwater),229.0,15.0,13.5,12.0,Unknown,Unknown,Small,Limited,Unknown,16.9,42.48333
48342,Ju Aymah Lpg Terminal, , ,Saudi Arabia,Saudi Arabia Continued,Persian Gulf; Indian Ocean,Very Small,Open Roadstead,,,20.1,,Unknown,Unknown,Unknown,Unknown,Unknown,26.86667,50.05
48343,Ju Aymah Oil Terminal, ,SA JUT,Saudi Arabia,Saudi Arabia Continued,Persian Gulf; Indian Ocean,Small,Open Roadstead,,,20.1,,Unknown,Unknown,Unknown,Limited,Unknown,26.93333,50.03333
48121,King Fahd Port,Mina Al Malik Fahd, ,Saudi Arabia,Saudi Arabia,Red Sea; Indian Ocean,Very Small,Coastal (Breakwater),420.0,29.0,14.0,16.0,Unknown,Unknown,Unknown,Limited,Unknown,23.95,38.21667
48130,Rabigh, ,SA RAB,Saudi Arabia,Saudi Arabia,Red Sea; Indian Ocean,Very Small,Coastal (Breakwater),400.0,23.5,23.2,10.0,Unknown,Unknown,Unknown,Unknown,Unknown,22.73333,38.98333
48340,Ras  Tannurah,Ras Tanura,SA RTA,Saudi Arabia,Saudi Arabia Continued,Persian Gulf; Indian Ocean,Medium,Open Roadstead,,,15.5,14.0,Unknown,Unknown,Unknown,Limited,Unknown,26.63333,50.16667
48341,Ras Al Ghar, , ,Saudi Arabia,Saudi Arabia Continued,Persian Gulf; Indian Ocean,Very Small,Coastal (Breakwater),,,9.4,11.0,Unknown,Unknown,Unknown,Unknown,Unknown,26.9,49.86667
48349,Ras Al Khafji, ,SA RAR,Saudi Arabia,Saudi Arabia Continued,Persian Gulf; Indian Ocean,Small,Open Roadstead,,,20.1,11.0,Unknown,Unknown,Unknown,,Unknown,28.43333,48.58333
48348,Ras Al Mishab,Bandar Mishab,SA RAM,Saudi Arabia,Saudi Arabia Continued,Persian Gulf; Indian Ocean,Small,Open Roadstead,,,11.0,11.0,Unknown,Unknown,Unknown,Unknown,Unknown,28.11667,48.63333
48104,Sharmah,Ash Sharmah, ,Saudi Arabia,Saudi Arabia,Red Sea; Indian Ocean,Very Small,Coastal (Natural),,,23.2,,Unknown,Unknown,Unknown,Unknown,Unknown,27.93333,35.25
48120,Yanbu, ,SA YBI,Saudi Arabia,Saudi Arabia,Red Sea; Indian Ocean,Very Small,Coastal (Breakwater),315.8,11.1,14.0,12.0,Unknown,Unknown,Unknown,Limited,Unknown,24.08333,38.05
45820,Dakar, ,SN DKR,Senegal,Senegal,North Atlantic Ocean,Medium,Coastal (Breakwater),,,11.0,4.9,Unknown,Unknown,Large,Moderate,Medium,14.68333,-17.43333
45822,Karabane,Carabane, ,Senegal,Senegal,North Atlantic Ocean,Very Small,River (Natural),,,3.4,3.4,Unknown,Unknown,Unknown,Unknown,Unknown,12.56667,-16.66667
45823,Lyndiane, ,SN LYN,Senegal,Senegal,North Atlantic Ocean,Very Small,River (Natural),,,,4.9,Unknown,Unknown,Small,,Unknown,14.16667,-16.16667
45819,M Bao Oil Terminal, ,SN MBA,Senegal,Senegal,North Atlantic Ocean,Very Small,Open Roadstead,,,,14.0,Unknown,Unknown,Unknown,Moderate,Unknown,14.71667,-17.4
45821,Rufisque, ,SN RQ2,Senegal,Senegal,North Atlantic Ocean,Very Small,Open Roadstead,,,4.9,1.8,Unknown,Unknown,Unknown,Unknown,Large,14.71167,-17.28
45818,St Louis, ,SN XLS,Senegal,Senegal,North Atlantic Ocean,Small,River (Natural),,,1.8,7.9,Unknown,Unknown,Small,Limited,Unknown,16.01667,-16.51667
47220,Victoria,Mahe; Port Victoria,SC POV,Seychelles,Seychelles,Indian Ocean,Small,Coastal (Natural),210.0,11.5,1.8,9.4,Yes,Yes,Unknown,,Medium,-4.62333,55.46417
45867,Bonthe, ,SL BTE,Sierra Leone,Sierra Leone,North Atlantic Ocean,Very Small,River (Natural),,,3.4,6.4,Unknown,Unknown,Unknown,Limited,Unknown,7.53333,-12.5
45862,Freetown, ,SL FNA,Sierra Leone,Sierra Leone,North Atlantic Ocean,Small,Coastal (Natural),,,7.9,9.4,Unknown,Unknown,Small,Moderate,Unknown,8.5,-13.23333
45865,Pepel, ,SL PEP,Sierra Leone,Sierra Leone,North Atlantic Ocean,Very Small,River (Natural),,,9.4,11.0,Unknown,Unknown,Unknown,Unknown,Unknown,8.58333,-13.05
50017,Jurong Island, ,SGJUR,Singapore,Singapore,Strait of Malacca; Indian Ocean,Large,Coastal (Natural),,,14.0,17.1,Unknown,Unknown,Small,Major,Large,1.28333,103.73333
50000,Keppel - (East Singapore),Keppel Harbor,SGKEP,Singapore,Singapore,Strait of Malacca; Indian Ocean,Large,Coastal (Natural),,,12.5,14.0,Unknown,Unknown,Small,Major,Large,1.28333,103.85
50010,Pulau Bukom, ,SGPUB,Singapore,Singapore,Strait of Malacca; Indian Ocean,Medium,Open Roadstead,,,9.4,,Unknown,Unknown,Unknown,Major,Unknown,1.23333,103.76667
50015,Pulau Sebarok, ,SGSEB,Singapore,Singapore,Strait of Malacca; Indian Ocean,Small,Open Roadstead,,,11.0,,Unknown,Unknown,Unknown,Major,Unknown,1.2,103.8
49995,Serangoon Harbor,Selarang, ,Singapore,Singapore,Strait of Malacca; Indian Ocean,Very Small,Coastal (Natural),,,12.5,7.9,Unknown,Unknown,Unknown,Unknown,Unknown,1.4,103.95
11372,Coles Bay Oil Terminal, , ,Sint Maarten,St Martin,Caribbean Sea; North Atlantic Ocean,Small,Open Roadstead,,,,,Unknown,Unknown,Unknown,,Unknown,18.01667,-63.08333
11370,Philipsburg,Filipsburg; Grand Bay; Groote Baai,SX PHI,Sint Maarten,St Martin,Caribbean Sea; North Atlantic Ocean,Small,Coastal (Natural),326.1,10.0,21.6,9.4,Yes,Yes,Unknown,,Unknown,18.01667,-63.05
40860,Koper,Capodistria,SI KOP,Slovenia,Slovenia,Adriatic Sea; Mediterranean Sea; North Atlantic Ocean,Medium,Coastal (Natural),,,12.5,12.5,Yes,Yes,Medium,Major,Medium,45.55,13.73333
40870,Piran,Pirano,SI PIR,Slovenia,Slovenia,Adriatic Sea; Mediterranean Sea; North Atlantic Ocean,Very Small,Coastal (Breakwater),,,1.8,,Unknown,Unknown,Unknown,Unknown,Unknown,45.53333,13.56667
56970,Gizo Harbor, ,SBGZO,Solomon Islands,Solomon Islands,Solomon Sea; South Pacific Ocean,Very Small,Coastal (Natural),,,12.5,4.9,Unknown,Unknown,Unknown,Limited,Unknown,-8.1,156.85
57120,Honiara, ,SB HIR,Solomon Islands,Solomon Islands,Solomon Sea; South Pacific Ocean,Very Small,Open Roadstead,,,7.9,7.9,Unknown,Unknown,Unknown,Limited,Unknown,-9.41667,159.95
56975,Port Noro,Cutter Pt,SBNOR,Solomon Islands,Solomon Islands,Solomon Sea; South Pacific Ocean,Small,Open Roadstead,,,23.2,7.9,Unknown,Unknown,Unknown,Unknown,Unknown,-8.21667,157.18333
57005,Ringgi Cove, ,SBRIN,Solomon Islands,Solomon Islands,Solomon Sea; South Pacific Ocean,Small,Coastal (Natural),,,23.2,7.9,Unknown,Unknown,Unknown,Unknown,Unknown,-8.11667,157.1
57100,Tulaghi, ,SB TLG,Solomon Islands,Solomon Islands,Solomon Sea; South Pacific Ocean,Very Small,Coastal (Natural),,,23.2,1.8,Unknown,Unknown,Small,Limited,Unknown,-9.1,160.15
57070,Yandina, ,SB XYA,Solomon Islands,Solomon Islands,Solomon Sea; South Pacific Ocean,Very Small,Coastal (Natural),,,23.2,6.4,Unknown,Unknown,Unknown,Limited,Unknown,-9.08333,159.21667
47140,Baraawe,Brawa, ,Somalia,Somalia,Indian Ocean,Very Small,Open Roadstead,,,23.2,,Unknown,Unknown,Unknown,Unknown,Unknown,1.1,44.05
47820,Berbera, ,SO BBO,Somalia,Somalia,Gulf of Aden; Indian Ocean,Small,Coastal (Breakwater),,8.8,11.0,7.9,Unknown,Unknown,Unknown,Limited,Unknown,10.45,45.01667
47830,Boosaaso,Bandar Cassim,SO BSA,Somalia,Somalia,Gulf of Aden; Indian Ocean,Small,Coastal (Breakwater),,,,6.4,Unknown,Unknown,Unknown,Unknown,Unknown,11.28333,49.18333
47130,Kismaayo,Chisimaio; Kisimayu,SO KMU,Somalia,Somalia,Indian Ocean,Very Small,Coastal (Breakwater),,,7.9,7.9,No,No,Unknown,Limited,,-0.38667,42.54389
47150,Marka,Merka,SO MER,Somalia,Somalia,Indian Ocean,Very Small,Open Roadstead,,,23.2,1.8,Unknown,Unknown,Unknown,Unknown,Unknown,1.71667,44.78333
47160,Muqdisho,Mogadiscio; Mogadishu; Muqdisho,SO MGQ,Somalia,Somalia,Indian Ocean,Large,Coastal (Breakwater),,,11.0,9.4,Unknown,Unknown,Unknown,,Unknown,2.03333,45.35
46770,Cape Town, ,ZA CPT,South Africa,South Africa,South Atlantic Ocean,Large,Coastal (Breakwater),339.6,15.0,15.9,15.5,Yes,Yes,Large,Major,Large,-33.91667,18.41667
46850,Durban,Port Natal,ZA DUR,South Africa,South Africa,Indian Ocean,Large,Coastal (Breakwater),350.0,14.5,11.0,11.9,Yes,Yes,Large,Moderate,Large,-29.86667,31.06667
46830,East London, ,ZA ELS,South Africa,South Africa,Indian Ocean,Small,River (Natural),,,11.0,9.4,Unknown,Unknown,Large,Major,Large,-33.03333,27.91667
46800,Mossel Bay,Aliwal,ZA MZY,South Africa,South Africa,Indian Ocean,Medium,Coastal (Breakwater),130.0,6.5,7.9,7.2,Unknown,Unknown,Medium,Limited,Medium,-34.17472,22.14611
46820,Port Elizabeth, ,ZA PLZ,South Africa,South Africa,Indian Ocean,Medium,Coastal (Breakwater),324.0,12.8,11.0,12.2,Yes,Yes,Large,Moderate,Unknown,-33.95194,25.6425
46855,Richards Bay, ,ZA RCB,South Africa,South Africa,Indian Ocean,Medium,Coastal (Breakwater),300.0,17.5,18.9,19.0,Unknown,Yes,Unknown,Limited,Unknown,-28.81,32.09833
46750,Saldanha Bay,Saldanhabaai,ZA SDB,South Africa,South Africa,South Atlantic Ocean,Medium,Coastal (Breakwater),340.0,21.2,23.2,23.0,Unknown,Unknown,Medium,Limited,Unknown,-33.03333,17.96667
46780,Simonstown,Simonsbaai,ZA SMN,South Africa,South Africa,South Atlantic Ocean,Very Small,Coastal (Breakwater),195.0,9.0,7.9,7.9,Unknown,Unknown,Small,Emergency Only,Medium,-34.185,18.43667
14060,Grytviken,Grytviken Harbor; King Edward Cove,GS GRV,South Georgia and South Sandwich Islands,South Georgia,South Atlantic Ocean,Very Small,Coastal (Natural),125.0,7.8,,6.4,Unknown,Unknown,Unknown,Unknown,Unknown,-54.26667,-36.5
14020,Prince Olav Harbor, , ,South Georgia and South Sandwich Islands,South Georgia,South Atlantic Ocean,Very Small,Coastal (Natural),,,,,Unknown,Unknown,Unknown,Unknown,Unknown,-54.03333,-37.15
14040,Stromness Harbor, , ,South Georgia and South Sandwich Islands,South Georgia,South Atlantic Ocean,Very Small,Coastal (Natural),,,,,Unknown,Unknown,Unknown,Unknown,Unknown,-54.15,-36.7
60390,Busan,Busan; Pusan,KR PUS,South Korea,South Korea,Korea Strait; North Pacific Ocean,Large,Coastal (Breakwater),139.7,15.0,12.5,15.5,Unknown,Unknown,Medium,Moderate,Large,35.1,129.03333
60385,Chinae,Jinhae,KR CHF,South Korea,South Korea,Korea Strait; North Pacific Ocean,Small,Coastal (Natural),210.0,11.0,9.4,3.4,Unknown,Unknown,Unknown,Unknown,Small,35.13333,128.65
60323,Daesan Hang,Daesan,KR TSN,South Korea,South Korea,Yellow Sea; North Pacific Ocean,Very Small,Open Roadstead,,21.6,20.1,15.5,Unknown,Unknown,Unknown,,Unknown,37.01667,126.4
60376,Gwangyang Hang, ,KR KAN,South Korea,South Korea,Korea Strait; North Pacific Ocean,Medium,Coastal (Natural),,,20.1,21.6,Unknown,Unknown,Unknown,Moderate,Medium,34.90846,127.75012
60320,Inchon,Chemulpo; Jinsen,KR INC,South Korea,South Korea,Yellow Sea; North Pacific Ocean,Large,River (Basins),180.0,,11.0,9.4,Unknown,Unknown,Medium,Limited,Small,37.46667,126.61667
60330,Kunsan,Kunsan; Kunson,KR KUV,South Korea,South Korea,Yellow Sea; North Pacific Ocean,Small,River (Natural),,14.0,9.4,11.0,Unknown,Unknown,Small,Limited,Unknown,35.98333,126.61667
60380,Masan, ,KR MAS,South Korea,South Korea,Korea Strait; North Pacific Ocean,Medium,Coastal (Natural),250.0,11.5,9.4,11.5,Unknown,Unknown,Small,Limited,Small,35.18333,128.56667
60340,Mokpo,Moppo,KR MOK,South Korea,South Korea,Yellow Sea; North Pacific Ocean,Medium,River (Natural),366.0,,21.6,14.0,Unknown,Unknown,Medium,Limited,Unknown,34.78333,126.38333
60430,Mukho,Mugho,KR MUK,South Korea,South Korea,Sea of Japan; North Pacific Ocean,Very Small,Coastal (Breakwater),133.0,,7.9,7.9,Unknown,Unknown,Medium,Emergency Only,Unknown,37.56667,129.11667
60410,Pohang, ,KR KPO,South Korea,South Korea,Sea of Japan; North Pacific Ocean,Small,Open Roadstead,70.7,,17.1,18.6,Unknown,Unknown,Unknown,Limited,Unknown,36.05,129.38333
60325,Pyeongtaek Hang, ,KR PTK,South Korea,South Korea,Yellow Sea; North Pacific Ocean,Medium,River (Natural),345.0,,21.6,14.0,Unknown,Unknown,Unknown,Unknown,Unknown,37.0,126.8
60435,Sokch'o Hang, ,KR SHO,South Korea,South Korea,Sea of Japan; North Pacific Ocean,Very Small,Coastal (Breakwater),,,7.9,7.9,Unknown,Unknown,Unknown,Major,Unknown,38.2,128.6
60431,Tonghae,Donghae,KR TGA,South Korea,South Korea,Sea of Japan; North Pacific Ocean,Very Small,Coastal (Breakwater),229.0,,12.5,12.5,Unknown,Unknown,Unknown,Limited,Unknown,37.53333,129.15
60400,Ulsan,Urusan,KR USN,South Korea,South Korea,Korea Strait; North Pacific Ocean,Medium,River (Natural),210.0,16.5,18.6,17.1,Unknown,Unknown,Medium,Limited,Medium,35.45,129.4
38380,Adra, ,ES ADR,Spain,Spain SE Coast,Mediterranean Sea; North Atlantic Ocean,Very Small,Coastal (Breakwater),,,7.9,4.9,Unknown,Unknown,Small,Limited,Unknown,36.73333,-3.03333
38410,Aguilas, ,ES AGU,Spain,Spain SE Coast,Mediterranean Sea; North Atlantic Ocean,Very Small,Coastal (Natural),,,14.0,11.0,Unknown,Unknown,Unknown,Limited,Unknown,37.4,-1.56667
38310,Algeciras, ,ES ALG,Spain,Spain SW Coast,Strait of Gibraltar; North Atlantic Ocean,Small,Coastal (Breakwater),,,6.4,23.2,Unknown,Unknown,Small,Moderate,Large,36.13333,-5.43333
38440,Alicante, ,ES ALC,Spain,Spain SE Coast,Mediterranean Sea; North Atlantic Ocean,Medium,Coastal (Breakwater),,,14.0,14.0,Unknown,Unknown,Medium,,Unknown,38.33333,-0.48333
38390,Almeria, ,ES LEI,Spain,Spain SE Coast,Mediterranean Sea; North Atlantic Ocean,Small,Coastal (Breakwater),,,11.0,11.0,Unknown,Unknown,Small,Limited,Unknown,36.83333,-2.46667
38190,Arrecife,Puerto Arrecife,ES ACE,Spain,Islas Canarias,North Atlantic Ocean,Very Small,Coastal (Breakwater),,,4.9,14.0,Unknown,Unknown,Small,Limited,Medium,28.95,-13.53333
37600,Aviles, ,ES AVS,Spain,Spain N Coast,Bay of Biscay; North Atlantic Ocean,Small,Canal or Lake,,,9.4,11.0,Unknown,Unknown,Medium,Limited,Small,43.6,-5.93333
38550,Barcelona, ,ES BCN,Spain,Spain SE Coast,Mediterranean Sea; North Atlantic Ocean,Large,Coastal (Breakwater),,,9.4,15.5,Unknown,Unknown,Small,Moderate,Medium,41.35,2.16667
37350,Bermeo, ,ES BRM,Spain,Spain N Coast,Bay of Biscay; North Atlantic Ocean,Very Small,Coastal (Breakwater),,,4.9,4.9,Yes,No,Unknown,Limited,Small,43.41917,-2.71556
38495,Burriana, ,ES BRX,Spain,Spain SE Coast,Balearic Sea; Mediterranean Sea; North Atlantic Ocean,Very Small,River (Natural),,5.2,4.9,4.9,Unknown,Unknown,Small,Limited,Unknown,39.88333,-0.05
38290,Cadiz, ,ES CAD,Spain,Spain SW Coast,North Atlantic Ocean,Medium,Coastal (Breakwater),,,12.5,14.0,Unknown,Unknown,Small,Major,Large,36.53333,-6.3
38430,Cartagena, ,ES CAR,Spain,Spain SE Coast,Mediterranean Sea; North Atlantic Ocean,Small,Coastal (Breakwater),,,11.0,12.5,Unknown,Unknown,Small,Limited,Small,37.58333,-0.98333
45730,Ceuta, ,ES CEU,Spain, ,Strait of Gibraltar; North Atlantic Ocean,Medium,Coastal (Breakwater),,,,11.0,Unknown,Unknown,Unknown,Moderate,Unknown,35.9,-5.31667
38500,El Grao,Castellon De La Plana,ES GCS,Spain,Spain SE Coast,Balearic Sea; Mediterranean Sea; North Atlantic Ocean,Very Small,Coastal (Breakwater),,,9.4,7.9,Unknown,Unknown,Small,Limited,Medium,39.96667,0.01667
37740,Ferrol, ,ES FRO,Spain,Spain N Coast,North Atlantic Ocean,Medium,River (Natural),,,11.0,14.0,Unknown,Unknown,Medium,Major,Medium,43.48333,-8.23333
37560,Gijon, ,ES GIJ,Spain,Spain N Coast,Bay of Biscay; North Atlantic Ocean,Small,Coastal (Breakwater),,,18.6,20.1,Unknown,Unknown,Medium,Moderate,Small,43.55,-5.66667
38420,Hornillo, , ,Spain,Spain SE Coast,Mediterranean Sea; North Atlantic Ocean,Very Small,Coastal (Natural),,,14.0,4.9,Unknown,Unknown,Unknown,Unknown,Unknown,37.4,-1.55
38220,Huelva, ,ES HUV,Spain,Spain SW Coast,North Atlantic Ocean,Medium,River (Natural),,,12.5,12.5,Unknown,Unknown,Medium,Moderate,Small,37.25,-6.95
38610,Ibiza,Iziza,ES IBZ,Spain,Islas Baleares,Mediterranean Sea; North Atlantic Ocean,Very Small,Coastal (Breakwater),,,7.9,20.1,Unknown,Unknown,Unknown,Limited,Unknown,38.9,1.45
38433,Islas Hormigas, , ,Spain,Spain SE Coast,Mediterranean Sea; North Atlantic Ocean,Unknown, ,,,,,Unknown,Unknown,Unknown,Unknown,Unknown,37.65,-0.65
37770,La Coruna, ,ES LCG,Spain,Spain N Coast,North Atlantic Ocean,Small,Coastal (Natural),,,17.1,15.5,Unknown,Unknown,Large,Limited,Small,43.36667,-8.4
38585,Las Hormigas, , ,Spain,Spain SE Coast,Mediterranean Sea; North Atlantic Ocean,Unknown, ,,,,,Unknown,Unknown,Unknown,Unknown,Unknown,41.86667,3.18333
38170,Las Palmas, ,ES LPA,Spain,Islas Canarias,North Atlantic Ocean,Large,Coastal (Breakwater),,,11.0,21.6,Unknown,Unknown,Large,Moderate,Unknown,28.15,-15.41667
38690,Mahon, ,ES MAH,Spain,Islas Baleares,Mediterranean Sea; North Atlantic Ocean,Very Small,River (Basins),,,14.0,11.0,Unknown,Unknown,Unknown,Limited,Small,39.88333,4.26667
38370,Malaga, ,ES AGP,Spain,Spain SE Coast,Mediterranean Sea; North Atlantic Ocean,Medium,Coastal (Breakwater),,,12.5,17.1,Yes,Yes,Small,Moderate,Medium,36.71667,-4.41667
37860,Marin, ,ES MPG,Spain,Spain N Coast,North Atlantic Ocean,Small,Coastal (Breakwater),,,23.2,11.0,Unknown,Unknown,Small,Moderate,Medium,42.4,-8.7
38375,Motril, ,ES MOT,Spain,Spain SE Coast,Mediterranean Sea; North Atlantic Ocean,Very Small,Coastal (Breakwater),,,11.0,9.4,Unknown,Unknown,Unknown,Limited,Unknown,36.75,-3.51667
38580,Palamos, ,ES PAL,Spain,Spain SE Coast,Mediterranean Sea; North Atlantic Ocean,Small,Coastal (Breakwater),,,18.6,17.1,Unknown,Unknown,Unknown,Limited,Unknown,41.83333,3.11667
38630,Palma De Mallorca, ,ES PMI,Spain,Islas Baleares,Mediterranean Sea; North Atlantic Ocean,Medium,Coastal (Breakwater),,,9.4,18.6,Yes,Yes,Medium,Limited,Small,39.56667,2.63333
38670,Puerto De Alcudia,El Puerto,ES ALD,Spain,Islas Baleares,Balearic Sea; Mediterranean Sea; North Atlantic Ocean,Very Small,Coastal (Breakwater),,,6.4,6.4,Unknown,Unknown,Unknown,Limited,Unknown,39.83333,3.13333
37400,Puerto De Bilbao, ,ES BIO,Spain,Spain N Coast,Bay of Biscay; North Atlantic Ocean,Medium,Coastal (Breakwater),,,6.4,20.1,Unknown,Unknown,Unknown,Major,Small,43.35,-3.05
38395,Puerto De Carboneras, ,ES CRS,Spain,Spain SE Coast,Mediterranean Sea; North Atlantic Ocean,Small,Coastal (Breakwater),,,23.2,14.0,Yes,No,Unknown,Limited,,36.98361,-1.89722
38460,Puerto De Gandia, ,ES GAN,Spain,Spain SE Coast,Balearic Sea; Mediterranean Sea; North Atlantic Ocean,Very Small,Coastal (Breakwater),,,7.9,9.4,Unknown,Unknown,Unknown,Unknown,Unknown,39.0,-0.15
38398,Puerto De Garrucha, ,ES GAR,Spain,Spain SE Coast,Mediterranean Sea; North Atlantic Ocean,Very Small,Coastal (Breakwater),,,,7.9,Unknown,Unknown,Unknown,Limited,Unknown,37.18333,-1.81667
37290,Puerto De Pasajes, ,ES PAS,Spain,Spain N Coast,Bay of Biscay; North Atlantic Ocean,Medium,River (Natural),,,9.4,11.0,Unknown,Unknown,Small,Limited,Small,43.33333,-1.93333
38180,Puerto Del Rosario, ,ES FUE,Spain,Islas Canarias,North Atlantic Ocean,Very Small,Coastal (Breakwater),,,12.5,11.0,Unknown,Unknown,Unknown,Limited,Small,28.5,-13.85
37670,Ribadeo, ,ES RIB,Spain,Spain N Coast,Bay of Biscay; North Atlantic Ocean,Very Small,River (Natural),,,12.5,4.9,Unknown,Unknown,Small,Limited,Unknown,43.53333,-7.03333
38590,Rosas, ,ES ROS,Spain,Spain SE Coast,Mediterranean Sea; North Atlantic Ocean,Very Small,Coastal (Natural),,,6.4,3.4,Unknown,Unknown,Unknown,Limited,Unknown,42.26667,3.18333
38280,Rota, ,ES ROT,Spain,Spain SW Coast,North Atlantic Ocean,Very Small,Coastal (Breakwater),,,9.4,11.0,Unknown,Unknown,Small,Unknown,Unknown,36.61667,-6.33333
38490,Sagunto,El Puerto; El Puerto De Sagunto; Murveidro; Sagunto,ES SAG,Spain,Spain SE Coast,Balearic Sea; Mediterranean Sea; North Atlantic Ocean,Very Small,Coastal (Breakwater),,,7.9,14.0,Unknown,Unknown,Medium,Limited,Unknown,39.65,-0.21667
37690,San Ciprian, ,ES SCI,Spain,Spain N Coast,Bay of Biscay; North Atlantic Ocean,Very Small,Coastal (Natural),,,17.1,12.5,Unknown,Unknown,Unknown,Emergency Only,Unknown,43.7,-7.43333
38570,San Feliu De Guixols, ,ES SFU,Spain,Spain SE Coast,Mediterranean Sea; North Atlantic Ocean,Very Small,Coastal (Breakwater),,,6.4,6.4,Unknown,Unknown,Medium,Limited,Unknown,41.78333,3.03333
38150,Santa Cruz De La Palma, ,ES SPC,Spain,Islas Canarias,North Atlantic Ocean,Very Small,Coastal (Breakwater),,,12.5,11.0,Unknown,Unknown,Unknown,Emergency Only,Unknown,28.68333,-17.75
38160,Santa Cruz De Tenerife,Teneriffe,ES SCT,Spain,Islas Canarias,North Atlantic Ocean,Medium,Coastal (Breakwater),,13.5,11.0,18.6,Unknown,Unknown,Small,Major,Medium,28.46667,-16.23333
37470,Santander, ,ES SDR,Spain,Spain N Coast,Bay of Biscay; North Atlantic Ocean,Medium,River (Natural),,,11.0,12.5,Unknown,Unknown,Medium,Moderate,Medium,43.46667,-3.78333
38270,Sevilla,Seville,ES SVQ,Spain,Spain SW Coast,North Atlantic Ocean,Medium,Canal or Lake,,,7.9,6.4,Unknown,Unknown,Unknown,Limited,Medium,37.36667,-6.0
38540,Tarragona, ,ES TAR,Spain,Spain SE Coast,Balearic Sea; Mediterranean Sea; North Atlantic Ocean,Large,Coastal (Breakwater),,,20.1,20.1,Unknown,Unknown,Medium,Limited,Unknown,41.1,1.23333
38435,Torrevieja,Puerto De Torrevieja,ES TOR,Spain,Spain SE Coast,Mediterranean Sea; North Atlantic Ocean,Very Small,Coastal (Breakwater),,,11.0,9.4,Unknown,Unknown,Small,Limited,Unknown,37.96667,-0.68333
38480,Valencia, ,ES VLC,Spain,Spain SE Coast,Balearic Sea; Mediterranean Sea; North Atlantic Ocean,Medium,Coastal (Breakwater),,,15.5,17.1,Unknown,Unknown,Medium,Major,Small,39.45,-0.31667
37900,Vigo,Berbes Basin,ES VGO,Spain,Spain N Coast,North Atlantic Ocean,Medium,Coastal (Breakwater),,,23.2,17.1,Unknown,Unknown,Small,Major,Medium,42.23333,-8.71667
37830,Villagarcia De Arosa, ,ES VIL,Spain,Spain N Coast,North Atlantic Ocean,Very Small,Coastal (Natural),,,20.1,11.0,Unknown,Unknown,Small,Limited,Unknown,42.6,-8.76667
38543,Villanueva Y Geltru, ,ES VLG,Spain,Spain SE Coast,Balearic Sea; Mediterranean Sea; North Atlantic Ocean,Very Small,Coastal (Breakwater),,,6.4,6.4,Unknown,Unknown,Small,Unknown,Unknown,41.23333,1.73333
49287,Batticaloa Roads, , ,Sri Lanka,Sri Lanka,Bay of Bengal; Indian Ocean,Unknown,Open Roadstead,,,,,Unknown,Unknown,Unknown,Unknown,Unknown,7.76667,81.68333
49240,Colombo, ,LK CMB,Sri Lanka,Sri Lanka,Laccadive Sea; Indian Ocean,Medium,Coastal (Breakwater),400.0,16.0,16.0,18.0,Yes,Yes,Medium,Moderate,Medium,6.95,79.85
49250,Galle Harbor, ,LK GAL,Sri Lanka,Sri Lanka,Indian Ocean,Small,Coastal (Breakwater),190.0,7.3,9.4,8.9,Unknown,Unknown,Small,Limited,Unknown,6.03306,80.22833
49255,Hambantota, ,LKHBA,Sri Lanka,Sri Lanka,Indian Ocean,Medium, ,362.0,17.0,,17.0,Yes,Yes,Unknown,Unknown,Unknown,6.11667,81.13333
49300,Kankesanturai, ,LK KNK,Sri Lanka,Sri Lanka,Palk Strait; Indian Ocean,Very Small,Open Roadstead,,4.3,9.4,6.4,Unknown,Unknown,Small,Unknown,Unknown,9.81667,80.05
49290,Trincomalee Harbor, ,LK TRR,Sri Lanka,Sri Lanka,Bay of Bengal; Indian Ocean,Medium,Coastal (Natural),250.0,12.5,21.6,13.0,Unknown,Unknown,Small,Unknown,Unknown,8.55,81.21667
47942,Al Khair Oil Terminal, , ,Sudan,Sudan,Red Sea; Indian Ocean,Small,Coastal (Natural),,,,,Unknown,Unknown,Unknown,Unknown,Unknown,19.58333,37.25
47944,Beshayer Oil Terminal, , ,Sudan,Sudan,Red Sea; Indian Ocean,Medium,Open Roadstead,,,,,Unknown,Unknown,Unknown,Unknown,Unknown,19.4,37.31667
47940,Port Sudan,Bur Sudan,SD PZU,Sudan,Sudan,Red Sea; Indian Ocean,Medium,Coastal (Breakwater),294.5,13.2,25.6,16.0,Unknown,Unknown,Large,Limited,Unknown,19.6,37.23333
47946,Sawakin Harbor, ,SD SSD,Sudan,Sudan,Red Sea; Indian Ocean,Small,Coastal (Natural),,,,12.0,Unknown,Unknown,Unknown,Unknown,Unknown,19.13333,37.35
12420,Moengo,Abina; Albina,SR MOJ,Suriname,Suriname,North Atlantic Ocean,Very Small,River (Natural),165.0,,5.1,4.7,Unknown,Unknown,Unknown,,Unknown,5.63333,-54.41667
12405,Nieuw Nickerie,New Nickerie,SR ICK,Suriname,Suriname,North Atlantic Ocean,Very Small,River (Natural),163.0,4.9,2.1,4.5,Unknown,Unknown,Unknown,,Unknown,5.95,-57.0
12410,Paramaribo, ,SR PBM,Suriname,Suriname,North Atlantic Ocean,Small,River (Natural),225.0,8.5,4.6,6.0,Unknown,Unknown,Small,Limited,Unknown,5.83333,-55.16667
12415,Paranam, ,SR PRM,Suriname,Suriname,North Atlantic Ocean,Very Small,River (Natural),220.0,10.0,4.3,12.5,Unknown,Unknown,Small,Limited,Medium,5.61667,-55.1
20560,Barentsburg, ,SJ BAR,Svalbard,Svalbard,Greenland Sea; Arctic Ocean,Very Small,Coastal (Natural),,6.5,,7.9,Yes,No,Unknown,Unknown,Unknown,78.05944,14.20222
20570,Longyearbyen, ,SJ LYR,Svalbard,Svalbard,Greenland Sea; Arctic Ocean,Very Small,Coastal (Natural),333.0,7.1,,7.9,Yes,Yes,Unknown,Unknown,Unknown,78.22722,15.63333
20580,Ny Alesund, ,SJ NYA,Svalbard,Svalbard,Greenland Sea; Arctic Ocean,Very Small,Coastal (Natural),70.0,7.6,,7.9,No,No,Unknown,Unknown,Unknown,78.92833,11.93306
24300,Ahus, ,SE AHU,Sweden,Sweden,Baltic Sea; North Atlantic Ocean,Small,River (Basins),109.2,,7.9,7.9,Yes,Yes,Unknown,Limited,Unknown,55.9275,14.32806
24530,Bergkvara, ,SE BEA,Sweden,Sweden,Baltic Sea; North Atlantic Ocean,Very Small,Open Roadstead,150.0,5.5,4.9,3.4,Yes,No,Unknown,Limited,Unknown,56.38333,16.1
26430,Bollstabruk, ,SE BOL,Sweden,Sweden Cont,Gulf of Bothnia; Baltic Sea; North Atlantic Ocean,Very Small,Coastal (Natural),,,6.4,4.9,Unknown,Unknown,Unknown,Unknown,Unknown,63.0,17.7
23905,Bovallstrand, ,SE BLD,Sweden,Sweden,Skagerrak; North Atlantic Ocean,Very Small,Coastal (Natural),,,7.9,3.4,Unknown,Unknown,Medium,Unknown,Unknown,58.48333,11.33333
27130,Brannfors, ,SE BNF,Sweden,Sweden Cont,Gulf of Bothnia; Baltic Sea; North Atlantic Ocean,Very Small,Coastal (Natural),,,6.4,3.4,Unknown,Unknown,Unknown,Unknown,Unknown,65.01667,21.38333
23950,Brofjorden, ,SE BRO,Sweden,Sweden,Skagerrak; North Atlantic Ocean,Small,Coastal (Natural),230.0,25.0,11.0,23.2,No,No,Unknown,Unknown,Unknown,58.36028,11.42111
24790,Degerhamn, ,SE DEG,Sweden,Oland,Baltic Sea; North Atlantic Ocean,Very Small,Coastal (Breakwater),95.8,5.9,6.5,6.4,Yes,No,Unknown,Limited,Unknown,56.35,16.41667
26720,Domsjo, ,SE DOM,Sweden,Sweden Cont,Gulf of Bothnia; Baltic Sea; North Atlantic Ocean,Very Small,Coastal (Natural),,,20.1,3.4,Unknown,Unknown,Unknown,Unknown,Unknown,63.26667,18.73333
24040,Falkenberg, ,SE FAG,Sweden,Sweden,Kattegat; North Atlantic Ocean,Medium,Coastal (Breakwater),,6.4,6.4,6.4,Yes,No,Large,Moderate,Medium,56.88167,12.46611
24900,Farosund, ,SE FSD,Sweden,Gotland,Baltic Sea; North Atlantic Ocean,Small,Coastal (Natural),,,4.9,7.9,Unknown,Unknown,Medium,Unknown,Unknown,57.91667,19.05
24720,Figeholm, ,SE FIG,Sweden,Sweden,Baltic Sea; North Atlantic Ocean,Very Small,Coastal (Natural),,,3.4,3.4,Unknown,Unknown,Unknown,Unknown,Unknown,57.36667,16.5
23900,Fjallbacka, ,SE FJA,Sweden,Sweden,Skagerrak; North Atlantic Ocean,Very Small,Coastal (Natural),,,6.4,4.9,Unknown,Unknown,Unknown,Limited,Unknown,58.60028,11.27722
25590,Gavle,Gefle,SE GVX,Sweden,Sweden Cont,Gulf of Bothnia; Baltic Sea; North Atlantic Ocean,Small,Coastal (Natural),366.0,12.9,9.4,7.9,Yes,Yes,Medium,Limited,Unknown,60.68333,17.16667
24020,Goteborg,Gothenburg,SE GOT,Sweden,Sweden,Kattegat; North Atlantic Ocean,Large,River (Tide Gates),,,7.9,4.9,Unknown,Unknown,Large,Major,Medium,57.70972,11.95472
23890,Grebbestad, ,SE GRE,Sweden,Sweden,Skagerrak; North Atlantic Ocean,Very Small,Coastal (Natural),,,3.4,4.9,Unknown,Unknown,Small,Limited,Unknown,58.67694,11.24778
25440,Grisslehamn, ,SE GRH,Sweden,Sweden Cont,Baltic Sea; North Atlantic Ocean,Very Small,Coastal (Natural),,6.0,4.9,1.8,No,No,Medium,Unknown,Unknown,60.1,18.81667
26990,Gumbodahamn, , ,Sweden,Sweden Cont,Gulf of Bothnia; Baltic Sea; North Atlantic Ocean,Very Small,River (Basins),,,4.9,4.9,Unknown,Unknown,Unknown,Unknown,Unknown,64.23333,21.1
25360,Gustavsberg, ,SE GUB,Sweden,Sweden Cont,Baltic Sea; North Atlantic Ocean,Very Small,Coastal (Natural),,,3.4,3.4,Unknown,Unknown,Unknown,Unknown,Unknown,59.31667,18.38333
26310,Gustavsvik, ,SE GUS,Sweden,Sweden Cont,Gulf of Bothnia; Baltic Sea; North Atlantic Ocean,Very Small,Coastal (Natural),,,9.4,3.4,Unknown,Unknown,Small,Moderate,Medium,62.83333,17.88333
25460,Hallstavik, ,SE HAK,Sweden,Sweden Cont,Gulf of Bothnia; Baltic Sea; North Atlantic Ocean,Very Small,River (Basins),,7.0,6.4,6.4,Yes,No,Medium,Limited,Unknown,60.05,18.58333
24050,Halmstad, ,SE HAD,Sweden,Sweden,Kattegat; North Atlantic Ocean,Small,Coastal (Breakwater),200.0,9.5,11.0,6.4,Yes,Yes,Large,Moderate,Small,56.66667,12.86667
25480,Hargshamn, ,SE HAN,Sweden,Sweden Cont,Gulf of Bothnia; Baltic Sea; North Atlantic Ocean,Very Small,Coastal (Natural),193.0,12.5,7.9,6.4,Yes,Yes,Small,Unknown,Unknown,60.18333,18.45
26240,Harnosand,Hernosand,SE HND,Sweden,Sweden Cont,Gulf of Bothnia; Baltic Sea; North Atlantic Ocean,Small,Coastal (Natural),,10.5,6.4,7.9,Yes,Yes,Small,Limited,Small,62.63333,17.93333
24120,Helsingborg, ,SE HEL,Sweden,Sweden,Baltic Sea; North Atlantic Ocean,Medium,Coastal (Breakwater),250.0,12.3,9.4,4.9,Yes,Yes,Medium,Moderate,Small,56.03528,12.68778
24100,Hoganas, ,SE HOG,Sweden,Sweden,Kattegat; North Atlantic Ocean,Very Small,Coastal (Breakwater),130.0,7.4,7.9,4.9,Yes,No,Small,Limited,Unknown,56.19667,12.54472
25780,Hudiksvall, ,SE HUV,Sweden,Sweden Cont,Gulf of Bothnia; Baltic Sea; North Atlantic Ocean,Small,River (Basins),,9.9,9.4,4.9,Yes,Yes,Small,Limited,Unknown,61.73333,17.11667
23910,Hunnebostrand, ,SE HUN,Sweden,Sweden,Skagerrak; North Atlantic Ocean,Very Small,Coastal (Natural),,,3.4,4.9,Unknown,Unknown,Unknown,Unknown,Unknown,58.43778,11.28611
26790,Husum, ,SE HUS,Sweden,Sweden Cont,Gulf of Bothnia; Baltic Sea; North Atlantic Ocean,Very Small,Coastal (Natural),,,9.4,6.4,Unknown,Unknown,Unknown,Unknown,Unknown,63.33333,19.15
25760,Iggesund, ,SE IGG,Sweden,Sweden Cont,Gulf of Bothnia; Baltic Sea; North Atlantic Ocean,Very Small,Coastal (Natural),173.9,7.5,6.4,7.9,No,No,Small,Limited,Unknown,61.65,17.08333
27090,Kagehamn, , ,Sweden,Sweden Cont,Gulf of Bothnia; Baltic Sea; North Atlantic Ocean,Very Small,Coastal (Natural),,,6.4,4.9,Unknown,Unknown,Unknown,Limited,Unknown,64.83333,21.03333
24570,Kalmar, ,SE KLR,Sweden,Sweden,Baltic Sea; North Atlantic Ocean,Very Small,Coastal (Breakwater),185.0,7.3,6.4,4.9,Yes,Yes,Medium,Limited,Medium,56.66667,16.36667
27280,Karlsborg, ,SE KXV,Sweden,Sweden Cont,Gulf of Bothnia; Baltic Sea; North Atlantic Ocean,Medium,Coastal (Natural),133.4,7.3,6.4,4.9,Yes,No,Small,Limited,Unknown,65.8,23.28333
24370,Karlshamn, ,SE KAN,Sweden,Sweden,Baltic Sea; North Atlantic Ocean,Medium,River (Natural),240.0,13.5,12.5,4.9,Yes,Yes,Medium,Limited,Small,56.15278,14.86917
24460,Karlskrona, ,SE KAA,Sweden,Sweden,Baltic Sea; North Atlantic Ocean,Very Small,Coastal (Breakwater),,8.0,6.4,1.8,Yes,No,Unknown,Limited,Medium,56.16667,15.6
25570,Karskar, ,SE KAS,Sweden,Sweden Cont,Gulf of Bothnia; Baltic Sea; North Atlantic Ocean,Very Small,Coastal (Natural),220.0,10.2,6.4,3.4,No,No,Small,Limited,Unknown,60.68333,17.26667
24960,Klintehamn, ,SE KLI,Sweden,Gotland,Baltic Sea; North Atlantic Ocean,Very Small,Coastal (Breakwater),115.0,6.0,4.9,4.9,Yes,No,Unknown,Limited,Unknown,57.38333,18.2
26710,Kopmanholmen, ,SE KMH,Sweden,Sweden Cont,Gulf of Bothnia; Baltic Sea; North Atlantic Ocean,Very Small,Coastal (Natural),152.0,,7.9,1.8,No,No,Unknown,Limited,Unknown,63.16667,18.58333
26380,Kramfors, ,SE KRF,Sweden,Sweden Cont,Gulf of Bothnia; Baltic Sea; North Atlantic Ocean,Very Small,Coastal (Natural),,,6.4,6.4,Unknown,Unknown,Small,Limited,Unknown,62.93333,17.8
24180,Landskrona, ,SE LAA,Sweden,Sweden,Baltic Sea; North Atlantic Ocean,Small,Coastal (Natural),190.0,10.0,11.0,4.9,Yes,No,Medium,Major,Medium,55.85972,12.82667
24220,Limhamn, ,SE LIM,Sweden,Sweden,Baltic Sea; North Atlantic Ocean,Very Small,Coastal (Breakwater),,,6.4,6.4,Unknown,Unknown,Large,Major,Small,55.59111,12.91833
27220,Lulea, ,SE LLA,Sweden,Sweden Cont,Gulf of Bothnia; Baltic Sea; North Atlantic Ocean,Medium,Coastal (Natural),299.0,11.2,11.0,7.9,Yes,No,Medium,Limited,Unknown,65.58333,22.16667
26340,Lunde, , ,Sweden,Sweden Cont,Gulf of Bothnia; Baltic Sea; North Atlantic Ocean,Very Small,Coastal (Natural),,,9.4,3.4,Unknown,Unknown,Small,Limited,Unknown,62.88333,17.88333
23970,Lysekil, ,SE LYS,Sweden,Sweden,Skagerrak; North Atlantic Ocean,Very Small,Coastal (Breakwater),237.8,8.9,7.9,6.4,Yes,Yes,Small,Limited,Unknown,58.27139,11.44417
24210,Malmo, ,SE MMA,Sweden,Sweden,Baltic Sea; North Atlantic Ocean,Large,Coastal (Breakwater),250.0,12.5,7.9,4.9,Yes,Yes,Large,Major,Small,55.62333,12.98472
24010,Marstrand, ,SE MSD,Sweden,Sweden,Kattegat; North Atlantic Ocean,Very Small,Coastal (Natural),,,3.4,,Unknown,Unknown,Medium,Moderate,Unknown,57.88389,11.58833
26810,Nordmaling, ,SE NOG,Sweden,Sweden Cont,Gulf of Bothnia; Baltic Sea; North Atlantic Ocean,Very Small,Coastal (Natural),,,3.4,4.9,Unknown,Unknown,Unknown,Limited,Unknown,63.56667,19.48333
25190,Norrkoping, ,SE NRK,Sweden,Sweden Cont,Baltic Sea; North Atlantic Ocean,Medium,River (Natural),260.0,13.5,7.9,4.9,Yes,Yes,Medium,Limited,Small,58.58333,16.2
25610,Norrsundet, ,SE NOT,Sweden,Sweden Cont,Gulf of Bothnia; Baltic Sea; North Atlantic Ocean,Very Small,Coastal (Natural),140.0,6.4,6.4,3.4,Yes,No,Small,Limited,Unknown,60.93333,17.16667
25290,Nykoping, ,SE NYO,Sweden,Sweden Cont,Baltic Sea; North Atlantic Ocean,Small,River (Basins),,,9.4,4.9,Unknown,Unknown,Small,Limited,Unknown,58.75,17.01667
25330,Nynashamn, ,SE NYN,Sweden,Sweden Cont,Baltic Sea; North Atlantic Ocean,Small,Coastal (Natural),300.0,,14.0,,No,No,Unknown,Limited,Unknown,58.9,17.96667
26880,Obbola, ,SE OBB,Sweden,Sweden Cont,Gulf of Bothnia; Baltic Sea; North Atlantic Ocean,Very Small,Coastal (Natural),,,9.4,6.4,Unknown,Unknown,Unknown,Limited,Unknown,63.7,20.33333
26730,Ornskoldsvik, ,SE OER,Sweden,Sweden Cont,Gulf of Bothnia; Baltic Sea; North Atlantic Ocean,Small,Coastal (Breakwater),213.0,10.0,12.5,3.4,Yes,No,Small,Moderate,Unknown,63.28333,18.71667
24690,Oskarshamn, ,SE OSK,Sweden,Sweden,Baltic Sea; North Atlantic Ocean,Small,Coastal (Natural),220.0,10.3,6.4,4.9,Yes,No,Large,Moderate,Small,57.26667,16.45
25280,Oxelosund, ,SE OXE,Sweden,Sweden Cont,Baltic Sea; North Atlantic Ocean,Small,Coastal (Natural),265.0,15.5,4.9,11.0,Yes,Yes,Small,Limited,Unknown,58.66667,17.11667
27190,Pitea, ,SE PIT,Sweden,Sweden Cont,Gulf of Bothnia; Baltic Sea; North Atlantic Ocean,Small,Coastal (Natural),250.0,11.5,11.0,,Yes,Yes,Small,Limited,Unknown,65.31667,21.48333
24810,Ronehamn, ,SE RNH,Sweden,Gotland,Baltic Sea; North Atlantic Ocean,Small,Coastal (Natural),35.0,4.0,21.6,6.4,No,No,Unknown,Limited,Unknown,57.11667,18.5
24440,Ronneby,Ronneby Redd,SE RNB,Sweden,Sweden,Baltic Sea; North Atlantic Ocean,Small,River (Natural),,5.5,4.9,4.9,Yes,No,Unknown,Limited,Unknown,56.17278,15.30139
26800,Rundvik, ,SE RUV,Sweden,Sweden Cont,Gulf of Bothnia; Baltic Sea; North Atlantic Ocean,Very Small,Coastal (Natural),173.9,7.1,7.9,6.4,No,No,Unknown,Unknown,Unknown,63.53333,19.45
25700,Sandarne, ,SE SAE,Sweden,Sweden Cont,Gulf of Bothnia; Baltic Sea; North Atlantic Ocean,Small,Coastal (Natural),,,6.4,6.4,Unknown,Unknown,Unknown,Limited,Unknown,61.26667,17.18333
25370,Sandhamn, , ,Sweden,Sweden Cont,Baltic Sea; North Atlantic Ocean,Very Small,Coastal (Natural),,,11.0,3.4,Unknown,Unknown,Unknown,Unknown,Unknown,59.28333,18.91667
27330,Sandvik, ,SE SAK,Sweden,Sweden Cont,Gulf of Bothnia; Baltic Sea; North Atlantic Ocean,Very Small,Coastal (Natural),,,3.4,4.9,Unknown,Unknown,Unknown,Emergency Only,Unknown,65.73333,23.76667
24280,Simrishamn, ,SE SIM,Sweden,Sweden,Baltic Sea; North Atlantic Ocean,Small,Coastal (Tide Gates),,5.0,4.9,4.9,No,No,Unknown,Limited,Unknown,55.55833,14.35806
27080,Skelleftehamn,Skelleftea,SE SFT,Sweden,Sweden Cont,Gulf of Bothnia; Baltic Sea; North Atlantic Ocean,Small,Coastal (Natural),200.0,12.0,7.9,4.9,Yes,No,Small,Limited,Unknown,64.68333,21.23333
25550,Skutskar,Skutskar-Harnas,SE SSR,Sweden,Sweden Cont,Gulf of Bothnia; Baltic Sea; North Atlantic Ocean,Small,Coastal (Natural),149.9,6.9,6.4,4.9,No,No,Small,Limited,Unknown,60.65,17.4
24840,Slite, ,SE SLI,Sweden,Gotland,Baltic Sea; North Atlantic Ocean,Small,Open Roadstead,,7.4,3.4,6.4,Yes,No,Unknown,Limited,Unknown,57.7,18.81667
25720,Soderhamn, ,SE SOO,Sweden,Sweden Cont,Gulf of Bothnia; Baltic Sea; North Atlantic Ocean,Small,River (Natural),,11.0,4.9,4.9,Yes,No,Small,Limited,Unknown,61.3,17.08333
25320,Sodertalje, ,SE SOE,Sweden,Sweden Cont,Baltic Sea; North Atlantic Ocean,Small,Canal or Lake,200.0,9.0,7.9,7.9,Yes,Yes,Medium,Limited,Unknown,59.18333,17.65
24310,Solvesborg, ,SE SOL,Sweden,Sweden,Baltic Sea; North Atlantic Ocean,Small,Coastal (Natural),,7.1,6.4,6.4,Yes,No,Unknown,Moderate,Small,56.04556,14.58639
26180,Soraker, ,SE SOR,Sweden,Sweden Cont,Gulf of Bothnia; Baltic Sea; North Atlantic Ocean,Very Small,Coastal (Natural),,,9.4,4.9,Unknown,Unknown,Small,Limited,Unknown,62.5,17.5
24000,Stenungsund, ,SE STE,Sweden,Sweden,Kattegat; North Atlantic Ocean,Very Small,Open Roadstead,240.0,13.0,12.5,,Yes,No,Small,Limited,Unknown,58.07972,11.8
25800,Stocka,Stockvik,SE STA,Sweden,Sweden Cont,Gulf of Bothnia; Baltic Sea; North Atlantic Ocean,Very Small,Coastal (Natural),,,4.9,4.9,Unknown,Unknown,Small,Limited,Unknown,61.9,17.35
25380,Stockholm, ,SE STO,Sweden,Sweden Cont,Baltic Sea; North Atlantic Ocean,Large,Coastal (Breakwater),333.3,12.0,9.4,6.4,Yes,Yes,Medium,Major,Large,59.33333,18.05
25900,Stockvik, ,SE STK,Sweden,Sweden Cont,Gulf of Bothnia; Baltic Sea; North Atlantic Ocean,Very Small,Coastal (Natural),,,23.2,6.4,Unknown,Unknown,Unknown,Unknown,Unknown,62.33333,17.38333
24635,Stora Jatterson, ,SE JAT,Sweden,Sweden,Baltic Sea; North Atlantic Ocean,Very Small,Open Roadstead,,,6.4,,Unknown,Unknown,Unknown,Unknown,Unknown,57.1,16.56667
24940,Storugns, ,SE SUS,Sweden,Gotland,Baltic Sea; North Atlantic Ocean,Very Small,Open Roadstead,160.0,8.7,9.4,6.4,Yes,No,Unknown,Limited,Unknown,57.83333,18.8
23870,Stromstad,Stroemstad,SE SMD,Sweden,Sweden,Skagerrak; North Atlantic Ocean,Very Small,Coastal (Breakwater),160.3,7.0,7.9,,No,No,Small,Limited,Unknown,58.93333,11.16667
25910,Sundsvall, ,SE SDL,Sweden,Sweden Cont,Gulf of Bothnia; Baltic Sea; North Atlantic Ocean,Medium,Coastal (Natural),250.0,11.3,9.4,11.0,Yes,Yes,Small,Limited,Unknown,62.38333,17.35
27250,Torehamn, ,SE TOE,Sweden,Sweden Cont,Gulf of Bothnia; Baltic Sea; North Atlantic Ocean,Very Small,Coastal (Natural),,,7.9,6.4,Unknown,Unknown,Unknown,Unknown,Unknown,65.9,22.65
24250,Trelleborg, ,SE TRG,Sweden,Sweden,Baltic Sea; North Atlantic Ocean,Small,Coastal (Breakwater),229.4,,6.4,7.9,Yes,Yes,Small,Limited,Unknown,55.36,13.15056
23990,Uddevalla, ,SE UDD,Sweden,Sweden,Kattegat; North Atlantic Ocean,Medium,River (Basins),,11.5,4.9,4.9,Yes,Yes,Unknown,Limited,Unknown,58.33472,11.8775
26280,Ulvvik, , ,Sweden,Sweden Cont,Gulf of Bothnia; Baltic Sea; North Atlantic Ocean,Very Small,Coastal (Natural),,,11.0,6.4,Unknown,Unknown,Unknown,Limited,Unknown,62.66667,17.86667
26890,Umea Hamn,Umea,SE UME,Sweden,Sweden Cont,Gulf of Bothnia; Baltic Sea; North Atlantic Ocean,Small,Coastal (Breakwater),215.0,10.0,12.5,4.9,Yes,Yes,Small,Moderate,Unknown,63.7,20.35
26290,Utansjo,Utansio,SE UTA,Sweden,Sweden Cont,Gulf of Bothnia; Baltic Sea; North Atlantic Ocean,Very Small,Coastal (Natural),,,7.9,7.9,Unknown,Unknown,Unknown,Unknown,Unknown,62.76667,17.93333
26420,Vaja, ,SE VAJ,Sweden,Sweden Cont,Gulf of Bothnia; Baltic Sea; North Atlantic Ocean,Very Small,River (Natural),,,3.4,7.9,Unknown,Unknown,Unknown,Unknown,Unknown,62.98333,17.71667
25640,Vallvik, ,SE VAL,Sweden,Sweden Cont,Gulf of Bothnia; Baltic Sea; North Atlantic Ocean,Small,Coastal (Natural),137.8,7.0,3.4,7.9,Yes,No,Small,Limited,Unknown,61.18333,17.16667
24030,Varberg, ,SE VAG,Sweden,Sweden,Kattegat; North Atlantic Ocean,Medium,Coastal (Breakwater),215.0,10.0,11.0,4.9,Yes,Yes,Medium,Limited,Unknown,57.10889,12.2325
25395,Vasteras, ,SE VST,Sweden,Sweden Cont,Baltic Sea; North Atlantic Ocean,Medium,Canal or Lake,124.5,7.0,4.9,3.4,Yes,Yes,Small,Moderate,Unknown,59.61667,16.55
25060,Vastervik,Vestervik,SE VVK,Sweden,Sweden Cont,Baltic Sea; North Atlantic Ocean,Small,Coastal (Breakwater),,8.0,3.4,4.9,Yes,No,Small,Unknown,Unknown,57.76667,16.65
25050,Verkeback, ,SE VER,Sweden,Sweden Cont,Baltic Sea; North Atlantic Ocean,Very Small,Coastal (Natural),,,6.4,1.8,Unknown,Unknown,Unknown,Unknown,Unknown,57.73333,16.53333
24950,Visby, ,SE VBY,Sweden,Gotland,Baltic Sea; North Atlantic Ocean,Small,Coastal (Breakwater),340.0,8.2,4.9,6.4,Yes,No,Small,Limited,Unknown,57.63333,18.28333
26140,Vivstavarv, ,SE VIV,Sweden,Sweden Cont,Gulf of Bothnia; Baltic Sea; North Atlantic Ocean,Very Small,Coastal (Natural),,,6.4,6.4,Unknown,Unknown,Small,Limited,Unknown,62.48333,17.35
24260,Ystad, ,SE YST,Sweden,Sweden,Baltic Sea; North Atlantic Ocean,Small,Coastal (Breakwater),106.9,6.7,6.4,4.9,Yes,No,Small,Limited,Unknown,55.41833,13.81806
45010,Al Ladhiqiyah,Latakia,SY ALD,Syria,Syria,Mediterranean Sea; North Atlantic Ocean,Medium,Coastal (Breakwater),294.1,,14.0,12.5,Yes,Yes,Medium,Limited,Large,35.53333,35.76667
45005,Baniyas, ,SY BAN,Syria,Syria,Mediterranean Sea; North Atlantic Ocean,Large,Coastal (Breakwater),,,,,Unknown,Unknown,Unknown,Limited,Unknown,35.18833,35.94333
45003,Tartus,Tartous,SY TTS,Syria,Syria,Mediterranean Sea; North Atlantic Ocean,Small,Coastal (Breakwater),207.0,,14.0,12.5,Yes,Yes,Medium,Limited,Medium,34.9,35.86667
57890,Chi-Lung,Keelung,TW KEL,Taiwan,Taiwan,East China Sea; North Pacific Ocean,Large,Coastal (Natural),347.0,16.0,26.0,16.0,Yes,Yes,Medium,Major,Large,25.13333,121.76667
57910,Hua-Lien Kang,Karenko,TW HUN,Taiwan,Taiwan,Taiwan Strait; North Pacific Ocean,Medium,Coastal (Breakwater),285.0,15.5,17.0,14.5,Yes,Yes,Small,Moderate,Small,23.98333,121.6
57920,Kao-Hsiung, ,TW KHH,Taiwan,Taiwan,South China Sea; North Pacific Ocean,Large,Coastal (Breakwater),400.0,17.5,12.5,17.6,Yes,Yes,Small,Moderate,Large,22.61667,120.25
57953,Mailiao, ,TW MLI,Taiwan,Taiwan,Taiwan Strait; North Pacific Ocean,Very Small,Coastal (Breakwater),339.0,20.3,21.6,14.0,Unknown,Unknown,Unknown,Limited,Medium,23.78333,120.16667
57950,Peng-Hu Kang,Ma-kung,TW MZG,Taiwan,Peng Hu Lifh Tao,Taiwan Strait; North Pacific Ocean,Small,Coastal (Natural),,,7.9,4.9,Unknown,Unknown,Unknown,Limited,Medium,23.58333,119.53333
57900,Su-Ao,Su Ao Kang,TW SUO,Taiwan,Taiwan,East China Sea; North Pacific Ocean,Medium,Coastal (Breakwater),225.0,13.6,62.0,12.0,Yes,Unknown,Medium,Limited,Small,24.6,121.86667
57955,Tai-Chung Kang, ,TW TXG,Taiwan,Peng Hu Lifh Tao,Taiwan Strait; North Pacific Ocean,Large,Coastal (Natural),300.0,14.5,16.0,16.0,Yes,Yes,Medium,Limited,Unknown,24.3,120.5
57935,Tan-Shui,Taipei; Tan-shui Kang,TW TPE,Taiwan,Taiwan,East China Sea; North Pacific Ocean,Large,River (Natural),400.0,14.6,16.0,16.0,Yes,Yes,Small,Limited,Unknown,25.18333,121.4
47020,Chake Chake, , ,Tanzania,Tanzania,Indian Ocean,Small,Coastal (Natural),,,14.0,,Unknown,Unknown,Unknown,Unknown,Unknown,-5.25,39.76667
47010,Dar Es Salaam, ,TZ DAR,Tanzania,Tanzania,Indian Ocean,Medium,Coastal (Natural),,,9.4,7.9,Unknown,Unknown,Small,Limited,Unknown,-6.81667,39.3
47000,Kilwa Kivinje, ,TZ KIK,Tanzania,Tanzania,Indian Ocean,Very Small,Open Roadstead,,,9.4,7.9,Unknown,Unknown,Unknown,Unknown,Unknown,-8.73333,39.41667
46970,Mikindani,Pimlea,TZ MIK,Tanzania,Tanzania,Indian Ocean,Very Small,Coastal (Natural),,,7.9,1.8,Unknown,Unknown,Unknown,Emergency Only,Unknown,-10.26667,40.13333
47005,Mjimwema Terminal, , ,Tanzania,Tanzania,Indian Ocean,Very Small,Open Roadstead,,,23.2,,Unknown,Unknown,Unknown,,Unknown,-6.81667,39.36667
46975,Mtwara, ,TZ MYW,Tanzania,Tanzania,Indian Ocean,Very Small,Coastal (Breakwater),,,20.1,9.4,Unknown,Unknown,Unknown,Emergency Only,Unknown,-10.26667,40.2
47030,Tanga, ,TZ TGT,Tanzania,Tanzania,Indian Ocean,Small,Coastal (Natural),,,17.1,4.9,Unknown,Unknown,Unknown,Moderate,Unknown,-5.08333,39.11667
47050,Zanzibar, ,TZ ZNZ,Tanzania,Tanzania,Indian Ocean,Small,Coastal (Natural),,,11.0,4.9,Unknown,Unknown,Unknown,Limited,Small,-6.16667,39.18333
49792,Bang Saphan,Prachuap Port,TH BSP,Thailand,Thailand,Gulf of Thailand; South China Sea; North Pacific Ocean,Very Small,Coastal (Natural),225.0,13.5,14.0,7.9,Unknown,Unknown,Unknown,Limited,Unknown,11.18333,99.6
57450,Bangkok,Krung Thep,TH BKK,Thailand,Thailand,Gulf of Thailand; South China Sea; North Pacific Ocean,Large,River (Natural),182.0,8.2,7.9,7.9,Unknown,Unknown,Unknown,Limited,Medium,13.75,100.5
57436,Benchamas Terminal, ,TH BEN,Thailand,Thailand,Gulf of Thailand; South China Sea; North Pacific Ocean,Very Small,Open Roadstead,,,,,Unknown,Unknown,Unknown,,Unknown,10.51667,101.25
57433,Bongkot Terminal, , ,Thailand,Thailand,Gulf of Thailand; South China Sea; North Pacific Ocean,Very Small,Open Roadstead,,,23.2,,Unknown,Unknown,Unknown,,Unknown,8.05,102.33333
57440,Erawan Terminal, ,TH ERA,Thailand,Thailand,Gulf of Thailand; South China Sea; North Pacific Ocean,Very Small,Open Roadstead,,,23.2,,Unknown,Unknown,Unknown,,Unknown,9.1,101.35
49790,Kantang Harbor, ,TH KAN,Thailand,Thailand,Andaman Sea; Indian Ocean,Very Small,River (Natural),,,1.8,,Unknown,Unknown,Small,Limited,Unknown,7.4,99.51667
49794,Khanom, ,TH KHA,Thailand,Thailand,Gulf of Thailand; South China Sea; North Pacific Ocean,Very Small,Coastal (Natural),181.0,9.5,9.5,7.9,Unknown,Unknown,Unknown,Limited,Unknown,9.2,99.9
57470,Ko Si Chang Terminal, ,TH KSI,Thailand,Thailand,Gulf of Thailand; South China Sea; North Pacific Ocean,Very Small,Open Roadstead,,,23.2,11.0,Unknown,Unknown,Unknown,Limited,Unknown,13.16667,100.81667
49780,Krabi, ,TH KRV,Thailand,Thailand,Andaman Sea; Indian Ocean,Very Small,River (Natural),,,3.4,6.4,Unknown,Unknown,Unknown,,Unknown,8.06667,98.91667
57462,Laem Chabang, ,TH LCH,Thailand,Thailand,Gulf of Thailand; South China Sea; North Pacific Ocean,Small,Coastal (Breakwater),,17.0,12.5,12.5,Unknown,Unknown,Small,Limited,Medium,13.08333,100.88333
57437,Map Ta Phut, ,TH MAT,Thailand,Thailand,Gulf of Thailand; South China Sea; North Pacific Ocean,Very Small,Coastal (Breakwater),,,9.4,12.5,Unknown,Unknown,Unknown,Unknown,Unknown,12.66667,101.16667
57435,Pattani, ,TH PTN,Thailand,Thailand,Gulf of Thailand; South China Sea; North Pacific Ocean,Small,Coastal (Natural),,,1.8,4.9,Unknown,Unknown,Small,Limited,Unknown,6.95,101.3
57472,Petchburi Terminal, , ,Thailand,Thailand,Gulf of Thailand; South China Sea; North Pacific Ocean,Very Small,Open Roadstead,210.0,11.5,,11.0,Unknown,Unknown,Small,Limited,Unknown,13.16667,100.15
49770,Phuket,Puket; Tha Rua Phuket,TH PKT,Thailand,Thailand,Andaman Sea; Indian Ocean,Small,Open Roadstead,,,7.9,9.4,Unknown,Unknown,Unknown,Limited,Small,7.83333,98.4
57443,Rayong Tpi Terminal, ,TH RYG,Thailand,Thailand,Gulf of Thailand; South China Sea; North Pacific Ocean,Very Small,Open Roadstead,,,18.6,14.0,Unknown,Unknown,Unknown,Unknown,Unknown,12.63333,101.3
57446,Sattahip, ,TH SAT,Thailand,Thailand,Gulf of Thailand; South China Sea; North Pacific Ocean,Medium,Coastal (Breakwater),250.0,10.0,7.9,7.9,Unknown,Unknown,Unknown,Unknown,Unknown,12.61667,100.91667
57458,Si Racha, ,TH SRI,Thailand,Thailand,Gulf of Thailand; South China Sea; North Pacific Ocean,Medium,Open Roadstead,239.0,12.5,14.0,12.5,Unknown,Unknown,Unknown,Limited,Unknown,13.16667,100.91667
57460,Si Racha Terminal, ,TH SRI,Thailand,Thailand,Gulf of Thailand; South China Sea; North Pacific Ocean,Very Small,Open Roadstead,274.0,20.8,14.0,14.0,Unknown,Unknown,Unknown,Limited,Unknown,13.11667,100.88333
57461,Siam Seaport, ,TH SBP,Thailand,Thailand,Gulf of Thailand; South China Sea; North Pacific Ocean,Very Small,Open Roadstead,236.0,14.5,14.0,14.0,Unknown,Unknown,Unknown,Limited,Unknown,13.13333,100.88333
57439,Songkhla Harbor, ,TH SGK,Thailand,Thailand,Gulf of Thailand; South China Sea; North Pacific Ocean,Very Small,River (Natural),200.0,8.2,7.9,9.4,Unknown,Unknown,Small,,Small,7.21667,100.58333
57434,Tantawan Marine Terminal, ,TH TTE,Thailand,Thailand,Gulf of Thailand; South China Sea; North Pacific Ocean,Very Small,Open Roadstead,,,,,Unknown,Unknown,Unknown,Limited,Unknown,10.08333,101.41667
9995,Clifton Pier, ,BS CLP,The Bahamas,Bahama Islands,North Atlantic Ocean,Very Small,Open Roadstead,,,11.0,,Unknown,Unknown,Unknown,Unknown,Unknown,25.0,-77.55
10006,Cockburn Town, ,BS CBT,The Bahamas,West Indies,North Atlantic Ocean,Very Small,Open Roadstead,,,,1.8,Unknown,Unknown,Unknown,Unknown,Unknown,24.05,-74.53333
9985,Freeport, ,BS FPO,The Bahamas,Bahama Islands,North Atlantic Ocean,Small,River (Basins),367.3,15.0,14.0,11.0,Yes,Yes,Unknown,Major,Medium,26.51667,-78.78333
10010,Matthew Town, ,BS MAT,The Bahamas,Bahama Islands,North Atlantic Ocean,Very Small,Open Roadstead,,,3.4,12.5,Unknown,Unknown,Unknown,Limited,Unknown,20.95,-73.68333
9990,Nassau, ,BS NAS,The Bahamas,Bahama Islands,North Atlantic Ocean,Medium,Coastal (Natural),360.0,11.0,11.0,11.0,Yes,Yes,Medium,Limited,Small,25.08333,-77.35
9987,South Riding Point, ,BS SRP,The Bahamas,Bahama Islands,North Atlantic Ocean,Very Small,Coastal (Natural),,,23.2,,Unknown,Unknown,Unknown,Limited,Unknown,26.61667,-78.21667
45825,Banjul,Bathurst,GMBJL,The Gambia,Gambia,North Atlantic Ocean,Very Small,River (Natural),,,7.9,9.4,Unknown,Unknown,Unknown,Limited,Unknown,13.45,-16.56667
51440,Dili, ,TL DIL,Timor-Leste,East Timor,Banda Sea; South Pacific Ocean,Small,Coastal (Natural),140.0,7.2,23.2,6.4,Unknown,Unknown,Unknown,Unknown,Unknown,-8.53333,125.58333
46095,Kpeme, ,TG KPE,Togo,Togo,Bight of Benin; Gulf of Guinea; North Atlantic Ocean,Very Small,Open Roadstead,199.9,11.8,16.0,9.8,Yes,Unknown,Small,,Unknown,6.2,1.51667
46090,Lome,Port De Lome,TG LFW,Togo,Togo,Bight of Benin; Gulf of Guinea; North Atlantic Ocean,Medium,Coastal (Breakwater),250.0,15.5,14.5,15.0,Yes,Yes,Unknown,Limited,,6.13333,1.28333
55610,Neiafu, ,TO NEI,Tonga,Tonga,South Pacific Ocean,Very Small,Coastal (Natural),120.0,7.0,4.9,7.9,Unknown,Unknown,Unknown,Unknown,Unknown,-18.65,-173.98333
55590,Nuku Alofa, ,TO TBU,Tonga,Tonga,South Pacific Ocean,Very Small,Coastal (Natural),300.0,10.0,11.0,14.0,Unknown,Unknown,Unknown,Limited,Unknown,-21.13333,-175.2
55600,Pangai, ,TO PAN,Tonga,Tonga,South Pacific Ocean,Very Small,Coastal (Natural),,,4.9,1.8,Unknown,Unknown,Unknown,Limited,Unknown,-19.8,-174.35
11718,Anse Tembladora, ,TTTEM,Trinidad and Tobago,Trinidad,Caribbean Sea; North Atlantic Ocean,Very Small,Open Roadstead,209.0,11.0,11.0,7.9,Unknown,Unknown,Unknown,Limited,Unknown,10.68333,-61.58333
11760,Brighton, ,TTLAB,Trinidad and Tobago,Trinidad,Caribbean Sea; North Atlantic Ocean,Very Small,Open Roadstead,333.0,11.6,12.5,4.9,Yes,Unknown,Unknown,Limited,Unknown,10.25,-61.63333
11710,Chaguaramas, ,TTCHA,Trinidad and Tobago,Trinidad,Caribbean Sea; North Atlantic Ocean,Very Small,Coastal (Natural),190.0,,,9.4,Yes,Unknown,Unknown,Major,Medium,10.68333,-61.65
11772,Galeota Point Terminal,Galeota Oil Terminal,TTGUA,Trinidad and Tobago,Trinidad,North Atlantic Ocean,Small,Open Roadstead,,,23.2,,Unknown,Unknown,Unknown,,Unknown,10.13333,-60.98333
11770,Point Fortin,Point Guapo; Port Fortin,TTPTF,Trinidad and Tobago,Trinidad,Caribbean Sea; North Atlantic Ocean,Very Small,Open Roadstead,300.0,11.5,12.5,,Unknown,Unknown,Unknown,,Unknown,10.2,-61.7
11750,Point Lisas Industrial Port, ,TTPTS,Trinidad and Tobago,Trinidad,Caribbean Sea; North Atlantic Ocean,Small,Coastal (Natural),,,12.5,11.0,Unknown,Unknown,Small,Limited,Unknown,10.4,-61.5
11725,Point Lisas Port,Hydro Agri Trindad Ltd; Yara Trinidad,TTPTS,Trinidad and Tobago,Trinidad,Caribbean Sea; North Atlantic Ocean,Small,River (Basins),245.0,11.6,12.5,11.0,Yes,Yes,Small,Limited,Small,10.38333,-61.48333
11730,Pointe A Pierre, ,TTPTP,Trinidad and Tobago,Trinidad,Caribbean Sea; North Atlantic Ocean,Small,Open Roadstead,236.0,11.8,12.5,6.4,Unknown,Unknown,Small,Limited,Unknown,10.31667,-61.46667
11720,Port Of Spain, ,TTPOS,Trinidad and Tobago,Trinidad,Caribbean Sea; North Atlantic Ocean,Medium,Coastal (Natural),333.3,11.4,11.0,11.0,Yes,Yes,Small,Limited,Unknown,10.65,-61.51667
11700,Scarborough, ,TTSCA,Trinidad and Tobago,Tobago,North Atlantic Ocean,Very Small,Open Roadstead,157.6,8.0,9.4,7.9,Unknown,Unknown,Unknown,Unknown,Unknown,11.18333,-60.73333
45377,Ashtart Oil Terminal, ,TN ASH,Tunisia,Tunisia,Mediterranean Sea; North Atlantic Ocean,Small,Open Roadstead,,,,,Unknown,Unknown,Unknown,,Unknown,34.28333,11.38333
45440,Banzart,Bizerte,TN BIZ,Tunisia,Tunisia,Mediterranean Sea; North Atlantic Ocean,Small,Coastal (Breakwater),,,11.0,7.9,Unknown,Unknown,Unknown,Moderate,Large,37.28333,9.88333
45368,Didon Terminal, ,TN DID,Tunisia,Tunisia,Mediterranean Sea; North Atlantic Ocean,Small,Open Roadstead,,,,,Unknown,Unknown,Unknown,,Unknown,33.78333,11.9
45375,Gabes,Ghannouche; Rhennouch,TN GAE,Tunisia,Tunisia,Mediterranean Sea; North Atlantic Ocean,Small,Coastal (Breakwater),,,12.5,9.4,Unknown,Unknown,Medium,Moderate,Unknown,33.9,10.11667
45370,Houmt Souk,Djerba,TN DJE,Tunisia,Tunisia,Mediterranean Sea; North Atlantic Ocean,Very Small,Open Roadstead,,,1.8,,Unknown,Unknown,Unknown,Unknown,Unknown,33.88333,10.85
45420,La Goulette, ,TN LGN,Tunisia,Tunisia,Mediterranean Sea; North Atlantic Ocean,Medium,Coastal (Breakwater),,,11.0,6.4,Unknown,Unknown,Medium,Major,Unknown,36.8,10.3
45400,Mahdia, ,TN MAD,Tunisia,Tunisia,Mediterranean Sea; North Atlantic Ocean,Very Small,Coastal (Natural),,,4.9,3.4,Unknown,Unknown,Unknown,Emergency Only,Unknown,35.5,11.06667
45444,Menzel Bourguiba, ,TN MBA,Tunisia,Tunisia,Mediterranean Sea; North Atlantic Ocean,Small,Canal or Lake,,,9.4,9.4,Unknown,Unknown,Unknown,Major,Large,37.15,9.8
45390,Mersa Sfax, ,TN SFA,Tunisia,Tunisia,Mediterranean Sea; North Atlantic Ocean,Small,Coastal (Breakwater),,,11.0,9.4,Unknown,Unknown,Unknown,Moderate,Small,34.73333,10.76667
45432,Rades, ,TN RDS,Tunisia,Tunisia,Mediterranean Sea; North Atlantic Ocean,Very Small,Coastal (Breakwater),,,9.4,9.4,Unknown,Unknown,Unknown,Moderate,Unknown,36.81667,10.3
45380,Skhira,Cekhira; La Skira; Qabes,TN LSK,Tunisia,Tunisia,Mediterranean Sea; North Atlantic Ocean,Very Small,Open Roadstead,,,11.0,6.4,Unknown,Unknown,Unknown,,Unknown,34.28333,10.1
45410,Sousse,Susah,TN SUS,Tunisia,Tunisia,Mediterranean Sea; North Atlantic Ocean,Small,Coastal (Breakwater),,,11.0,7.9,Yes,Yes,Medium,Moderate,,35.82472,10.64472
45460,Tabarka, ,TN TBJ,Tunisia,Tunisia,Mediterranean Sea; North Atlantic Ocean,Very Small,Coastal (Breakwater),,,,,Unknown,Unknown,Unknown,Unknown,Unknown,36.96667,8.76667
45435,Tazerka Oil Terminal, ,TN TAT,Tunisia,Tunisia,Mediterranean Sea; North Atlantic Ocean,Medium,Open Roadstead,,,23.2,,Unknown,Unknown,Unknown,,Unknown,36.6,11.68333
45430,Tunis, ,TN TUN,Tunisia,Tunisia,Mediterranean Sea; North Atlantic Ocean,Medium,Canal or Lake,,,6.4,4.9,Unknown,Unknown,Large,Moderate,Unknown,36.8,10.25
45365,Zarzis, ,TN ZRZ,Tunisia,Tunisia,Mediterranean Sea; North Atlantic Ocean,Very Small,Coastal (Breakwater),,,12.5,9.4,Unknown,Unknown,Unknown,Unknown,Unknown,33.5,11.11667
44807,Aksaz Limani, , ,Turkey,Italy,Mediterranean Sea; North Atlantic Ocean,Small,Coastal (Natural),,,23.2,,Unknown,Unknown,Unknown,Limited,Small,36.83333,28.38333
44825,Alanya, ,TR ALA,Turkey,Turkey Asia,Mediterranean Sea; North Atlantic Ocean,Very Small,Open Roadstead,,,,4.9,Unknown,Unknown,Unknown,Limited,Unknown,36.53333,32.0
43334,Aliaga, ,TR ALI,Turkey,Turkey Europe,Aegean Sea; Mediterranean Sea; North Atlantic Ocean,Very Small,Coastal (Breakwater),,,,,Unknown,Unknown,Small,,Unknown,38.83333,26.93333
43388,Ambarli, ,TR AMR,Turkey,Turkey Europe,Sea of Marmara; Mediterranean Sea; North Atlantic Ocean,Very Small,Coastal (Natural),,,,4.9,Unknown,Unknown,Unknown,Limited,Unknown,40.96667,28.7
44820,Antalya,Adalia,TR AYT,Turkey,Turkey Asia,Mediterranean Sea; North Atlantic Ocean,Small,Coastal (Breakwater),,,6.4,4.9,Unknown,Unknown,Unknown,Limited,Unknown,36.83333,30.61667
44808,Antalya Offshore Terminal, ,TR UZE,Turkey,Turkey Asia,Mediterranean Sea; North Atlantic Ocean,Very Small,Open Roadstead,,,,,Unknown,Unknown,Unknown,,Unknown,36.81667,30.6
44730,Ayvalik,Aivali,TR AYV,Turkey,Turkey Asia,Aegean Sea; Mediterranean Sea; North Atlantic Ocean,Very Small,Coastal (Natural),,,4.9,3.4,Unknown,Unknown,Unknown,Unknown,Unknown,39.31667,26.7
44650,Bandirma,Panderma,TR BDM,Turkey,Turkey Asia,Sea of Marmara; Mediterranean Sea; North Atlantic Ocean,Very Small,Coastal (Breakwater),,,23.2,7.9,Unknown,Unknown,Medium,Limited,Unknown,40.35,27.96667
44790,Bodrum, ,TR BXN,Turkey,Turkey Asia,Aegean Sea; Mediterranean Sea; North Atlantic Ocean,Very Small,Coastal (Natural),,,,21.6,Unknown,Unknown,Unknown,Limited,Unknown,37.03333,27.43333
43384,Borusan Fertilizer Jetty, , ,Turkey,Turkey Europe,Sea of Marmara; Mediterranean Sea; North Atlantic Ocean,Very Small,Coastal (Natural),,,,6.4,Unknown,Unknown,Unknown,Limited,Unknown,40.41667,29.1
44870,Botas, ,TR BOT,Turkey,Turkey Asia,Mediterranean Sea; North Atlantic Ocean,Very Small,Open Roadstead,,,,23.2,Unknown,Unknown,Unknown,,Unknown,36.88333,35.93333
44802,Botas Dortyol Oil Terminal, ,TR BOT,Turkey,Turkey Asia,Mediterranean Sea; North Atlantic Ocean,Very Small,Open Roadstead,,,,,Unknown,Unknown,Unknown,Unknown,Unknown,36.86667,36.13333
44542,Botas Natural Gas Terminal, , ,Turkey,Turkey Asia,Sea of Marmara; Mediterranean Sea; North Atlantic Ocean,Very Small,Open Roadstead,,,,,Unknown,Unknown,Unknown,Unknown,Unknown,41.0,27.98333
44690,Canakkale,Chanak; Dardan,TR CKZ,Turkey,Turkey Asia,Sea of Marmara; Mediterranean Sea; North Atlantic Ocean,Small,Canal or Lake,,,23.2,4.9,Unknown,Unknown,Unknown,Limited,Unknown,40.15,26.4
43430,Defterdar Burnu, , ,Turkey,Turkey Europe,Sea of Marmara; Mediterranean Sea; North Atlantic Ocean,Very Small,Coastal (Natural),,,12.5,7.9,Unknown,Unknown,Small,Unknown,Unknown,41.05,29.03333
44804,Delta Terminal, , ,Turkey,Turkey Asia,Mediterranean Sea; North Atlantic Ocean,Very Small,Open Roadstead,,,,,Unknown,Unknown,Unknown,Moderate,Unknown,36.85,36.16667
44610,Derince Burnu, ,TR DRC,Turkey,Turkey Asia,Sea of Marmara; Mediterranean Sea; North Atlantic Ocean,Small,Coastal (Breakwater),,,4.9,1.8,Unknown,Unknown,Large,Limited,Unknown,40.75,29.81667
44740,Dikili, ,TR DIK,Turkey,Turkey Asia,Aegean Sea; Mediterranean Sea; North Atlantic Ocean,Very Small,Open Roadstead,,,,6.4,Unknown,Unknown,Small,Unknown,Unknown,39.01667,26.81667
43370,Eceabat,Khelia; Kilye,TR ECE,Turkey,Turkey Europe,Sea of Marmara; Mediterranean Sea; North Atlantic Ocean,Very Small,Canal or Lake,,,,,Unknown,Unknown,Unknown,Limited,Unknown,40.18333,26.36667
44660,Erdek,Artaki,TR ERK,Turkey,Turkey Asia,Sea of Marmara; Mediterranean Sea; North Atlantic Ocean,Very Small,Coastal (Natural),,,23.2,3.4,Unknown,Unknown,Unknown,Limited,Unknown,40.38333,27.8
44500,Eregli,Bender Eregli; Eregli Anatolia,TR ERE,Turkey,Turkey Asia,Black Sea; North Atlantic Ocean,Very Small,Coastal (Breakwater),,,20.1,9.4,Unknown,Unknown,Medium,Limited,Unknown,41.3,31.45
44810,Fethiye, ,TR FET,Turkey,Turkey Asia,Mediterranean Sea; North Atlantic Ocean,Very Small,Coastal (Breakwater),,,23.2,9.4,Unknown,Unknown,Unknown,,Unknown,36.63333,29.1
44622,Gebze, ,TR GEB,Turkey,Turkey Asia,Sea of Marmara; Mediterranean Sea; North Atlantic Ocean,Very Small,Open Roadstead,,,,7.9,Unknown,Unknown,Small,Unknown,Unknown,40.76667,29.55
43380,Gelibolu, ,TR GEL,Turkey,Turkey Europe,Sea of Marmara; Mediterranean Sea; North Atlantic Ocean,Very Small,Canal or Lake,,,,20.1,Unknown,Unknown,Unknown,Limited,Unknown,40.4,26.66667
43340,Gemlik, ,TR GEM,Turkey,Turkey Europe,Sea of Marmara; Mediterranean Sea; North Atlantic Ocean,Very Small,Open Roadstead,,,,6.4,Unknown,Unknown,Unknown,Limited,Unknown,40.41667,29.11667
44410,Giresun,Kerasunda,TR GIR,Turkey,Turkey Asia,Black Sea; North Atlantic Ocean,Very Small,Coastal (Breakwater),,,23.2,6.4,Unknown,Unknown,Unknown,Limited,Unknown,40.93333,38.4
44625,Golcuk Burnu, ,TR GOK,Turkey,Turkey Asia,Sea of Marmara; Mediterranean Sea; North Atlantic Ocean,Very Small,Coastal (Breakwater),,,4.9,,Unknown,Unknown,Unknown,Moderate,Large,40.73333,29.81667
44751,Gulluk, ,TR GUL,Turkey,Turkey Asia,Aegean Sea; Mediterranean Sea; North Atlantic Ocean,Very Small,Coastal (Breakwater),,,,7.9,Unknown,Unknown,Unknown,Unknown,Unknown,37.25,27.61667
44540,Haydarpasa,Haidar Pasha,TR HAY,Turkey,Turkey Asia,Sea of Marmara; Mediterranean Sea; North Atlantic Ocean,Medium,Coastal (Breakwater),,,23.2,4.9,Unknown,Unknown,Medium,Limited,Unknown,41.0,29.01667
44370,Hopa,Khoppa,TR HOP,Turkey,Turkey Asia,Black Sea; North Atlantic Ocean,Very Small,Coastal (Breakwater),,,23.2,7.9,Unknown,Unknown,Unknown,Limited,Unknown,41.41667,41.4
44480,Inebolu, ,TR INE,Turkey,Turkey Asia,Black Sea; North Atlantic Ocean,Very Small,Coastal (Breakwater),,,4.9,4.9,Unknown,Unknown,Unknown,,Unknown,41.98333,33.76667
44880,Iskenderun, ,TR ISK,Turkey,Turkey Asia,Mediterranean Sea; North Atlantic Ocean,Very Small,Coastal (Breakwater),,,11.0,12.5,Unknown,Unknown,Medium,Limited,Unknown,36.6,36.16667
43420,Istanbul,Constantinople,TR IST,Turkey,Turkey Europe,Sea of Marmara; Mediterranean Sea; North Atlantic Ocean,Large,Canal or Lake,,,12.5,6.4,Unknown,Unknown,Medium,Moderate,Small,41.01667,28.96667
43435,Istinye,Istenieh,TR ITY,Turkey,Turkey Europe,Sea of Marmara; Mediterranean Sea; North Atlantic Ocean,Very Small,Coastal (Natural),,,23.2,1.8,Unknown,Unknown,Unknown,Moderate,Medium,41.11667,29.05
44750,Izmir,Smyrna,TR IZM,Turkey,Turkey Asia,Aegean Sea; Mediterranean Sea; North Atlantic Ocean,Large,Coastal (Natural),,,9.4,7.9,Yes,Yes,Small,Moderate,Medium,38.45472,27.14639
44620,Izmit,Ismid,TR IZT,Turkey,Turkey Asia,Sea of Marmara; Mediterranean Sea; North Atlantic Ocean,Small,Coastal (Natural),,,4.9,4.9,Unknown,Unknown,Medium,,Unknown,40.76667,29.91667
44605,Kaba Burnu, , ,Turkey,Turkey Asia,Sea of Marmara; Mediterranean Sea; North Atlantic Ocean,Very Small,Coastal (Natural),,,11.0,9.4,Unknown,Unknown,Unknown,Unknown,Unknown,40.76667,29.53333
44670,Karabiga, ,TR KRB,Turkey,Turkey Asia,Sea of Marmara; Mediterranean Sea; North Atlantic Ocean,Very Small,Coastal (Natural),,,4.9,3.4,Unknown,Unknown,Unknown,Limited,Unknown,40.4,27.31667
44770,Kusadasi, ,TR KUS,Turkey,Turkey Asia,Aegean Sea; Mediterranean Sea; North Atlantic Ocean,Very Small,Coastal (Natural),,,9.4,,Unknown,Unknown,Unknown,Limited,Unknown,37.86667,27.25
44805,Marmaris, ,TR MRM,Turkey,Turkey Asia,Mediterranean Sea; North Atlantic Ocean,Very Small,Coastal (Breakwater),,,23.2,6.4,Unknown,Unknown,Unknown,,Unknown,36.85,28.28333
44860,Mersin, ,TR MER,Turkey,Turkey Asia,Mediterranean Sea; North Atlantic Ocean,Medium,Coastal (Breakwater),,,11.0,3.4,Unknown,Unknown,Large,Limited,Unknown,36.8,34.63333
44640,Mudanya, ,TR MUD,Turkey,Turkey Asia,Sea of Marmara; Mediterranean Sea; North Atlantic Ocean,Very Small,Open Roadstead,,,23.2,4.9,Unknown,Unknown,Unknown,Unknown,Unknown,40.38333,28.88333
44752,Nemrut Limani Bay, ,TR NEM,Turkey,Turkey Asia,Aegean Sea; Mediterranean Sea; North Atlantic Ocean,Medium,Coastal (Breakwater),,,15.5,6.4,Unknown,Unknown,Unknown,Unknown,Unknown,38.76667,26.91667
44420,Ordu, ,TR ORD,Turkey,Turkey Asia,Black Sea; North Atlantic Ocean,Very Small,Open Roadstead,,,23.2,4.9,Unknown,Unknown,Unknown,Unknown,Unknown,41.0,37.88333
44380,Rize, ,TR RIZ,Turkey,Turkey Asia,Black Sea; North Atlantic Ocean,Very Small,Coastal (Breakwater),,,23.2,7.9,Unknown,Unknown,Unknown,Unknown,Unknown,41.06667,40.51667
44450,Samsun, ,TR SSX,Turkey,Turkey Asia,Black Sea; North Atlantic Ocean,Large,Coastal (Breakwater),,,11.0,4.9,Yes,Yes,Small,Limited,,41.3,36.35
44460,Sinop,Sinub,TR SIC,Turkey,Turkey Asia,Black Sea; North Atlantic Ocean,Very Small,Open Roadstead,,,3.4,1.8,Unknown,Unknown,Unknown,,Unknown,42.05,35.16667
44850,Tasucu,Akiman,TR TAS,Turkey,Turkey Asia,Mediterranean Sea; North Atlantic Ocean,Very Small,Coastal (Breakwater),,,23.2,4.9,Unknown,Unknown,Unknown,Unknown,Unknown,36.31667,33.88333
43390,Tekirdag,Rodosto,TR TEK,Turkey,Turkey Europe,Sea of Marmara; Mediterranean Sea; North Atlantic Ocean,Very Small,Canal or Lake,,,,9.4,Unknown,Unknown,Unknown,,Unknown,40.98333,27.51667
44801,Toros Gubre, ,TR TGT,Turkey,Turkey Asia,Mediterranean Sea; North Atlantic Ocean,Very Small,Open Roadstead,,,,4.9,Unknown,Unknown,Unknown,Limited,Unknown,36.91667,35.96667
44390,Trabzon,Trebizond,TR TZX,Turkey,Turkey Asia,Black Sea; North Atlantic Ocean,Very Small,Coastal (Breakwater),,,9.4,9.4,Unknown,Unknown,Unknown,,Unknown,41.01667,39.76667
44803,Yakacik, ,TR YAK,Turkey,Turkey Asia,Mediterranean Sea; North Atlantic Ocean,Very Small,Coastal (Breakwater),,,17.1,4.9,Unknown,Unknown,Small,,Unknown,36.71667,36.18333
44603,Yarimca, ,TR YAR,Turkey,Turkey Asia,Sea of Marmara; Mediterranean Sea; North Atlantic Ocean,Small,Open Roadstead,,,,6.4,Unknown,Unknown,Small,Unknown,Unknown,40.8,29.7
44490,Zonguldak,Sungul,TR ZON,Turkey,Turkey Asia,Black Sea; North Atlantic Ocean,Very Small,Coastal (Breakwater),,,4.9,4.9,Unknown,Unknown,Large,Limited,Unknown,41.46667,31.81667
10025,Cockburn Harbor, ,TC 9CB,Turks and Caicos Islands,Turks and Caicos Is,North Atlantic Ocean,Very Small,Open Roadstead,,3.5,3.4,3.4,Unknown,Unknown,Unknown,Unknown,Unknown,21.5,-71.53333
10020,Grand Turk,Cockburn Town,TC GDT,Turks and Caicos Islands,Turks and Caicos Is,North Atlantic Ocean,Very Small,Open Roadstead,,,12.5,4.9,Unknown,Yes,Unknown,Limited,Unknown,21.43333,-71.15
10030,Providenciales, ,TCPLS,Turks and Caicos Islands, ,North Atlantic Ocean,Unknown, ,,,,,Unknown,Yes,Unknown,Unknown,Unknown,21.73333,-72.28333
55617,Funafuti Atoll, ,TV FUN,Tuvalu,Tuvalu,South Pacific Ocean,Very Small,Coastal (Natural),,,4.9,4.9,Unknown,Unknown,Unknown,Limited,Unknown,-8.51667,179.13333
11310,Charlotte Amalie,St Thomas Harbor,VI CHA,U.S. Virgin Islands,St Thomas,Caribbean Sea; North Atlantic Ocean,Small,Open Roadstead,,,9.4,7.9,Unknown,Unknown,Medium,Limited,Small,18.35,-64.93333
11340,Christiansted, ,VI CTD,U.S. Virgin Islands,St Croix,Caribbean Sea; North Atlantic Ocean,Very Small,Coastal (Natural),,,3.4,4.9,Unknown,Unknown,Small,Limited,Unknown,17.75,-64.7
11320,Cruz Bay, ,VI CZB,U.S. Virgin Islands,St John,North Atlantic Ocean,Small,Coastal (Natural),,,3.4,3.4,Unknown,Unknown,Unknown,Unknown,Unknown,18.33333,-64.8
11330,Frederiksted, ,VI FRD,U.S. Virgin Islands,St Croix,Caribbean Sea; North Atlantic Ocean,Small,Open Roadstead,,,11.0,9.4,Unknown,Unknown,Unknown,Limited,Unknown,17.71667,-64.88333
11335,Limetree Bay, ,VI LIB,U.S. Virgin Islands,St Croix,Caribbean Sea; North Atlantic Ocean,Very Small,Open Roadstead,,,12.5,4.9,Unknown,Unknown,Unknown,Emergency Only,Unknown,17.7,-64.75
11336,Port Alucroix, ,VI PAX,U.S. Virgin Islands,St Croix,Caribbean Sea; North Atlantic Ocean,Very Small,Open Roadstead,,,9.4,,Unknown,Unknown,Unknown,,Unknown,17.7,-64.76667
43810,Alushta, , ,Ukraine,Ukraine,Black Sea; North Atlantic Ocean,Very Small,Open Roadstead,,,12.5,3.4,Unknown,Unknown,Unknown,Unknown,Unknown,44.68333,34.41667
43780,Balaklava, , ,Ukraine,Ukraine,Black Sea; North Atlantic Ocean,Very Small,Coastal (Natural),,,12.5,1.8,Unknown,Unknown,Small,Unknown,Unknown,44.5,33.6
43700,Belgorod-Dnestrovsky, ,UA BGD,Ukraine,Ukraine,Black Sea; North Atlantic Ocean,Small,Coastal (Natural),,,4.9,3.4,Yes,Yes,Medium,Limited,,46.18194,30.37639
44000,Berdyansk,Osipenko,UA ERD,Ukraine,Ukraine,Sea of Azov; Black Sea; North Atlantic Ocean,Small,Coastal (Breakwater),,,4.9,7.9,Unknown,Unknown,Small,Limited,Unknown,46.75,36.78333
43745,Chornomors Ke,Akmechet,UA ILK,Ukraine,Ukraine,Black Sea; North Atlantic Ocean,Very Small,Coastal (Natural),,,7.9,4.9,Unknown,Unknown,Unknown,Limited,Small,45.51667,32.7
43677,Dnipro-Buzkyy, , ,Ukraine,Ukraine,Black Sea; North Atlantic Ocean,Small,Coastal (Breakwater),,,9.4,4.9,Unknown,Unknown,Unknown,Limited,Small,46.73333,31.88333
43850,Feodosiya,Fyeodosiya; Theodosia,UA FEO,Ukraine,Ukraine,Black Sea; North Atlantic Ocean,Small,Coastal (Breakwater),,,17.1,6.4,Unknown,Unknown,Unknown,Limited,Unknown,45.01667,35.43333
43940,Henichesk, , ,Ukraine,Ukraine,Sea of Azov; Black Sea; North Atlantic Ocean,Very Small,Coastal (Natural),,,4.9,1.8,Unknown,Unknown,Unknown,Limited,Unknown,46.16667,34.81667
43645,Illichivsk,Sukhoy,UA ILK,Ukraine,Ukraine,Black Sea; North Atlantic Ocean,Large,Coastal (Breakwater),,,12.5,9.4,Unknown,Unknown,Medium,Moderate,Medium,46.3,30.65
43625,Izmayil, ,UA IZM,Ukraine,Ukraine,Black Sea; North Atlantic Ocean,Very Small,River (Natural),,,7.9,4.9,Unknown,Unknown,Unknown,Limited,Unknown,45.33333,28.85
43900,Kerch,Kyerch,UA KEH,Ukraine,Ukraine,Black Sea; North Atlantic Ocean,Small,Open Roadstead,,,7.9,4.9,Unknown,Unknown,Small,Limited,Small,45.35,36.48333
43680,Kherson,Khyerson,UA KHE,Ukraine,Ukraine,Black Sea; North Atlantic Ocean,Small,Open Roadstead,,,4.9,7.9,Unknown,Unknown,Large,Limited,Unknown,46.61667,32.6
43720,Khorly, , ,Ukraine,Ukraine,Black Sea; North Atlantic Ocean,Very Small,Coastal (Natural),,,6.4,4.9,Unknown,Unknown,Unknown,Unknown,Unknown,46.08333,33.28333
43950,Kyrylivka, , ,Ukraine,Ukraine,Sea of Azov; Black Sea; North Atlantic Ocean,Very Small,Open Roadstead,,,4.9,1.8,Unknown,Unknown,Unknown,Unknown,Unknown,46.35,35.36667
44010,Mariupol, ,UA MPW,Ukraine,Ukraine,Sea of Azov; Black Sea; North Atlantic Ocean,Small,Coastal (Breakwater),,,6.4,6.4,Unknown,Unknown,Large,Moderate,Small,47.08333,37.56667
43670,Mykolayiv, ,UA NLV,Ukraine,Ukraine,Black Sea; North Atlantic Ocean,Small,River (Basins),,,9.4,6.4,Unknown,Unknown,Medium,Moderate,Medium,46.95,31.98333
43650,Odesa,Odyessa,UA ODS,Ukraine,Ukraine,Black Sea; North Atlantic Ocean,Large,Coastal (Breakwater),,,7.9,7.9,Unknown,Unknown,Medium,Major,Medium,46.48333,30.73333
43673,Port Oktyabrsk, ,UA OCT,Ukraine,Ukraine,Black Sea; North Atlantic Ocean,Very Small,Coastal (Natural),,,9.4,9.4,Unknown,Unknown,Large,Unknown,Unknown,46.83333,31.93333
43925,Reni, ,UA RNI,Ukraine,Ukraine,Black Sea; North Atlantic Ocean,Very Small,River (Natural),,,6.4,3.4,Unknown,Unknown,Unknown,Limited,Unknown,45.43333,28.3
43760,Sevastopol,Syevastopol,UA SVP,Ukraine,Ukraine,Black Sea; North Atlantic Ocean,Large,Coastal (Natural),,,7.9,7.9,Unknown,Unknown,Small,Major,Large,44.61667,33.53333
43710,Skadovs'k, ,UA SKD,Ukraine,Ukraine,Black Sea; North Atlantic Ocean,Very Small,Coastal (Breakwater),,,3.4,4.9,Unknown,Unknown,Unknown,Unknown,Unknown,46.1,32.91667
43835,Sudak, , ,Ukraine,Ukraine,Black Sea; North Atlantic Ocean,Very Small,Coastal (Natural),,,11.0,23.2,Unknown,Unknown,Unknown,Unknown,Unknown,44.85,34.98333
43747,Ust-Dunaisk, ,UA UDY,Ukraine,Ukraine,Black Sea; North Atlantic Ocean,Very Small,Coastal (Natural),,,11.0,,Unknown,Unknown,Unknown,,Unknown,45.46667,29.7
43790,Yalta, ,UA YAL,Ukraine,Ukraine,Black Sea; North Atlantic Ocean,Very Small,Coastal (Breakwater),,,7.9,6.4,Unknown,Unknown,Unknown,Moderate,Unknown,44.48333,34.16667
43750,Yevpatoriya,Eupatoria,UA ZKA,Ukraine,Ukraine,Black Sea; North Atlantic Ocean,Very Small,Coastal (Natural),,,3.4,4.9,Unknown,Unknown,Unknown,,Unknown,45.2,33.38333
43655,Yuzhnyy, ,UA YZE,Ukraine,Ukraine,Black Sea; North Atlantic Ocean,Small,River (Basins),,,12.5,14.0,Unknown,Unknown,Unknown,Limited,Unknown,46.6,31.01667
48278,Abu Zaby,Abu Dhabi; Mina Zayed,AE AUH,United Arab Emirates,United Arab Emirates,Persian Gulf; Indian Ocean,Medium,Coastal (Breakwater),240.0,12.5,15.0,14.6,Unknown,Unknown,Unknown,Moderate,Medium,24.5,54.33333
48270,Ajman, ,AE AJM,United Arab Emirates,United Arab Emirates,Persian Gulf; Indian Ocean,Very Small,Open Roadstead,149.0,,7.2,7.5,Unknown,Unknown,Unknown,Moderate,Large,25.41667,55.43333
48262,Al Fujayrah,Fujayrah Harbor, ,United Arab Emirates,United Arab Emirates,Gulf of Oman; Indian Ocean,Small,Coastal (Breakwater),344.0,22.5,15.0,15.0,Yes,Yes,Unknown,Limited,Unknown,25.17306,56.36917
48274,Al Hamriyah Lpg Terminal, ,AE HAM,United Arab Emirates,United Arab Emirates,Persian Gulf; Indian Ocean,Small,Coastal (Breakwater),,,15.0,14.0,Unknown,Unknown,Unknown,,Unknown,25.46667,55.48333
48269,Al Jazeera Port,Al Jazirah Port,AE JAZ,United Arab Emirates,United Arab Emirates,Persian Gulf; Indian Ocean,Small,Coastal (Natural),,,20.0,6.4,Unknown,Unknown,Unknown,Unknown,Unknown,25.71667,55.78333
48271,Ash Shariqah,Mina Khalid; Sharjah,AE SHJ,United Arab Emirates,United Arab Emirates,Persian Gulf; Indian Ocean,Small,Coastal (Breakwater),336.0,12.5,12.5,11.5,Unknown,Unknown,Unknown,Moderate,Medium,25.36667,55.38333
48275,Dubayy,Dubai; Mina Rashid,AE DXB,United Arab Emirates,United Arab Emirates,Persian Gulf; Indian Ocean,Small,Coastal (Breakwater),,,13.0,10.5,Unknown,Unknown,Unknown,Major,Large,25.26667,55.3
48265,Fateh Oil Terminal, ,AE FAT,United Arab Emirates,United Arab Emirates,Persian Gulf; Indian Ocean,Very Small,Open Roadstead,,,36.5,,Unknown,Unknown,Unknown,,Unknown,25.58333,54.41667
48280,Hulaylah Oil Terminal, ,AE HTL,United Arab Emirates,United Arab Emirates,Persian Gulf; Indian Ocean,Very Small,Open Roadstead,,,20.1,,Unknown,Unknown,Unknown,Unknown,Unknown,25.98333,55.93333
48282,Jabal Az Zannah/ruways,Jabal Dhanna/ruways,AE JED,United Arab Emirates,United Arab Emirates,Persian Gulf; Indian Ocean,Medium,Coastal (Breakwater),360.0,14.3,14.0,17.0,Unknown,Unknown,Unknown,,Unknown,24.2,52.7
48277,Jazirat Das, ,AE DAS,United Arab Emirates,United Arab Emirates,Persian Gulf; Indian Ocean,Very Small,Open Roadstead,300.0,14.9,21.6,16.0,Unknown,Unknown,Unknown,,Unknown,25.15,52.86667
48263,Khawr Fakkan,Khor Fakkan,AE KLF,United Arab Emirates,United Arab Emirates,Gulf of Oman; Indian Ocean,Medium,Coastal (Natural),400.0,,16.0,16.0,Unknown,Yes,Unknown,Moderate,Unknown,25.36278,56.36889
48276,Mina Jabal Ali,Mina Jebel Ali,AE JEA,United Arab Emirates,United Arab Emirates,Persian Gulf; Indian Ocean,Large,Coastal (Breakwater),400.0,15.5,12.5,17.0,Unknown,Unknown,Unknown,Major,Unknown,25.01667,55.05
48264,Mina Saqr,Ras Al Khaimah,AE MSA,United Arab Emirates,United Arab Emirates,Persian Gulf; Indian Ocean,Very Small,Coastal (Breakwater),300.0,12.2,12.2,18.0,Unknown,Unknown,Unknown,Moderate,Unknown,25.98333,56.05
48268,Mubarraz Oil Terminal, ,AE MBS,United Arab Emirates,United Arab Emirates,Persian Gulf; Indian Ocean,Small,Open Roadstead,,,14.0,,Unknown,Unknown,Unknown,Moderate,Medium,24.43333,53.51667
48272,Sharjah Offshore Terminal,Hamriyah Oil Terminal, ,United Arab Emirates,United Arab Emirates,Persian Gulf; Indian Ocean,Small,Open Roadstead,,,,,Unknown,Unknown,Unknown,,Unknown,25.58333,55.4
48273,Umm Al Qaywayn,Ahmed Bin Rashid; Umm Al Quwain,AE QIW,United Arab Emirates,United Arab Emirates,Persian Gulf; Indian Ocean,Small,Coastal (Natural),210.0,9.8,10.0,10.0,Unknown,Unknown,Unknown,Limited,Unknown,25.58333,55.58333
48279,Umm An Nar,Sas an Nakhl,AE ULR,United Arab Emirates,United Arab Emirates,Persian Gulf; Indian Ocean,Very Small,River (Natural),170.0,9.8,11.0,7.9,Unknown,Unknown,Unknown,,Unknown,24.45,54.48333
48266,Zirkuh,Zirkuh Petroleum Port; Zirk; Az Zarqa Petroleum Port,AE ZUR,United Arab Emirates,United Arab Emirates,Persian Gulf; Indian Ocean,Medium,Open Roadstead,,,20.1,,Unknown,Unknown,Unknown,Unknown,Unknown,25.01667,53.0
48267,Zirkuh Oil Field,Az Zarqa Petroleum Port,AE ZUR,United Arab Emirates,United Arab Emirates,Persian Gulf; Indian Ocean,Small,Open Roadstead,,,20.1,,Unknown,Unknown,Unknown,,Unknown,24.86667,53.05
32220,Aberdeen, ,GB ABD,United Kingdom,Scotland East Coast,North Sea; North Atlantic Ocean,Medium,River (Basins),166.0,,10.3,9.4,Yes,Yes,Unknown,Limited,Small,57.15,-2.08333
33690,Ardglass, ,GB AGL,United Kingdom,Northern Ireland,Irish Sea; North Atlantic Ocean,Very Small,Coastal (Natural),,,4.9,1.8,Unknown,Unknown,Unknown,Emergency Only,Unknown,54.26667,-5.61667
33340,Ardrishaig, ,GB ASG,United Kingdom,Scotland West Coast,North Atlantic Ocean,Very Small,Coastal (Natural),,,6.4,1.8,Unknown,Unknown,Unknown,Moderate,Unknown,56.01667,-5.45
33530,Ardrossan, ,GB ARD,United Kingdom,Scotland West Coast,North Atlantic Ocean,Small,Coastal (Breakwater),,,4.9,4.9,Unknown,Unknown,Small,Limited,Small,55.65,-4.81667
32830,Aultbea, ,GB AUL,United Kingdom,Scotland West Coast,North Atlantic Ocean,Very Small,Open Roadstead,,,9.4,3.4,No,No,Unknown,Emergency Only,Unknown,57.83333,-5.58333
35060,Avonmouth, ,GB AVO,United Kingdom,England SW Coast,Bristol Channel; North Atlantic Ocean,Small,River (Tide Gates),,,6.4,7.9,Unknown,Unknown,Small,Major,Large,51.5,-2.71667
33560,Ayr, ,GB AYR,United Kingdom,Scotland West Coast,North Atlantic Ocean,Very Small,River (Basins),,,3.4,4.9,Unknown,Unknown,Large,Moderate,Unknown,55.46667,-4.63333
33577,Bangor, ,GB BAN,United Kingdom,Scotland West Coast,North Atlantic Ocean,Very Small,River (Basins),,,4.9,1.8,Unknown,Unknown,Small,Limited,Unknown,54.65,-5.66667
34630,Barrow In Furness, ,GB BIF,United Kingdom,England West Coast,Irish Sea; North Atlantic Ocean,Medium,Coastal (Tide Gates),,,9.4,6.4,Unknown,Unknown,Small,Major,Medium,54.11667,-3.23333
34990,Barry, ,GB BAD,United Kingdom,Wales,Bristol Channel; North Atlantic Ocean,Medium,Coastal (Tide Gates),,,1.8,7.9,Unknown,Unknown,Unknown,Major,Unknown,51.4,-3.26667
33770,Belfast, ,GB BEL,United Kingdom,Northern Ireland,North Atlantic Ocean,Large,River (Basins),305.0,11.3,9.3,11.2,Yes,Yes,Small,Major,Large,54.61667,-5.9
31860,Berwick-Upon-Tweed, ,GB BWK,United Kingdom,England East Coast,North Sea; North Atlantic Ocean,Very Small,River (Tide Gates),,,1.8,4.9,Unknown,Unknown,Small,Moderate,Unknown,55.76667,-2.0
35150,Bideford, ,GB BID,United Kingdom,England SW Coast,Bristol Channel; North Atlantic Ocean,Small,River (Natural),,,1.8,4.9,Unknown,Unknown,Unknown,Limited,Small,51.03333,-4.2
35020,Bird Port, ,GB BPT,United Kingdom,Wales,Bristol Channel; North Atlantic Ocean,Very Small,River (Natural),,,1.8,9.4,Unknown,Unknown,Small,Limited,Unknown,51.56667,-2.96667
31820,Blyth, ,GB BLY,United Kingdom,England East Coast,North Sea; North Atlantic Ocean,Medium,River (Natural),,,7.9,6.4,Unknown,Unknown,Unknown,Moderate,Unknown,55.11667,-1.5
31630,Boston, ,GB BOS,United Kingdom,England East Coast,North Sea; North Atlantic Ocean,Small,River (Tide Gates),,,4.9,4.9,Unknown,Unknown,Small,Limited,Unknown,52.96667,-0.01667
33450,Bowling, ,GB BOW,United Kingdom,Scotland West Coast,North Atlantic Ocean,Very Small,River (Natural),,,6.4,,Unknown,Unknown,Small,Limited,Unknown,55.93333,-4.48333
31945,Braefoot Bay Terminal, ,GB BFB,United Kingdom,Scotland East Coast,North Sea; North Atlantic Ocean,Small,Open Roadstead,,,9.4,,Unknown,Unknown,Small,Unknown,Unknown,56.03333,-3.31667
35100,Bridgwater, ,GB BRW,United Kingdom,England SW Coast,Bristol Channel; North Atlantic Ocean,Very Small,River (Natural),,,1.8,9.4,Unknown,Unknown,Unknown,Moderate,Small,51.13333,-3.0
31680,Bridlington, ,GB BRT,United Kingdom,England East Coast,North Sea; North Atlantic Ocean,Very Small,Coastal (Breakwater),,,1.8,3.4,Unknown,Unknown,Small,Limited,Unknown,54.08333,-0.18333
35440,Bridport Harbour, ,GB BRP,United Kingdom,England South Coast,English Channel; North Atlantic Ocean,Very Small,Coastal (Breakwater),,,,1.8,Unknown,Unknown,Small,Limited,Unknown,50.71667,-2.76667
31510,Brightlingsea, ,GB BLS,United Kingdom,United Kingdom,North Sea; North Atlantic Ocean,Small,Coastal (Natural),100.0,5.4,,,Unknown,Unknown,Unknown,Unknown,Unknown,51.80433,1.01967
35070,Bristol, ,GB BRS,United Kingdom,England SW Coast,Bristol Channel; North Atlantic Ocean,Medium,River (Tide Gates),,,6.4,14.0,Unknown,Unknown,Small,Major,Medium,51.46667,-2.63333
35400,Brixham Harbour, ,GB BRX,United Kingdom,England South Coast,English Channel; North Atlantic Ocean,Very Small,Coastal (Breakwater),,,3.4,1.8,Unknown,Unknown,Small,Limited,Unknown,50.4,-3.51667
32920,Broadford Bay, ,GB BDF,United Kingdom,Scotland West Coast,North Atlantic Ocean,Very Small,Coastal (Natural),,,12.5,3.4,Unknown,Unknown,Unknown,Emergency Only,Unknown,57.25,-5.88333
32290,Buckie Harbor,Cluny,GB BUC,United Kingdom,Scotland East Coast,North Sea; North Atlantic Ocean,Very Small,Coastal (Breakwater),,,1.8,4.9,Unknown,Unknown,Unknown,Moderate,Unknown,57.68333,-2.96667
32320,Burghead, ,GB BUH,United Kingdom,Scotland East Coast,North Sea; North Atlantic Ocean,Very Small,Coastal (Natural),,,3.4,3.4,Unknown,Unknown,Small,Limited,Unknown,57.7,-3.5
32030,Burntisland, ,GB BTL,United Kingdom,Scotland East Coast,North Sea; North Atlantic Ocean,Small,Coastal (Tide Gates),,,9.4,7.9,Unknown,Unknown,Small,Limited,Unknown,56.05,-3.23333
34780,Caernarvon,Carnarvon,GB CNV,United Kingdom,Wales,Irish Sea; North Atlantic Ocean,Small,River (Basins),,,,3.4,Unknown,Unknown,Small,Limited,Unknown,53.15,-4.26667
33300,Campbeltown, ,GB CBT,United Kingdom,Scotland West Coast,North Atlantic Ocean,Small,Coastal (Natural),,,4.9,4.9,Unknown,Unknown,Unknown,Limited,Unknown,55.43333,-5.6
35010,Cardiff, ,GB CDF,United Kingdom,Wales,Bristol Channel; North Atlantic Ocean,Medium,Coastal (Tide Gates),,,,11.0,Unknown,Unknown,Small,Major,Unknown,51.45,-3.16667
32980,Castle Bay, ,GB CBA,United Kingdom,Scotland West Coast,North Atlantic Ocean,Very Small,Coastal (Natural),,,6.4,3.4,Unknown,Unknown,Unknown,Unknown,Unknown,56.95,-7.48333
35320,Charlestown, ,GB CHF,United Kingdom,England South Coast,English Channel; North Atlantic Ocean,Very Small,Coastal (Tide Gates),,,,4.9,Unknown,Unknown,Unknown,Limited,Unknown,50.33333,-4.75
31390,Chatham Docks, ,GB CTM,United Kingdom,England East Coast,North Sea; North Atlantic Ocean,Small,River (Basins),,,1.8,7.9,Unknown,Unknown,Small,Limited,Large,51.4,0.55
31506,Colchester, ,GB COL,United Kingdom,England East Coast,North Sea; North Atlantic Ocean,Very Small,River (Natural),,,1.8,,Unknown,Unknown,Small,Limited,Unknown,51.88333,0.91667
33820,Coleraine, ,GB CLR,United Kingdom,Northern Ireland,North Atlantic Ocean,Small,River (Natural),,,3.4,3.4,Unknown,Unknown,Unknown,Limited,Unknown,55.13333,-6.66667
33190,Corpach, ,GB COR,United Kingdom,Scotland West Coast,North Atlantic Ocean,Small,River (Natural),116.0,,4.9,3.6,Unknown,Yes,Large,Limited,Unknown,56.85,-5.11667
35550,Cowes Harbour, ,GB COW,United Kingdom,England South Coast,English Channel; North Atlantic Ocean,Small,River (Natural),,,4.9,4.9,Unknown,Unknown,Medium,Limited,Unknown,50.76667,-1.3
33170,Craignure, ,GB CNU,United Kingdom,Scotland West Coast,North Atlantic Ocean,Very Small,Coastal (Natural),,,12.5,4.9,Unknown,Unknown,Unknown,Emergency Only,Unknown,56.46667,-5.7
33290,Crinan (Canal), ,GB CNC,United Kingdom,Scotland West Coast,North Atlantic Ocean,Very Small,Canal or Lake,,,1.8,1.8,Unknown,Unknown,Unknown,Limited,Unknown,56.08333,-5.56667
32340,Cromarty, ,GB CRN,United Kingdom,Scotland East Coast,North Sea; North Atlantic Ocean,Small,Coastal (Breakwater),,,14.0,12.0,Yes,Unknown,Unknown,Limited,Large,57.68333,-4.03333
35390,Dartmouth Harbour, ,GB DTM,United Kingdom,England South Coast,English Channel; North Atlantic Ocean,Small,River (Natural),,,6.4,6.4,Unknown,Unknown,Unknown,Moderate,Small,50.35,-3.61667
35710,Dover Harbor, ,GB DVR,United Kingdom,England South Coast,English Channel; North Atlantic Ocean,Small,Coastal (Breakwater),,,7.9,9.4,Unknown,Unknown,Medium,Limited,Unknown,51.11667,1.33333
31890,Dunbar, ,GB DBR,United Kingdom,Scotland East Coast,North Sea; North Atlantic Ocean,Very Small,Coastal (Breakwater),,,3.4,4.9,Unknown,Unknown,Unknown,Limited,Unknown,56.0,-2.51667
32170,Dundee, ,GB DUN,United Kingdom,Scotland East Coast,North Sea; North Atlantic Ocean,Large,River (Basins),265.0,8.5,6.4,9.5,Yes,Yes,Unknown,Moderate,Unknown,56.46667,-2.95
31880,Eyemouth, ,GB EYM,United Kingdom,Scotland East Coast,North Sea; North Atlantic Ocean,Very Small,River (Natural),,,4.9,1.8,Unknown,Unknown,Unknown,Emergency Only,Unknown,55.86667,-2.08333
35290,Falmouth Harbour, ,GB FAL,United Kingdom,England South Coast,English Channel; North Atlantic Ocean,Medium,Coastal (Natural),,,14.0,7.9,Unknown,Unknown,Small,Moderate,Medium,50.15,-5.06667
33400,Faslane,HM Naval Base Clyde,GB FAS,United Kingdom,Scotland West Coast,North Atlantic Ocean,Small,River (Basins),220.0,8.1,,11.3,Unknown,Unknown,Unknown,Unknown,Unknown,56.06389,-4.81946
35590,Fawley Marine Terminal, ,GB FAW,United Kingdom,England South Coast,English Channel; North Atlantic Ocean,Small,River (Natural),,,12.5,,Unknown,Unknown,Small,Limited,Unknown,50.81667,-1.33333
31560,Felixstowe, ,GB FXT,United Kingdom,England East Coast,North Sea; North Atlantic Ocean,Very Small,River (Natural),,,14.0,6.4,Unknown,Unknown,Small,Moderate,Unknown,51.95,1.31667
33405,Finnart Oil Terminal, ,GB FNT,United Kingdom,Scotland West Coast,North Atlantic Ocean,Small,River (Natural),,,23.2,,Unknown,Unknown,Small,Emergency Only,Unknown,56.11667,-4.83333
34850,Fishguard, ,GB FIS,United Kingdom,Wales,Irish Sea; North Atlantic Ocean,Small,Coastal (Breakwater),,,12.5,7.9,Unknown,Unknown,Small,Limited,Unknown,52.01667,-4.98333
34660,Fleetwood, ,GB FLE,United Kingdom,England West Coast,Irish Sea; North Atlantic Ocean,Small,River (Tide Gates),,,1.8,4.9,Unknown,Unknown,Small,Moderate,Unknown,53.91667,-3.01667
35700,Folkestone Harbour, ,GB FOL,United Kingdom,England South Coast,English Channel; North Atlantic Ocean,Small,Coastal (Breakwater),,,,4.9,Unknown,Unknown,Unknown,Limited,Unknown,51.08333,1.2
33200,Fort William, ,GB FWM,United Kingdom,Scotland West Coast,North Atlantic Ocean,Very Small,River (Basins),,,11.0,11.0,Unknown,Unknown,Unknown,Unknown,Unknown,56.81667,-5.11667
35340,Fowey Harbour, ,GB FOY,United Kingdom,England South Coast,English Channel; North Atlantic Ocean,Small,River (Natural),,,12.5,7.9,Unknown,Unknown,Medium,Limited,Unknown,50.33333,-4.63333
32240,Fraserburgh Harbor, ,GB FRB,United Kingdom,Scotland East Coast,North Sea; North Atlantic Ocean,Small,Coastal (Breakwater),,,4.9,6.4,Unknown,Unknown,Medium,Limited,Medium,57.68333,-2.0
32850,Gairloch, ,GB GAR,United Kingdom,Scotland West Coast,North Atlantic Ocean,Very Small,River (Natural),,,,4.9,Unknown,Unknown,Unknown,Emergency Only,Unknown,57.71667,-5.68333
34648,Garlston, ,GB GIS,United Kingdom,England West Coast,Irish Sea; North Atlantic Ocean,Very Small,River (Tide Gates),,,6.4,4.9,Unknown,Unknown,Large,Limited,Unknown,53.35,-2.9
33490,Glasgow, ,GB GLW,United Kingdom,Scotland West Coast,North Atlantic Ocean,Medium,River (Tide Gates),224.0,8.7,7.4,8.1,Yes,No,Medium,Moderate,Large,55.86667,-4.35
33210,Glensanda, ,GB GSA,United Kingdom,Scotland West Coast,North Atlantic Ocean,Very Small,River (Natural),,,20.1,11.0,Unknown,Unknown,Unknown,,Unknown,56.56667,-5.53333
31670,Goole, ,GB GOO,United Kingdom,England East Coast,North Sea; North Atlantic Ocean,Small,River (Tide Gates),,,3.4,4.9,Unknown,Unknown,Small,Moderate,Unknown,53.7,-0.83333
32010,Grangemouth, ,GB GRG,United Kingdom,Scotland East Coast,North Sea; North Atlantic Ocean,Small,River (Tide Gates),,,6.4,7.9,Unknown,Unknown,Large,Moderate,Small,56.01667,-3.71667
31940,Granton, ,GB GRN,United Kingdom,Scotland East Coast,North Sea; North Atlantic Ocean,Very Small,Coastal (Breakwater),,,9.4,4.9,Unknown,Unknown,Unknown,Limited,Small,55.98333,-3.21667
31420,Gravesend, ,GB GVS,United Kingdom,England East Coast,North Sea; North Atlantic Ocean,Small,River (Natural),,,7.9,6.4,Unknown,Unknown,Small,Limited,Unknown,51.45,0.36667
31580,Great Yarmouth, ,GB GTY,United Kingdom,England East Coast,North Sea; North Atlantic Ocean,Small,River (Natural),,,3.4,3.4,Unknown,Unknown,Small,Limited,Medium,52.61667,1.73333
33390,Greenock, ,GB GRK,United Kingdom,Scotland West Coast,North Atlantic Ocean,Medium,Coastal (Natural),400.0,11.5,6.9,12.6,Yes,Yes,Small,Moderate,Large,55.95,-4.75
31640,Grimsby, ,GB GSY,United Kingdom,England East Coast,North Sea; North Atlantic Ocean,Medium,River (Tide Gates),,,6.4,4.9,Unknown,Unknown,Small,Limited,Medium,53.58333,-0.06667
31740,Hartlepool, ,GB HTP,United Kingdom,England East Coast,North Sea; North Atlantic Ocean,Small,Coastal (Tide Gates),,,15.5,6.4,Unknown,Unknown,Unknown,Limited,Medium,54.7,-1.18333
31530,Harwich, ,GB HRW,United Kingdom,England East Coast,North Sea; North Atlantic Ocean,Small,River (Natural),,,12.5,9.4,Unknown,Unknown,Medium,Limited,Unknown,51.95,1.28333
35200,Hayle, ,GB HAY,United Kingdom,England SW Coast,Celtic Sea; North Atlantic Ocean,Very Small,River (Basins),,,1.8,1.8,Unknown,Unknown,Small,Limited,Unknown,50.18333,-5.41667
32370,Helmsdale Harbor, ,GB HMA,United Kingdom,Scotland East Coast,North Sea; North Atlantic Ocean,Small,Coastal (Breakwater),,,1.8,1.8,Unknown,Unknown,Unknown,Emergency Only,Unknown,58.11667,-3.65
34640,Heysham, ,GB HYM,United Kingdom,England West Coast,Irish Sea; North Atlantic Ocean,Very Small,Coastal (Breakwater),,,11.0,4.9,Unknown,Unknown,Unknown,Limited,Unknown,54.03333,-2.91667
34770,Holyhead, ,GB HLY,United Kingdom,Wales,Irish Sea; North Atlantic Ocean,Small,Coastal (Breakwater),,,3.4,12.5,Unknown,Unknown,Small,Moderate,Small,53.31667,-4.63333
31972,Hound Point Terminal, ,GB HPT,United Kingdom,Scotland East Coast,North Sea; North Atlantic Ocean,Small,Open Roadstead,,,18.6,,Unknown,Unknown,Small,Limited,Unknown,56.0,-3.36667
31665,Howdendyke, ,GB HDD,United Kingdom,England East Coast,North Sea; North Atlantic Ocean,Very Small,River (Natural),,,3.4,,Unknown,Unknown,Small,Limited,Unknown,53.73333,-0.88333
33515,Hunterston, ,GB HST,United Kingdom,Scotland West Coast,North Atlantic Ocean,Very Small,Open Roadstead,,,23.2,23.2,Unknown,Unknown,Small,Limited,Unknown,55.75,-4.88333
31650,Immingham, ,GB IMM,United Kingdom,England East Coast,North Sea; North Atlantic Ocean,Medium,River (Tide Gates),,,7.9,12.5,Unknown,Unknown,Medium,Major,Medium,53.63333,-0.2
32350,Invergordon, ,GB IVG,United Kingdom,Scotland East Coast,North Sea; North Atlantic Ocean,Small,Open Roadstead,,,15.1,12.0,Yes,No,Unknown,Limited,Unknown,57.68333,-4.16667
32330,Inverness, ,GB INV,United Kingdom,Scotland East Coast,North Sea; North Atlantic Ocean,Small,River (Natural),,,1.8,4.9,Unknown,Unknown,Unknown,Limited,Unknown,57.48333,-4.23333
31550,Ipswich, ,GB IPS,United Kingdom,England East Coast,North Sea; North Atlantic Ocean,Small,River (Tide Gates),155.0,8.4,4.9,6.4,Unknown,Unknown,Small,Limited,Medium,52.05,1.16667
31375,Isle Of Grain, ,GB IOG,United Kingdom,England East Coast,North Sea; North Atlantic Ocean,Small,Coastal (Natural),,,11.0,12.5,Unknown,Unknown,Small,Limited,Unknown,51.43333,0.7
32420,Kettletoft,Kittletoft,GB KET,United Kingdom,Orkney Islands,North Sea; North Atlantic Ocean,Very Small,Coastal (Natural),,,,1.8,Unknown,Unknown,Unknown,Emergency Only,Unknown,59.23333,-2.6
33145,Kilkeel, ,GB KLK,United Kingdom,Scotland West Coast,Irish Sea; North Atlantic Ocean,Very Small,Coastal (Natural),,,1.0,1.8,Unknown,Unknown,Unknown,Moderate,Unknown,54.05,-5.98333
33780,Kilroot, ,GB KLR,United Kingdom,Northern Ireland,North Atlantic Ocean,Small,Coastal (Natural),285.0,14.7,,7.1,No,No,Small,,,54.73333,-5.71667
31610,King's Lynn, ,GB KLN,United Kingdom,England East Coast,North Sea; North Atlantic Ocean,Small,River (Tide Gates),,,1.8,4.9,Unknown,Unknown,Small,Limited,Unknown,52.75,0.4
31660,Kingston Upon Hull, ,GB HUL,United Kingdom,England East Coast,North Sea; North Atlantic Ocean,Medium,River (Tide Gates),,,4.9,9.4,Unknown,Unknown,Unknown,Major,Medium,53.75,-0.28333
32440,Kirkwall, ,GB KWL,United Kingdom,Orkney Islands,North Sea; North Atlantic Ocean,Very Small,Coastal (Breakwater),,,4.9,5.0,Unknown,Yes,,Limited,,58.98333,-2.96667
32900,Kyle Of Lochalsh, ,GB KYL,United Kingdom,Scotland West Coast,North Atlantic Ocean,Very Small,Open Roadstead,,,4.9,4.9,Unknown,Unknown,Small,Limited,Unknown,57.28333,-5.71667
32910,Kyleakin, ,GB KYN,United Kingdom,Scotland West Coast,North Atlantic Ocean,Very Small,Coastal (Natural),,,9.4,1.8,Unknown,Unknown,Unknown,Emergency Only,Unknown,57.26667,-5.73333
33310,Lamlash Harbor, ,GB LAH,United Kingdom,Scotland West Coast,North Atlantic Ocean,Very Small,Open Roadstead,,,23.2,,Unknown,Unknown,Unknown,Emergency Only,Unknown,55.53333,-5.11667
33985,Lancaster, ,GB LAN,United Kingdom,Ireland,Irish Sea; North Atlantic Ocean,Small,River (Basins),,,,3.4,Unknown,Unknown,Small,Limited,Unknown,54.05,-2.78333
33500,Largs, ,GB LGS,United Kingdom,Scotland West Coast,North Atlantic Ocean,Very Small,Coastal (Natural),,6.0,14.0,3.6,Unknown,Unknown,Unknown,Unknown,Unknown,55.8,-4.86667
33790,Larne, ,GB LAR,United Kingdom,Northern Ireland,North Atlantic Ocean,Small,Coastal (Natural),125.0,,7.9,6.8,Unknown,No,Small,Limited,,54.85,-5.8
31930,Leith,Edinburg,GB LEI,United Kingdom,Scotland East Coast,North Sea; North Atlantic Ocean,Medium,River (Tide Gates),,,6.4,6.4,Unknown,Unknown,Small,Major,Medium,55.98333,-3.18333
32600,Lerwick, ,GB LER,United Kingdom,Shetland Islands,North Sea; North Atlantic Ocean,Medium,Coastal (Natural),200.0,8.0,9.0,12.5,Yes,Yes,,Moderate,Small,60.167,-1.15
35610,Littlehampton Harbour, ,GB LIT,United Kingdom,England South Coast,English Channel; North Atlantic Ocean,Very Small,River (Natural),,,,,Unknown,Unknown,Small,Limited,Unknown,50.78333,-0.53333
34690,Liverpool, ,GB LIV,United Kingdom,England West Coast,Irish Sea; North Atlantic Ocean,Large,River (Tide Gates),,,6.4,12.5,Unknown,Unknown,Large,Major,Medium,53.41667,-3.0
34650,Liverpool Bay Terminal, ,GB LIB,United Kingdom,England West Coast,Irish Sea; North Atlantic Ocean,Very Small,Open Roadstead,,,,,Unknown,Unknown,Unknown,Limited,Unknown,53.53333,-3.55
33160,Lochaline,Loch Aline,GB LOL,United Kingdom,Scotland West Coast,North Atlantic Ocean,Very Small,River (Basins),,,,7.9,Unknown,Unknown,Unknown,Limited,Unknown,56.55,-5.76667
32990,Lochboisdale, ,GB LBD,United Kingdom,Scotland West Coast,North Atlantic Ocean,Very Small,Coastal (Natural),,,7.9,3.4,Unknown,Unknown,Unknown,,Unknown,57.15,-7.3
32955,Lochmaddy, ,GB LMA,United Kingdom,Scotland West Coast,North Atlantic Ocean,Very Small,Coastal (Natural),,,12.5,3.4,Unknown,Unknown,Unknown,Limited,Unknown,57.6,-7.16667
31470,London, ,GB LON,United Kingdom,England East Coast,North Sea; North Atlantic Ocean,Large,River (Basins),,,7.9,3.4,Unknown,Unknown,Medium,Major,Medium,51.5,-0.08333
33830,Londonderry, ,GB LDY,United Kingdom,Northern Ireland,North Atlantic Ocean,Medium,River (Natural),,,7.9,7.9,Unknown,Unknown,Unknown,Limited,Small,55.0,-7.31667
32300,Lossiemouth, ,GB LSS,United Kingdom,Scotland East Coast,North Sea; North Atlantic Ocean,Very Small,Coastal (Breakwater),,3.7,3.4,,Unknown,Unknown,Unknown,Limited,Unknown,57.71667,-3.28333
31570,Lowestoft, ,GB LOW,United Kingdom,England East Coast,North Sea; North Atlantic Ocean,Small,Coastal (Breakwater),,6.0,3.4,4.9,Unknown,Unknown,Small,Moderate,Small,52.48333,1.75
32490,Lyness, ,GB LYS,United Kingdom,Orkney Islands,North Sea; North Atlantic Ocean,Medium,Coastal (Natural),,,12.5,7.9,Unknown,Unknown,Unknown,Limited,Unknown,58.83333,-3.2
32250,Macduff, ,GB MCD,United Kingdom,Scotland East Coast,North Sea; North Atlantic Ocean,Very Small,Coastal (Breakwater),,,1.8,4.9,Unknown,Unknown,Unknown,Limited,Unknown,57.66667,-2.5
33090,Mallaig, ,GB MLG,United Kingdom,Scotland West Coast,North Atlantic Ocean,Very Small,Coastal (Natural),,,4.9,4.9,Unknown,Unknown,Small,Limited,Unknown,57.0,-5.81667
34700,Manchester, ,GB MNC,United Kingdom,England West Coast,Irish Sea; North Atlantic Ocean,Large,River (Tide Gates),,,4.9,4.9,Unknown,Unknown,Unknown,Major,Medium,53.48333,-2.26667
32070,Methil, ,GB MTH,United Kingdom,Scotland East Coast,North Sea; North Atlantic Ocean,Small,Coastal (Tide Gates),,,1.8,4.9,Unknown,Unknown,Small,Limited,Unknown,56.18333,-3.0
35300,Mevagissey, ,GB MVG,United Kingdom,England South Coast,English Channel; North Atlantic Ocean,Very Small,Coastal (Breakwater),,,1.8,,Unknown,Unknown,Unknown,Limited,Unknown,50.26667,-4.78333
34880,Milford Haven, ,GB MLF,United Kingdom,Wales,Celtic Sea; North Atlantic Ocean,Medium,River (Natural),,,9.4,,Unknown,Unknown,Unknown,Major,Small,51.71667,-5.03333
33520,Millport, ,GB MLP,United Kingdom,Scotland West Coast,North Atlantic Ocean,Small,Coastal (Natural),,,1.8,1.8,Unknown,Unknown,Unknown,Unknown,Unknown,55.75,-4.91667
32200,Montrose, ,GB MON,United Kingdom,Scotland East Coast,North Sea; North Atlantic Ocean,Very Small,River (Natural),,,4.9,6.4,Unknown,Unknown,Unknown,Limited,Unknown,56.7,-2.46667
34685,Mostyn, ,GB CHE,United Kingdom,England West Coast,Irish Sea; North Atlantic Ocean,Very Small,Coastal (Natural),,,11.0,1.8,Unknown,Unknown,Small,Limited,Unknown,53.31667,-3.26667
34970,Neath, ,GB NEA,United Kingdom,Wales,Bristol Channel; North Atlantic Ocean,Very Small,Coastal (Natural),,,3.4,4.9,Unknown,Unknown,Unknown,,Unknown,51.63333,-3.83333
31668,New Holland, ,GB NHO,United Kingdom,England East Coast,North Sea; North Atlantic Ocean,Very Small,Open Roadstead,,,,,Unknown,Unknown,Unknown,Limited,Unknown,53.7,-0.36667
35650,Newhaven Harbour, ,GB NHV,United Kingdom,England South Coast,English Channel; North Atlantic Ocean,Very Small,River (Natural),,,4.9,7.9,Unknown,Unknown,Unknown,Limited,Unknown,50.78333,0.05
35240,Newlyn, ,GB NYL,United Kingdom,England South Coast,English Channel; North Atlantic Ocean,Very Small,Coastal (Breakwater),,,14.0,4.9,Unknown,Unknown,Small,Limited,Unknown,50.1,-5.55
35015,Newport, ,GB NPT,United Kingdom,Wales,Bristol Channel; North Atlantic Ocean,Medium,River (Tide Gates),,,9.4,6.4,Unknown,Unknown,Unknown,Major,Medium,51.55,-2.98333
33250,Oban, ,GB OBA,United Kingdom,Scotland West Coast,North Atlantic Ocean,Small,Coastal (Natural),72.0,4.8,12.5,5.0,No,No,Medium,Moderate,Unknown,56.41667,-5.48333
33460,Old Kilpatrick, ,GB OKK,United Kingdom,Scotland West Coast,North Atlantic Ocean,Very Small,River (Natural),,,6.4,,Unknown,Unknown,Small,Emergency Only,Unknown,55.91667,-4.46667
33060,Ornsay, , ,United Kingdom,Scotland West Coast,North Atlantic Ocean,Very Small,Coastal (Natural),,,12.5,1.8,Unknown,Unknown,Unknown,Emergency Only,Unknown,57.15,-5.8
35170,Padstow, ,GB PAD,United Kingdom,England SW Coast,Celtic Sea; North Atlantic Ocean,Very Small,River (Natural),,,1.8,3.4,Unknown,Unknown,Unknown,Limited,Unknown,50.55,-4.93333
35330,Par, ,GB PAR,United Kingdom,England South Coast,English Channel; North Atlantic Ocean,Very Small,Coastal (Breakwater),,,,4.9,Unknown,Unknown,Unknown,Limited,Small,50.35,-4.7
35250,Penzance, ,GB PEN,United Kingdom,England South Coast,English Channel; North Atlantic Ocean,Small,Coastal (Tide Gates),,,,4.9,Unknown,Unknown,Small,Limited,Small,50.11667,-5.53333
32180,Perth, ,GB PER,United Kingdom,Scotland East Coast,North Sea; North Atlantic Ocean,Small,River (Basins),,,,3.4,Unknown,Unknown,Unknown,Limited,Unknown,56.4,-3.45
32230,Peterhead,Peterhead Bay Harbor,GB PHD,United Kingdom,Scotland East Coast,North Sea; North Atlantic Ocean,Medium,Coastal (Breakwater),,,9.4,9.4,Unknown,Unknown,Unknown,Moderate,Small,57.5,-1.78333
32410,Pierowall, ,GB PIE,United Kingdom,Orkney Islands,North Atlantic Ocean,Small,Coastal (Natural),,,3.4,1.8,Unknown,Unknown,Unknown,Emergency Only,Unknown,59.31778,-2.98861
32890,Plockton, ,GB PLO,United Kingdom,Scotland West Coast,North Atlantic Ocean,Very Small,Coastal (Natural),,,4.9,,Unknown,Unknown,Small,Emergency Only,Unknown,57.33333,-5.65
35370,Plymouth, ,GB PLY,United Kingdom,England South Coast,English Channel; North Atlantic Ocean,Medium,Coastal (Natural),,,9.4,7.9,Unknown,Unknown,Unknown,Limited,Large,50.36667,-4.15
35480,Poole Harbour, ,GB POO,United Kingdom,England South Coast,English Channel; North Atlantic Ocean,Small,River (Natural),,,4.9,6.4,Unknown,Unknown,Small,Limited,Unknown,50.68333,-1.95
33280,Port Ellen, ,GB PLN,United Kingdom,Scotland West Coast,North Atlantic Ocean,Very Small,Open Roadstead,,,3.4,3.4,Unknown,Unknown,Unknown,Unknown,Unknown,55.63333,-6.2
34980,Port Talbot, ,GB PTB,United Kingdom,Wales,Bristol Channel; North Atlantic Ocean,Small,Coastal (Breakwater),,,11.0,14.0,Unknown,Unknown,Unknown,Major,Unknown,51.58333,-3.81667
35450,Portland Harbour, ,GB PRH,United Kingdom,England South Coast,English Channel; North Atlantic Ocean,Medium,Coastal (Breakwater),,,11.0,12.5,Unknown,Unknown,Small,Moderate,Unknown,50.58333,-2.43333
32360,Portmahomack Harbor, ,GB PMK,United Kingdom,Scotland East Coast,North Sea; North Atlantic Ocean,Small,Coastal (Breakwater),,,1.8,1.8,Unknown,Unknown,Unknown,Emergency Only,Unknown,57.83333,-3.83333
32930,Portree Harbor, ,GB PRT,United Kingdom,Scotland West Coast,North Atlantic Ocean,Very Small,Coastal (Natural),,,6.4,3.4,Unknown,Unknown,Small,Limited,Unknown,57.41667,-6.2
35600,Portsmouth Harbour, ,"GB ME""""",United Kingdom,England South Coast,English Channel; North Atlantic Ocean,Medium,Coastal (Tide Gates),,,9.4,11.0,Unknown,Unknown,Medium,Major,Large,50.8,-1.1
35715,Ramsgate, ,GB RMG,United Kingdom,England South Coast,English Channel; North Atlantic Ocean,Small,Coastal (Breakwater),,,6.4,6.4,Unknown,Unknown,Small,Limited,Medium,51.33333,1.41667
33480,Renfrew, ,GB REN,United Kingdom,Scotland West Coast,North Atlantic Ocean,Very Small,River (Basins),,,6.4,1.8,Unknown,Unknown,Small,Moderate,Unknown,55.88333,-4.38333
31980,Rosyth, ,GB ROY,United Kingdom,Scotland East Coast,North Sea; North Atlantic Ocean,Small,River (Tide Gates),,,7.9,4.9,Unknown,Unknown,Unknown,Limited,Large,56.01667,-3.43333
33470,Rothesay Dock, , ,United Kingdom,Scotland West Coast,North Atlantic Ocean,Very Small,River (Natural),,,6.4,4.9,Unknown,Unknown,Small,Emergency Only,Unknown,55.9,-4.4
33370,Rothesay Harbor, ,GB RAY,United Kingdom,Scotland West Coast,North Atlantic Ocean,Very Small,Coastal (Breakwater),,,12.5,1.8,Unknown,Unknown,Unknown,Limited,Unknown,55.83333,-5.05
35690,Rye Harbour, ,GB RU7,United Kingdom,England South Coast,English Channel; North Atlantic Ocean,Very Small,River (Natural),,,,3.4,Unknown,Unknown,Unknown,Limited,Unknown,50.93333,0.76667
32590,Scalloway, ,GB SWY,United Kingdom,Shetland Islands,North Atlantic Ocean,Very Small,Coastal (Natural),90.0,6.5,8.7,7.0,Unknown,Unknown,,Limited,Unknown,60.13333,-1.28333
32500,Scapa Bay, ,GB SCF,United Kingdom,Orkney Islands,North Sea; North Atlantic Ocean,Small,Coastal (Natural),,,14.0,1.8,Unknown,Unknown,Unknown,Limited,Unknown,58.95,-2.98333
31690,Scarborough, ,GB SCA,United Kingdom,England East Coast,North Sea; North Atlantic Ocean,Very Small,Coastal (Breakwater),,,1.8,4.9,Unknown,Unknown,Small,Limited,Unknown,54.28333,-0.4
32780,Scrabster Harbor, ,GB SCR,United Kingdom,Scotland North Coast,North Atlantic Ocean,Small,Coastal (Breakwater),,,7.7,9.0,Unknown,Yes,Unknown,Limited,Unknown,58.61667,-3.55
31750,Seaham, ,GB SEA,United Kingdom,England East Coast,North Sea; North Atlantic Ocean,Small,Coastal (Tide Gates),,,1.8,6.4,Unknown,Unknown,Medium,Moderate,Unknown,54.83333,-1.31667
35040,Sharpness, ,GB SSS,United Kingdom,England SW Coast,Bristol Channel; North Atlantic Ocean,Small,Canal or Lake,,,1.8,6.4,Unknown,Unknown,Unknown,Moderate,Small,51.71667,-2.48333
31370,Sheerness, ,GB SHS,United Kingdom,England East Coast,North Sea; North Atlantic Ocean,Very Small,Coastal (Natural),,,11.0,11.0,Unknown,Unknown,Small,Limited,Small,51.45,0.75
35630,Shoreham Harbour,New Shoreham,GB SHO,United Kingdom,England South Coast,English Channel; North Atlantic Ocean,Very Small,Canal or Lake,,,1.8,6.4,Unknown,Unknown,Medium,Limited,Small,50.81667,-0.25
34590,Silloth, ,GB SIL,United Kingdom,England West Coast,Irish Sea; North Atlantic Ocean,Small,Coastal (Tide Gates),,,4.9,4.9,Unknown,Unknown,Small,Limited,Unknown,54.86667,-3.4
32460,South Ness, , ,United Kingdom,Orkney Islands,North Sea; North Atlantic Ocean,Very Small,Coastal (Natural),,,3.4,3.4,Unknown,Unknown,Unknown,Emergency Only,Unknown,58.8,-3.2
35580,Southampton, ,GB SOU,United Kingdom,England South Coast,English Channel; North Atlantic Ocean,Large,River (Basins),,,12.5,14.0,Unknown,Unknown,Medium,Major,Large,50.9,-1.4
32470,St Margarets Hope, ,GB SGP,United Kingdom,Orkney Islands,North Sea; North Atlantic Ocean,Very Small,Coastal (Natural),,,1.8,1.8,Unknown,Unknown,Unknown,Limited,Unknown,58.83333,-2.95
35210,St. Mary's (Scilly Isl.), ,GB SVZ,United Kingdom,England SW Coast,Celtic Sea; North Atlantic Ocean,Small,Coastal (Breakwater),,,11.0,4.9,Unknown,Unknown,Small,Limited,Unknown,49.91667,-6.31667
33020,Stornoway Harbor, ,GB STO,United Kingdom,Scotland West Coast,North Atlantic Ocean,Very Small,Coastal (Natural),,,6.4,6.4,Unknown,Unknown,Unknown,Moderate,Unknown,58.18333,-6.36667
33570,Stranraer,Ryan Loch,GB STR,United Kingdom,Scotland West Coast,North Atlantic Ocean,Very Small,River (Basins),,,4.9,4.9,Unknown,Unknown,Medium,Limited,Unknown,54.9,-5.03333
32450,Stromness, ,GB SNS,United Kingdom,Orkney Islands,North Atlantic Ocean,Very Small,Open Roadstead,,,4.9,6.4,No,No,,Limited,,58.96667,-3.3
32630,Sullom Voe, ,GB SUL,United Kingdom,Shetland Islands,North Atlantic Ocean,Small,Coastal (Natural),365.0,24.0,22.5,,Unknown,Unknown,Unknown,Limited,Unknown,60.46667,-1.3
31760,Sunderland, ,GB SUN,United Kingdom,England East Coast,North Sea; North Atlantic Ocean,Medium,River (Tide Gates),,,6.4,6.4,Unknown,Unknown,Medium,Major,Small,54.91667,-1.36667
34950,Swansea, ,GB SWA,United Kingdom,Wales,Bristol Channel; North Atlantic Ocean,Small,River (Tide Gates),,,3.4,9.4,Unknown,Unknown,Medium,Major,Medium,51.61667,-3.95
33030,Tarbert, ,GB TAR,United Kingdom,Scotland West Coast,North Atlantic Ocean,Very Small,Coastal (Natural),,,9.4,6.4,Unknown,Unknown,Small,Limited,Unknown,57.9,-6.81667
31720,Teesport, ,GB TEE,United Kingdom,England East Coast,North Sea; North Atlantic Ocean,Large,River (Tide Gates),,,14.0,6.4,Unknown,Unknown,Medium,Major,Medium,54.65,-1.13333
35415,Teignmouth Harbour, ,GB TNM,United Kingdom,England South Coast,English Channel; North Atlantic Ocean,Very Small,River (Natural),,,,4.9,Unknown,Unknown,Small,Limited,Unknown,50.55,-3.5
31376,Thamesport, ,GB THP,United Kingdom,England East Coast,North Sea; North Atlantic Ocean,Small,River (Natural),,,11.0,15.5,Unknown,Unknown,Small,Limited,Unknown,51.43333,0.7
31430,Tilbury, ,GB TIL,United Kingdom,England East Coast,North Sea; North Atlantic Ocean,Small,River (Tide Gates),,,,9.4,Unknown,Unknown,Small,Limited,Unknown,51.46667,0.33333
33140,Tobermory, ,GB TOB,United Kingdom,Scotland West Coast,North Atlantic Ocean,Very Small,Coastal (Natural),,,20.1,1.8,Unknown,Unknown,Unknown,Emergency Only,Unknown,56.61667,-6.06667
35410,Torquay Harbour, ,GB TOR,United Kingdom,England South Coast,English Channel; North Atlantic Ocean,Very Small,Coastal (Breakwater),,,4.9,3.4,Unknown,Unknown,Small,Limited,Unknown,50.46667,-3.53333
33550,Troon, ,GB TRN,United Kingdom,Scotland West Coast,North Atlantic Ocean,Very Small,Coastal (Breakwater),,,3.4,4.9,Unknown,Unknown,Small,Moderate,Medium,55.55,-4.68333
31765,Tynemouth, ,GB TYM,United Kingdom,England East Coast,North Sea; North Atlantic Ocean,Medium,River (Tide Gates),,,7.9,6.4,Unknown,Unknown,Small,Major,Large,55.0,-1.4
32950,Uig, ,GB UIG,United Kingdom,Scotland West Coast,North Atlantic Ocean,Very Small,Coastal (Natural),,,12.5,4.9,Unknown,Unknown,Unknown,Emergency Only,Unknown,57.58333,-6.35
32820,Ullapool,Broom Loch,GB ULL,United Kingdom,Scotland West Coast,North Atlantic Ocean,Very Small,Open Roadstead,,,6.4,4.9,Unknown,Unknown,Unknown,Limited,Unknown,57.9,-5.15
31830,Warkworth Harbour,Amble,GB WKO,United Kingdom,England East Coast,North Sea; North Atlantic Ocean,Very Small,River (Natural),,,1.8,1.8,Unknown,Unknown,Small,Limited,Unknown,55.33333,-1.58333
33680,Warren Point, ,GB WPT,United Kingdom,Northern Ireland,Irish Sea; North Atlantic Ocean,Very Small,Coastal (Natural),157.0,,5.4,7.5,Yes,Yes,Small,Moderate,,54.1,-6.25
35110,Watchet Harbor, ,GB WAT,United Kingdom,England SW Coast,Bristol Channel; North Atlantic Ocean,Very Small,Coastal (Breakwater),,,1.8,4.9,Unknown,Unknown,Unknown,Limited,Unknown,51.18333,-3.33333
35460,Weymouth Harbour, ,GB WEY,United Kingdom,England South Coast,English Channel; North Atlantic Ocean,Small,Coastal (Natural),,,4.9,4.9,Unknown,Unknown,Small,Limited,Unknown,50.61667,-2.45
31700,Whitby, ,GB WTB,United Kingdom,England East Coast,North Sea; North Atlantic Ocean,Small,Coastal (Breakwater),,,4.9,1.8,Unknown,Unknown,Unknown,Limited,Unknown,54.48333,-0.61667
32430,Whitehall, ,GB WHL,United Kingdom,Orkney Islands,North Sea; North Atlantic Ocean,Very Small,Coastal (Natural),,,3.4,1.8,Unknown,Unknown,Unknown,Emergency Only,Unknown,59.13333,-2.6
31360,Whitstable, ,GB WTS,United Kingdom,England East Coast,North Sea; North Atlantic Ocean,Small,River (Natural),,,1.8,4.9,Unknown,Unknown,Small,Limited,Small,51.36667,1.03333
32380,Wick, ,GB WIC,United Kingdom,Scotland East Coast,North Sea; North Atlantic Ocean,Small,Coastal (Breakwater),89.0,5.0,4.0,1.8,Unknown,No,Unknown,Limited,,58.43333,-3.08333
31600,Wisbech, ,GB WIS,United Kingdom,England East Coast,North Sea; North Atlantic Ocean,Small,Canal or Lake,,,,3.4,Unknown,Unknown,Unknown,Limited,Unknown,52.66667,0.15
34610,Workington, ,GB WOR,United Kingdom,England West Coast,Irish Sea; North Atlantic Ocean,Very Small,River (Tide Gates),,,1.8,4.9,Unknown,Unknown,Small,Moderate,Unknown,54.56667,-3.63333
35560,Yarmouth Harbour, ,GB YMO,United Kingdom,England South Coast,English Channel; North Atlantic Ocean,Small,Coastal (Tide Gates),,,1.8,1.8,Unknown,Unknown,Unknown,Limited,Unknown,50.7,-1.5
17060,Aberdeen,South Aberdeen,US GHR,United States,United States W Coast,North Pacific Ocean,Small,River (Natural),,,7.9,9.4,Unknown,Unknown,Medium,Limited,Unknown,46.98333,-123.81667
20140,Adak Naval Air Station, ,US AXK,United States,Aleutian Islands,Bering Sea; North Pacific Ocean,Small,Coastal (Breakwater),,,23.2,11.0,Unknown,Unknown,Unknown,Unknown,Unknown,51.86667,-176.63333
56310,Ahukini Landing, , ,United States,Hawaiian Islands,North Pacific Ocean,Very Small,Coastal (Breakwater),,,9.4,7.9,Unknown,Unknown,Unknown,Emergency Only,Unknown,22.0,-159.33333
20097,Akutan Harbor, ,US KQA,United States,Aleutian Islands,Bering Sea; North Pacific Ocean,Very Small,Coastal (Natural),,,23.2,11.0,Unknown,Unknown,Unknown,Unknown,Unknown,54.13333,-165.8
4420,Alabaster, ,US LBA,United States,US Lake Huron,Lake Huron; Great Lakes,Very Small,Open Roadstead,,,4.9,6.4,Unknown,Unknown,Unknown,Limited,Unknown,44.18333,-83.55
16330,Alameda, ,US NGZ,United States,United States W Coast,North Pacific Ocean,Small,Coastal (Natural),,,15.2,7.9,Unknown,Unknown,Medium,Major,Medium,37.78333,-122.26667
7720,Albany, ,US ALB,United States,United States E Coast,North Atlantic Ocean,Medium,River (Natural),,,9.4,7.9,Unknown,Unknown,Unknown,Limited,Unknown,42.65,-73.75
20170,Alcan Harbor, ,US ZAK,United States,Aleutian Islands,Bering Sea; North Pacific Ocean,Very Small,Coastal (Natural),,,,3.4,Unknown,Unknown,Unknown,Unknown,Unknown,52.73333,174.06667
8240,Alexandria, ,US AXR,United States,United States E Coast,North Atlantic Ocean,Small,River (Natural),,,6.4,4.9,Unknown,Unknown,Small,Limited,Unknown,38.8,-77.03333
2790,Alexandria Bay, ,US AXB,United States,US St Lawrence R,Lake Ontario; Great Lakes,Very Small,River (Natural),,,3.4,3.4,Unknown,Unknown,Unknown,Unknown,Unknown,44.33333,-75.91667
4920,Algoma, ,US QAG,United States,US Lake Michigan,Lake Michigan; Great Lakes,Very Small,River (Natural),,,1.8,1.8,Unknown,Unknown,Small,Limited,Unknown,44.6,-87.43333
4320,Algonac, ,US ALG,United States,US Lake Huron,Lake Saint Clair; Great Lakes,Very Small,River (Natural),,,6.4,3.4,Unknown,Unknown,Small,Limited,Unknown,42.61667,-82.51667
4470,Alpena, ,US APN,United States,US Lake Huron,Lake Huron; Great Lakes,Small,Coastal (Natural),,,6.4,6.4,Unknown,Unknown,Unknown,Limited,Unknown,45.06667,-83.41667
18040,Anacortes, ,US OTS,United States,United States W Coast,Alaska-Canada coastal waters; North Pacific Ocean,Small,Coastal (Natural),,,10.5,11.0,Unknown,Unknown,Medium,Limited,Unknown,48.51667,-122.61667
19800,Anchorage, ,US ANC,United States,Alaska,Cook Inlet; Gulf of Alaska; North Pacific Ocean,Small,Coastal (Natural),,,6.4,9.4,Unknown,Unknown,Unknown,Limited,Unknown,61.21667,-149.9
8225,Annapolis, ,US ANP,United States,United States E Coast,North Atlantic Ocean,Very Small,River (Natural),,,4.9,3.4,Unknown,Unknown,Small,Limited,Unknown,38.98333,-76.48333
16515,Antioch, ,US ANZ,United States,United States W Coast,North Pacific Ocean,Very Small,River (Natural),,,10.7,9.4,Unknown,Unknown,Medium,Moderate,Unknown,38.01667,-121.8
8730,Apalachicola, ,US AAF,United States,US Gulf Coast,Gulf of Mexico; North Atlantic Ocean,Very Small,River (Natural),,,1.8,,Unknown,Unknown,Small,Limited,Unknown,29.71667,-84.98333
5390,Ashland,Chequamegon Bay,US ASX,United States,US Lake Superior,Lake Superior; Great Lakes,Small,Coastal (Natural),,,6.4,6.4,Unknown,Unknown,Unknown,Limited,Unknown,46.6,-90.86667
3470,Ashtabula, ,US ASF,United States,US Lake Erie,Lake Erie; Great Lakes,Small,River (Basins),,,6.4,6.4,Unknown,Unknown,Unknown,Major,Large,41.9,-80.8
16850,Astoria, ,US AST,United States,United States W Coast,North Pacific Ocean,Small,River (Natural),,,12.5,9.4,Unknown,Unknown,Medium,Moderate,Unknown,46.2,-123.83333
8020,Atlantic City, ,US AIY,United States,United States E Coast,North Atlantic Ocean,Very Small,Coastal (Natural),,,1.8,11.0,Unknown,Unknown,Unknown,Limited,Unknown,39.36667,-74.41667
4450,Au Sable, , ,United States,US Lake Huron,Lake Huron; Great Lakes,Very Small,River (Natural),,,2.0,,Unknown,Unknown,Unknown,Limited,Unknown,44.4,-83.31667
7120,Augusta, ,US AUG,United States,United States E Coast,North Atlantic Ocean,Very Small,River (Natural),,,1.8,,Unknown,Unknown,Small,Limited,Unknown,44.31667,-69.76667
16050,Avalon, ,US AOU,United States,United States W Coast,North Pacific Ocean,Very Small,Coastal (Natural),,,,,Unknown,Unknown,Unknown,Limited,Unknown,33.35,-118.31667
8210,Baltimore, ,US BAL,United States,United States E Coast,North Atlantic Ocean,Large,River (Natural),,,14.0,14.0,Unknown,Unknown,Large,Major,Large,39.26667,-76.58333
16720,Bandon, ,US BDY,United States,United States W Coast,North Pacific Ocean,Very Small,River (Natural),,,,3.4,Unknown,Unknown,Unknown,Unknown,Unknown,43.11667,-124.41667
6900,Bangor, ,US BGR,United States,United States E Coast,North Atlantic Ocean,Small,River (Natural),,,3.4,6.4,Unknown,Unknown,Unknown,Limited,Unknown,44.8,-68.76667
6700,Bar Harbor, ,US BHB,United States,United States E Coast,North Atlantic Ocean,Very Small,Coastal (Natural),,,4.9,3.4,Unknown,Unknown,Small,Limited,Unknown,44.38333,-68.2
5320,Baraga, ,US RGA,United States,US Lake Superior,Lake Superior; Great Lakes,Very Small,Coastal (Natural),,,4.9,4.9,Unknown,Unknown,Unknown,Unknown,Unknown,46.78333,-88.48333
20050,Baralof Bay,Squaw Harbor, ,United States,Alaska,North Pacific Ocean,Very Small,Coastal (Natural),,,,7.9,Unknown,Unknown,Unknown,Unknown,Unknown,55.23333,-160.53333
56272,Barber's Point,Kalaeloa,US NAX,United States,Hawaiian Islands,North Pacific Ocean,Very Small,Coastal (Breakwater),,,12.2,11.0,Unknown,Unknown,Unknown,Major,Medium,21.31667,-158.11667
56270,Barbers Point Terminal, , ,United States,United States,North Pacific Ocean,Very Small,Open Roadstead,,,,,Unknown,Unknown,Unknown,Unknown,Unknown,21.26667,-158.1
8000,Barnegat, ,US BG7,United States,United States E Coast,North Atlantic Ocean,Very Small,Coastal (Natural),,,1.8,1.8,Unknown,Unknown,Small,Limited,Unknown,39.76667,-74.1
20480,Barrow, ,US BRW,United States,Alaska Continued,Arctic Ocean,Very Small,Open Roadstead,,,,,Unknown,Unknown,Unknown,Unknown,Unknown,71.28333,-156.78333
6770,Bass Harbor, ,US 9HA,United States,United States E Coast,North Atlantic Ocean,Very Small,Coastal (Natural),,,1.8,1.8,Unknown,Unknown,Small,Moderate,Unknown,44.23333,-68.35
7080,Bath, ,US BTH,United States,United States E Coast,North Atlantic Ocean,Small,River (Natural),,,7.9,7.9,Unknown,Unknown,Small,Major,Medium,43.91667,-69.81667
8970,Baton Rouge, ,US BTR,United States,US Gulf Coast,Gulf of Mexico; North Atlantic Ocean,Small,River (Natural),,,12.5,9.4,Unknown,Unknown,Small,Major,Small,30.45,-91.18333
4400,Bay City, ,US BCY,United States,US Lake Huron,Lake Huron; Great Lakes,Small,River (Natural),,,7.9,6.4,Unknown,Unknown,Unknown,Major,Small,43.6,-83.86667
17050,Bay City, , ,United States,United States W Coast,North Pacific Ocean,Very Small,River (Natural),,,,,Unknown,Unknown,Unknown,Unknown,Unknown,46.86667,-124.06667
19330,Bay Of Pillars, , ,United States,Alaska,Alaska-Canada coastal waters; North Pacific Ocean,Very Small,Coastal (Natural),,,,9.4,Unknown,Unknown,Unknown,Unknown,Unknown,56.6,-134.23333
8400,Bayboro, , ,United States,United States E Coast,North Atlantic Ocean,Very Small,River (Natural),,,3.4,1.8,Unknown,Unknown,Small,Limited,Unknown,35.15,-76.76667
5410,Bayfield, ,US BFI,United States,US Lake Superior,Lake Superior; Great Lakes,Very Small,Coastal (Natural),,,1.8,4.9,Unknown,Unknown,Unknown,Limited,Unknown,46.8,-90.81667
7790,Bayonne, ,US BAY,United States,United States E Coast,North Atlantic Ocean,Medium,River (Natural),,,9.4,12.5,Unknown,Unknown,Medium,Major,Unknown,40.68333,-74.1
9170,Baytown, ,US HPY,United States,US Gulf Coast,Gulf of Mexico; North Atlantic Ocean,Very Small,Coastal (Natural),,,14.0,11.0,Unknown,Unknown,Small,Unknown,Unknown,29.73333,-95.01667
7895,Bayway, ,US 8BY,United States,United States E Coast,North Atlantic Ocean,Very Small,River (Natural),,,9.4,7.9,Unknown,Unknown,Unknown,Limited,Unknown,40.63333,-74.2
19970,Bear Island, , ,United States,Alaska,Gulf of Alaska; North Pacific Ocean,Very Small,Coastal (Natural),,,,,Unknown,Unknown,Unknown,Unknown,Unknown,58.45,-152.68333
8420,Beaufort, ,US BFO,United States,United States E Coast,North Atlantic Ocean,Very Small,Coastal (Natural),,,3.4,3.4,Unknown,Unknown,Small,Limited,Unknown,34.71667,-76.66667
8520,Beaufort, ,US BFT,United States,United States E Coast,North Atlantic Ocean,Very Small,River (Natural),,,3.4,4.9,Unknown,Unknown,Small,Limited,Unknown,32.43333,-80.66667
9140,Beaumont, ,US BPT,United States,US Gulf Coast,Gulf of Mexico; North Atlantic Ocean,Medium,River (Natural),,,11.0,7.9,Unknown,Unknown,Small,Major,Small,30.08333,-94.08333
6920,Belfast, ,US BEL,United States,United States E Coast,North Atlantic Ocean,Very Small,River (Natural),,,3.4,3.4,Unknown,Unknown,Unknown,Limited,Unknown,44.41667,-69.0
8380,Belhaven, ,US BPV,United States,United States E Coast,North Atlantic Ocean,Very Small,River (Natural),,,1.8,1.8,Unknown,Unknown,Small,Limited,Unknown,35.61667,-76.61667
20070,Belkofski, , ,United States,Alaska,North Pacific Ocean,Very Small,Open Roadstead,,,,,Unknown,Unknown,Unknown,Unknown,Unknown,55.08333,-162.03333
18050,Bellingham, ,US BLI,United States,United States W Coast,Alaska-Canada coastal waters; North Pacific Ocean,Small,Coastal (Natural),,,,9.4,Unknown,Unknown,Medium,Moderate,Unknown,48.75,-122.5
16470,Benicia, ,US BNC,United States,United States W Coast,North Pacific Ocean,Very Small,Coastal (Natural),,,9.4,9.4,Unknown,Unknown,Unknown,Unknown,Medium,38.05,-122.15
16360,Berkeley, ,US JBK,United States,United States W Coast,North Pacific Ocean,Very Small,Coastal (Natural),,,1.8,,Unknown,Unknown,Unknown,Unknown,Unknown,37.86667,-122.3
20486,Bernard Harbor, , ,United States,Alaska Continued,Beaufort Sea; Arctic Ocean,Very Small,Open Roadstead,,,1.8,,Unknown,Unknown,Unknown,Unknown,Unknown,70.13333,-143.63333
20310,Bethel, ,US BET,United States,Alaska Continued,Bering Sea; North Pacific Ocean,Very Small,River (Natural),,4.6,,,Unknown,Unknown,Unknown,Unknown,Unknown,60.81667,-161.71667
7220,Beverly, ,US BVY,United States,United States E Coast,North Atlantic Ocean,Very Small,Coastal (Natural),,,6.4,6.4,Unknown,Unknown,Small,Limited,Unknown,42.53333,-70.88333
19370,Big Port Walter, ,USPWR,United States,Alaska,Alaska-Canada coastal waters; North Pacific Ocean,Very Small,Coastal (Natural),,,23.2,11.0,Unknown,Unknown,Unknown,Unknown,Unknown,56.38333,-134.73333
8790,Biloxi, ,US BIX,United States,US Gulf Coast,Gulf of Mexico; North Atlantic Ocean,Very Small,Coastal (Natural),,,1.8,1.8,Unknown,Unknown,Small,Limited,Medium,30.38333,-88.88333
18070,Blaine, ,US BWS,United States,United States W Coast,Alaska-Canada coastal waters; North Pacific Ocean,Very Small,Coastal (Natural),,,6.4,6.4,Unknown,Unknown,Medium,Limited,Unknown,49.0,-122.75
8665,Boca Grande,Charlotte Harbor,US BCG,United States,US Gulf Coast,Gulf of Mexico; North Atlantic Ocean,Very Small,Coastal (Natural),,,9.4,9.4,Unknown,Unknown,Medium,Limited,Unknown,26.7,-82.33333
16630,Bodega Bay, ,US DHB,United States,United States W Coast,North Pacific Ocean,Very Small,Coastal (Natural),,,1.8,,Unknown,Unknown,Small,Unknown,Unknown,38.33333,-123.05
7040,Boothbay Harbor, ,US OYH,United States,United States E Coast,North Atlantic Ocean,Very Small,Coastal (Natural),,,4.9,3.4,Unknown,Unknown,Small,Moderate,Unknown,43.86667,-69.58333
7250,Boston, ,US BOS,United States,United States E Coast,North Atlantic Ocean,Large,Coastal (Natural),,,11.0,12.5,Unknown,Unknown,Large,Major,Large,42.35,-71.05
17430,Bremerton, ,US PWT,United States,United States W Coast,Alaska-Canada coastal waters; North Pacific Ocean,Medium,Coastal (Natural),,,12.5,12.5,Unknown,Unknown,Unknown,Major,Large,47.56667,-122.65
7570,Bridgeport, ,US BDR,United States,United States E Coast,North Atlantic Ocean,Medium,Coastal (Breakwater),,,7.9,9.4,Unknown,Unknown,Small,Limited,Unknown,41.16667,-73.18333
7410,Bristol, ,US BSE,United States,United States E Coast,North Atlantic Ocean,Very Small,Coastal (Natural),,,6.4,3.4,Unknown,Unknown,Small,Limited,Unknown,41.66667,-71.26667
8150,Bristol, ,US UAC,United States,United States E Coast,North Atlantic Ocean,Very Small,River (Natural),,,6.4,11.0,Unknown,Unknown,Small,Unknown,Unknown,40.1,-74.85
6790,Brooklin,Center Harbor,US BL3,United States,United States E Coast,North Atlantic Ocean,Very Small,Coastal (Natural),,,3.4,1.8,Unknown,Unknown,Small,Limited,Unknown,44.26667,-68.58333
7630,Brooklyn, ,US BOY,United States,United States E Coast,North Atlantic Ocean,Large,River (Natural),,,12.5,12.5,Unknown,Unknown,Large,Major,Medium,40.66667,-74.01667
9340,Brownsville, ,US BRO,United States,US Gulf Coast,Gulf of Mexico; North Atlantic Ocean,Small,Canal or Lake,,,12.5,9.4,Unknown,Unknown,Small,Limited,Small,25.95,-97.4
8550,Brunswick, ,US SSI,United States,United States E Coast,North Atlantic Ocean,Small,River (Natural),,,9.4,7.9,Unknown,Unknown,Medium,Limited,Unknown,31.15,-81.5
6800,Bucks Harbor,South Brooksville, ,United States,United States E Coast,North Atlantic Ocean,Very Small,Coastal (Natural),,,6.4,3.4,Unknown,Unknown,Unknown,Unknown,Unknown,44.33333,-68.73333
6880,Bucksport, ,US BUP,United States,United States E Coast,North Atlantic Ocean,Very Small,River (Natural),,,9.4,9.4,Unknown,Unknown,Small,Limited,Unknown,44.56667,-68.78333
3430,Buffalo, ,US BUF,United States,US Lake Erie,Lake Erie; Great Lakes,Large,Coastal (Breakwater),,,7.9,6.4,Unknown,Unknown,Unknown,Major,Large,42.88333,-78.88333
4770,Buffington, , ,United States,US Lake Michigan,Lake Michigan; Great Lakes,Medium,Coastal (Breakwater),,,7.9,7.9,Unknown,Unknown,Unknown,Unknown,Unknown,41.63333,-87.41667
8140,Burlington, ,US BUH,United States,United States E Coast,North Atlantic Ocean,Very Small,River (Natural),,,1.8,1.8,Unknown,Unknown,Unknown,Limited,Unknown,40.08333,-74.86667
19200,Burnett Inlet, , ,United States,Alaska,Alaska-Canada coastal waters; North Pacific Ocean,Very Small,Coastal (Natural),,,,3.4,Unknown,Unknown,Unknown,Unknown,Unknown,56.06667,-132.46667
4490,Calcite, ,US MI3,United States,US Lake Huron,Lake Huron; Great Lakes,Very Small,Coastal (Breakwater),,,6.4,6.4,Unknown,Unknown,Unknown,Unknown,Unknown,45.41667,-83.78333
4790,Calumet Harbor,South Chicago,US CAY,United States,US Lake Michigan,Lake Michigan; Great Lakes,Medium,Coastal (Breakwater),,,7.9,6.4,Unknown,Unknown,Unknown,Major,Large,41.73333,-87.51667
16960,Camas, ,US CMS,United States,United States W Coast,North Pacific Ocean,Very Small,River (Natural),,,8.2,,Unknown,Unknown,Unknown,Unknown,Unknown,45.58333,-122.4
8130,Camden, ,US CDE,United States,United States E Coast,North Atlantic Ocean,Medium,River (Natural),,,11.0,11.0,Unknown,Unknown,Large,Major,Medium,39.95,-75.13333
6940,Camden, ,US AQQ,United States,United States E Coast,North Atlantic Ocean,Very Small,Coastal (Natural),,,4.9,3.4,Unknown,Unknown,Small,Limited,Unknown,44.21667,-69.06667
8595,Canaveral Harbor,Port Canaveral,US PCV,United States,United States E Coast,North Atlantic Ocean,Very Small,Coastal (Natural),,,12.5,12.5,Unknown,Unknown,Unknown,,Unknown,28.7,-80.61667
20100,Cannery Bay, , ,United States,Aleutian Islands,Bering Sea; North Pacific Ocean,Very Small,Coastal (Natural),,,,,Unknown,Unknown,Unknown,Unknown,Unknown,53.7,-166.75
8180,Cape Charles, ,US CCJ,United States,United States E Coast,North Atlantic Ocean,Very Small,Coastal (Natural),,,4.9,3.4,Unknown,Unknown,Unknown,Unknown,Unknown,37.26667,-76.01667
16145,Carpinteria, ,US CPT,United States,United States W Coast,North Pacific Ocean,Very Small,Coastal (Natural),,,,,Unknown,Unknown,Unknown,Unknown,Unknown,34.38333,-119.51667
8720,Carrabelle, ,US CRB,United States,US Gulf Coast,Gulf of Mexico; North Atlantic Ocean,Very Small,River (Natural),,,4.9,1.8,Unknown,Unknown,Small,Limited,Unknown,29.85,-84.66667
7910,Carteret, ,US CSF,United States,United States E Coast,North Atlantic Ocean,Small,River (Natural),,,9.4,9.4,Unknown,Unknown,Unknown,Limited,Unknown,40.58333,-74.21667
6860,Castine, ,USCAS,United States,United States E Coast,North Atlantic Ocean,Very Small,Coastal (Natural),,,12.5,7.9,Unknown,Unknown,Small,Limited,Unknown,44.38333,-68.73333
7690,Catskill, ,US ACG,United States,United States E Coast,North Atlantic Ocean,Very Small,River (Natural),,,1.8,4.9,Unknown,Unknown,Unknown,Major,Small,42.21667,-73.85
8500,Charleston, ,US CHS,United States,United States E Coast,North Atlantic Ocean,Small,River (Natural),,,12.5,11.0,Unknown,Unknown,Unknown,Major,Small,32.78333,-79.91667
4610,Charlevoix, ,US CSX,United States,US Lake Michigan,Lake Michigan; Great Lakes,Very Small,Canal or Lake,,,4.9,4.9,Unknown,Unknown,Small,Limited,Unknown,45.31667,-85.26667
19480,Chatham, ,USCYM,United States,Alaska,Alaska-Canada coastal waters; North Pacific Ocean,Very Small,Coastal (Natural),,,,9.4,Unknown,Unknown,Unknown,Unknown,Unknown,57.51667,-134.93333
3130,Chaumont, , ,United States,US Lake Ontario,Lake Ontario; Great Lakes,Very Small,Coastal (Natural),,,7.9,1.8,Unknown,Unknown,Small,Limited,Unknown,44.06667,-76.13333
4510,Cheboygan, ,US SHG,United States,US Lake Huron,Lake Huron; Great Lakes,Small,River (Natural),,,6.4,6.4,Unknown,Unknown,Unknown,Limited,Unknown,45.65,-84.46667
18055,Cherry Point, ,US CP4,United States,United States W Coast,Alaska-Canada coastal waters; North Pacific Ocean,Very Small,Coastal (Natural),,,23.2,,Unknown,Unknown,Unknown,Limited,Unknown,48.86667,-122.75
8080,Chester, ,US CHT,United States,United States E Coast,North Atlantic Ocean,Large,River (Natural),,,11.0,9.4,Unknown,Unknown,Unknown,Major,Medium,39.85,-75.35
4800,Chicago, ,US CHI,United States,US Lake Michigan,Lake Michigan; Great Lakes,Medium,Coastal (Tide Gates),,,7.9,6.4,Unknown,Unknown,Unknown,Major,Medium,41.88333,-87.6
20010,Chignik, ,US KCL,United States,Alaska,North Pacific Ocean,Very Small,Coastal (Natural),61.0,10.1,,6.4,Unknown,Unknown,Unknown,Unknown,Unknown,56.3,-158.4
7920,Chrome, ,US HYM,United States,United States E Coast,North Atlantic Ocean,Small,River (Natural),,,9.4,7.9,Unknown,Unknown,Unknown,Limited,Unknown,40.56667,-74.21667
7625,City Island, ,US IS3,United States,United States E Coast,North Atlantic Ocean,Very Small,Coastal (Natural),,,11.0,3.4,Unknown,Unknown,Medium,Moderate,Unknown,40.85,-73.78333
20290,Clarks Point, ,US CLP,United States,Alaska Continued,Bristol Bay; Bering Sea; North Pacific Ocean,Very Small,Open Roadstead,,,3.1,,Unknown,Unknown,Small,Limited,Unknown,58.85,-158.55
2800,Clayton, ,US CLY,United States,US St Lawrence R,Lake Ontario; Great Lakes,Very Small,River (Natural),,,6.4,6.4,Unknown,Unknown,Small,Limited,Unknown,44.23333,-76.05
3490,Cleveland, ,US CLE,United States,US Lake Erie,Lake Erie; Great Lakes,Large,Coastal (Breakwater),,,7.9,7.9,Unknown,Unknown,Small,Major,Medium,41.5,-81.71667
19785,Coal Point, , ,United States,Alaska,Cook Inlet; Gulf of Alaska; North Pacific Ocean,Very Small,Coastal (Natural),,,,6.4,Unknown,Unknown,Unknown,Unknown,Unknown,59.6014,-151.4111
20085,Cold Bay, ,US CDB,United States,Alaska,North Pacific Ocean,Very Small,Coastal (Natural),,,,9.4,Unknown,Unknown,Unknown,Unknown,Unknown,55.2,-162.7
8370,Columbia, ,US CUB,United States,United States E Coast,North Atlantic Ocean,Very Small,River (Natural),,,3.4,1.8,Unknown,Unknown,Unknown,Unknown,Unknown,35.91667,-76.25
3460,Conneaut, ,US CDY,United States,US Lake Erie,Lake Erie; Great Lakes,Small,River (Natural),,,6.4,6.4,Unknown,Unknown,Unknown,Moderate,Unknown,41.96667,-80.55
20150,Constantine Harbor, , ,United States,Aleutian Islands,Bering Sea; North Pacific Ocean,Very Small,Coastal (Natural),,,23.2,12.5,Unknown,Unknown,Unknown,Unknown,Unknown,51.4,179.3
8895,Convent, ,US CEN,United States,US Gulf Coast,Gulf of Mexico; North Atlantic Ocean,Small,River (Natural),,,,,Unknown,Unknown,Unknown,Unknown,Unknown,30.01667,-90.83333
16770,Coos Bay, ,US COB,United States,United States W Coast,North Pacific Ocean,Small,Coastal (Natural),,,7.9,7.9,Unknown,Unknown,Medium,Limited,Small,43.36667,-124.21667
5350,Copper Harbor, , ,United States,US Lake Superior,Lake Superior; Great Lakes,Very Small,Coastal (Natural),,,3.4,3.4,Unknown,Unknown,Unknown,Limited,Unknown,47.46667,-87.86667
19640,Cordova, ,US CDV,United States,Alaska,Gulf of Alaska; North Pacific Ocean,Small,Coastal (Natural),,,4.9,7.9,Unknown,Unknown,Small,Limited,Unknown,60.55,-145.76667
6670,Corea, , ,United States,United States E Coast,North Atlantic Ocean,Very Small,Coastal (Natural),,,1.8,1.8,Unknown,Unknown,Unknown,Unknown,Unknown,44.4,-67.96667
5430,Cornucopia, , ,United States,US Lake Superior,Lake Superior; Great Lakes,Very Small,River (Basins),,,1.8,1.8,Unknown,Unknown,Unknown,Unknown,Unknown,46.86667,-91.1
9300,Corpus Christi, ,US CRP,United States,US Gulf Coast,Gulf of Mexico; North Atlantic Ocean,Medium,Coastal (Natural),,,14.0,11.0,Unknown,Unknown,Unknown,Moderate,Medium,27.81667,-97.4
17840,Coupeville, ,US CBL,United States,United States W Coast,Alaska-Canada coastal waters; North Pacific Ocean,Very Small,Coastal (Natural),,,,3.4,Unknown,Unknown,Unknown,Unknown,Unknown,48.23333,-122.68333
16570,Courtland, ,US URD,United States,United States W Coast,North Pacific Ocean,Very Small,River (Natural),,,9.1,,Unknown,Unknown,Unknown,Unknown,Unknown,38.33333,-121.56667
19710,Crab Bay, , ,United States,Alaska,Gulf of Alaska; North Pacific Ocean,Very Small,Coastal (Natural),,,,7.9,Unknown,Unknown,Unknown,Unknown,Unknown,60.06667,-148.0
19260,Craig, ,US CGA,United States,Alaska,Alaska-Canada coastal waters; North Pacific Ocean,Very Small,Coastal (Natural),,,,4.9,Unknown,Unknown,Unknown,Limited,Unknown,55.46667,-133.15
17330,Creosote, , ,United States,United States W Coast,Alaska-Canada coastal waters; North Pacific Ocean,Very Small,Coastal (Natural),,,,9.4,Unknown,Unknown,Unknown,Unknown,Unknown,47.61667,-122.5
16700,Crescent City, ,US CEC,United States,United States W Coast,North Pacific Ocean,Very Small,Coastal (Breakwater),,,3.4,3.4,Unknown,Unknown,Unknown,Limited,Unknown,41.75,-124.2
6820,Criehaven, , ,United States,United States E Coast,North Atlantic Ocean,Very Small,Coastal (Breakwater),,,1.8,1.8,Unknown,Unknown,Unknown,Unknown,Unknown,43.83333,-68.88333
16440,Crockett, ,US CRM,United States,United States W Coast,North Pacific Ocean,Very Small,Coastal (Natural),,,9.4,,Unknown,Unknown,Unknown,Unknown,Unknown,38.05,-122.21667
7130,Cundy Harbor, , ,United States,United States E Coast,North Atlantic Ocean,Very Small,Coastal (Natural),,,3.4,1.8,Unknown,Unknown,Small,Limited,Unknown,43.78333,-69.9
16808,Cushman, , ,United States,United States W Coast,North Pacific Ocean,Very Small,River (Natural),,,1.8,1.8,Unknown,Unknown,Small,Limited,Unknown,43.98333,-124.06667
8540,Darien, ,US DIE,United States,United States E Coast,North Atlantic Ocean,Very Small,River (Natural),,,1.8,4.9,Unknown,Unknown,Small,Limited,Unknown,31.36667,-81.43333
16280,Davenport, ,US DAV,United States,United States W Coast,North Pacific Ocean,Very Small,Open Roadstead,,,,14.0,Unknown,Unknown,Unknown,Unknown,Unknown,37.01667,-122.2
7440,Davisville Depot, ,US DVV,United States,United States E Coast,North Atlantic Ocean,Very Small,Coastal (Natural),,,9.4,9.4,Unknown,Unknown,Unknown,Unknown,Unknown,41.61667,-71.4
8040,Deepwater Point, ,US DPW,United States,United States E Coast,North Atlantic Ocean,Very Small,River (Natural),,,6.4,7.9,Unknown,Unknown,Unknown,Unknown,Unknown,39.7,-75.51667
9235,Deer Park, ,US DEX,United States,US Gulf Coast,Gulf of Mexico; North Atlantic Ocean,Very Small,River (Natural),,,14.0,,Unknown,Unknown,Small,Unknown,Unknown,29.75,-95.33333
20430,Deering, ,US DRG,United States,Alaska Continued,Chukchi Sea; Arctic Ocean,Very Small,Open Roadstead,,,,,Unknown,Unknown,Unknown,Unknown,Unknown,66.08333,-162.73333
4950,Depere, , ,United States,US Lake Michigan,Lake Michigan; Great Lakes,Very Small,River (Natural),,,6.4,4.9,Unknown,Unknown,Unknown,Unknown,Unknown,44.45,-88.06667
16835,Depoe Bay, , ,United States,United States W Coast,North Pacific Ocean,Very Small,Coastal (Natural),,,1.8,,Unknown,Unknown,Unknown,Limited,Unknown,44.8,-124.06667
8940,Destrehan, ,US NEW,United States,US Gulf Coast,Gulf of Mexico; North Atlantic Ocean,Very Small,River (Natural),,,9.4,12.5,Unknown,Unknown,Unknown,Unknown,Unknown,29.95,-90.36667
3620,Detroit, ,US DET,United States,US Lake Erie,Lake Erie; Great Lakes,Large,River (Natural),,,6.4,7.9,Unknown,Unknown,Medium,Major,Large,42.33333,-83.03333
20300,Dillingham, ,US DLG,United States,Alaska Continued,Bristol Bay; Bering Sea; North Pacific Ocean,Very Small,Coastal (Natural),,,3.1,,Unknown,Unknown,Small,Unknown,Unknown,59.03333,-158.48333
19805,Drift River, ,US DRF,United States,Alaska,Cook Inlet; Gulf of Alaska; North Pacific Ocean,Very Small,Coastal (Natural),,,,,Unknown,Unknown,Unknown,Unknown,Unknown,60.55,-152.13333
19930,Dry Spruce Bay, , ,United States,Alaska,Gulf of Alaska; North Pacific Ocean,Very Small,Coastal (Natural),,,,7.9,Unknown,Unknown,Unknown,Unknown,Unknown,57.93333,-153.03333
5460,Duluth, ,US DLH,United States,US Lake Superior,Lake Superior; Great Lakes,Medium,Coastal (Breakwater),,,6.4,7.9,Unknown,Unknown,Unknown,Major,Medium,46.76667,-92.1
3440,Dunkirk, ,US DKK,United States,US Lake Erie,Lake Erie; Great Lakes,Very Small,Coastal (Breakwater),,,1.8,1.8,Unknown,Unknown,Small,Limited,Unknown,42.48333,-79.33333
19550,Dupont, ,USPUP,United States,Alaska,Alaska-Canada coastal waters; North Pacific Ocean,Very Small,Coastal (Natural),,,,7.9,Unknown,Unknown,Unknown,Unknown,Unknown,58.23333,-134.26667
20120,Dutch Harbor, ,US DUT,United States,Aleutian Islands,Bering Sea; North Pacific Ocean,Small,Coastal (Natural),,,12.5,,Unknown,Unknown,Unknown,Unknown,Unknown,53.9,-166.53333
5360,Eagle Harbor, , ,United States,US Lake Superior,Lake Superior; Great Lakes,Very Small,Coastal (Natural),,,4.9,1.8,Unknown,Unknown,Unknown,Limited,Unknown,47.46667,-88.16667
17380,East Bremerton,Manette, ,United States,United States W Coast,Alaska-Canada coastal waters; North Pacific Ocean,Very Small,Coastal (Natural),,,,,Unknown,Unknown,Unknown,Unknown,Unknown,47.56667,-122.61667
6600,Eastport, ,US EPM,United States,United States E Coast,Bay of Fundy; North Atlantic Ocean,Very Small,Coastal (Natural),,,12.5,6.4,Unknown,Unknown,Unknown,Limited,Unknown,44.9,-66.98333
8340,Edenton, ,US EDE,United States,United States E Coast,North Atlantic Ocean,Very Small,Coastal (Natural),,,3.4,1.8,Unknown,Unknown,Small,Unknown,Unknown,36.05,-76.61667
7340,Edgartown, ,US ETW,United States,United States E Coast,North Atlantic Ocean,Very Small,Coastal (Natural),,,3.4,4.9,Unknown,Unknown,Small,Limited,Unknown,41.38333,-70.5
7750,Edgewater, ,US EGW,United States,United States E Coast,North Atlantic Ocean,Very Small,River (Natural),,,9.4,6.4,Unknown,Unknown,Unknown,Moderate,Unknown,40.81667,-73.98333
17760,Edwards Point, , ,United States,United States W Coast,Alaska-Canada coastal waters; North Pacific Ocean,Very Small,Coastal (Natural),,,,,Unknown,Unknown,Unknown,Limited,Unknown,47.8,-122.4
20240,Egegik, ,US EGX,United States,Alaska Continued,Bristol Bay; Bering Sea; North Pacific Ocean,Very Small,Coastal (Natural),,,,1.8,Unknown,Unknown,Small,Unknown,Unknown,58.2,-157.36667
20280,Ekuk, ,US KKU,United States,Alaska Continued,Bristol Bay; Bering Sea; North Pacific Ocean,Very Small,Open Roadstead,,,3.1,1.8,Unknown,Unknown,Small,Limited,Unknown,58.81667,-158.56667
16110,El Segundo, ,US ELS,United States,United States W Coast,North Pacific Ocean,Very Small,Open Roadstead,,,4.9,,Unknown,Unknown,Unknown,Unknown,Unknown,33.91667,-118.43333
19450,Elfin Cove, ,USELV,United States,Alaska,Alaska-Canada coastal waters; North Pacific Ocean,Very Small,Coastal (Natural),,,1.8,,Unknown,Unknown,Unknown,Unknown,Unknown,58.2,-136.35
8325,Elizabeth City, ,US ECG,United States,United States E Coast,North Atlantic Ocean,Very Small,River (Natural),,,1.8,3.4,Unknown,Unknown,Small,Limited,Small,36.3,-76.21667
7820,Elizabethport, ,US ZIP,United States,United States E Coast,North Atlantic Ocean,Small,Coastal (Natural),,,11.0,9.4,Unknown,Unknown,Unknown,Moderate,Unknown,40.65,-74.18333
6780,Ellsworth, ,US ESR,United States,United States E Coast,North Atlantic Ocean,Very Small,River (Natural),,,1.8,1.8,Unknown,Unknown,Small,Limited,Unknown,44.55,-68.41667
16160,Ellwood, ,US EL3,United States,United States W Coast,North Pacific Ocean,Very Small,Open Roadstead,,,11.0,,Unknown,Unknown,Unknown,Unknown,Unknown,34.43333,-119.91667
16740,Empire, , ,United States,United States W Coast,North Pacific Ocean,Medium,Coastal (Natural),,,7.9,4.9,Unknown,Unknown,Medium,Limited,Unknown,43.4,-124.28333
3450,Erie, ,US ERI,United States,US Lake Erie,Lake Erie; Great Lakes,Small,Coastal (Natural),,,7.9,7.9,Unknown,Unknown,Unknown,Moderate,Large,42.15,-80.1
5050,Escanaba, ,US ESC,United States,US Lake Michigan,Lake Michigan; Great Lakes,Small,Coastal (Natural),308.9,,7.9,7.9,Unknown,Yes,Small,Moderate,Unknown,45.76667,-87.05
7520,Essex, ,US EEX,United States,United States E Coast,North Atlantic Ocean,Very Small,River (Natural),,,1.8,1.8,Unknown,Unknown,Small,Limited,Unknown,41.35,-72.38333
16670,Eureka, ,US EKA,United States,United States W Coast,North Pacific Ocean,Small,Coastal (Natural),,,7.9,7.9,Unknown,Unknown,Small,Limited,Unknown,40.8,-124.18333
17790,Everett,Port Gardner,US PAE,United States,United States W Coast,Alaska-Canada coastal waters; North Pacific Ocean,Small,Coastal (Natural),,,6.4,11.0,Unknown,Unknown,Small,Limited,Unknown,48.0,-122.21667
19610,Excursion Inlet, ,USEXI,United States,Alaska,Alaska-Canada coastal waters; North Pacific Ocean,Very Small,Coastal (Natural),,,,7.9,Unknown,Unknown,Unknown,Unknown,Unknown,58.41667,-135.45
3480,Fairport, ,US FPT,United States,US Lake Erie,Lake Erie; Great Lakes,Small,River (Natural),,,4.9,4.9,Unknown,Unknown,Unknown,Limited,Unknown,41.76667,-81.3
7400,Fall River, ,US FAV,United States,United States E Coast,North Atlantic Ocean,Very Small,Coastal (Natural),,,9.4,9.4,Unknown,Unknown,Small,Limited,Unknown,41.7,-71.16667
7320,Falmouth, ,US FMH,United States,United States E Coast,North Atlantic Ocean,Very Small,Coastal (Natural),,,1.8,1.8,Unknown,Unknown,Small,Limited,Unknown,41.55,-70.61667
8560,Fernandina Beach, ,US FEB,United States,United States E Coast,North Atlantic Ocean,Small,River (Natural),,,7.9,7.9,Unknown,Unknown,Small,Limited,Unknown,30.68333,-81.46667
16660,Fields Landing, ,US F5L,United States,United States W Coast,North Pacific Ocean,Very Small,Coastal (Natural),,,7.9,4.9,Unknown,Unknown,Medium,Emergency Only,Unknown,40.71667,-124.21667
19290,Fishermans Harbor, , ,United States,Alaska,Alaska-Canada coastal waters; North Pacific Ocean,Very Small,Coastal (Natural),,,3.4,4.9,Unknown,Unknown,Unknown,Unknown,Unknown,55.96667,-133.8
16803,Florence, ,US FNE,United States,United States W Coast,North Pacific Ocean,Very Small,River (Natural),,,3.4,3.4,Unknown,Unknown,Unknown,Limited,Unknown,43.96667,-124.11667
16650,Fort Bragg, ,US FOB,United States,United States W Coast,North Pacific Ocean,Very Small,Coastal (Natural),,,,,Unknown,Unknown,Unknown,Unknown,Unknown,39.45,-123.81667
8600,Fort Pierce, ,US FPR,United States,United States E Coast,North Atlantic Ocean,Very Small,Coastal (Natural),,,7.9,6.4,Unknown,Unknown,Small,Limited,Unknown,27.46667,-80.31667
17350,Fort Ward, , ,United States,United States W Coast,Alaska-Canada coastal waters; North Pacific Ocean,Very Small,Coastal (Natural),,,,4.9,Unknown,Unknown,Unknown,Unknown,Unknown,47.58333,-122.51667
4640,Frankfort, ,US FNF,United States,US Lake Michigan,Lake Michigan; Great Lakes,Small,Coastal (Natural),,,6.4,6.4,Unknown,Unknown,Small,Limited,Unknown,44.63333,-86.25
8270,Fredericksburg, ,US FDB,United States,United States E Coast,North Atlantic Ocean,Very Small,River (Natural),,,1.8,1.8,Unknown,Unknown,Unknown,Unknown,Unknown,38.3,-77.45
9250,Freeport, ,US FPO,United States,US Gulf Coast,Gulf of Mexico; North Atlantic Ocean,Very Small,River (Natural),,,11.0,7.9,Unknown,Unknown,Small,Limited,Unknown,28.95,-95.33333
6740,Frenchboro,Lunt Harbor,US F8O,United States,United States E Coast,North Atlantic Ocean,Very Small,Coastal (Natural),,,6.4,1.8,Unknown,Unknown,Unknown,Unknown,Unknown,44.11667,-68.36667
17920,Friday Harbor, ,US FRD,United States,United States W Coast,Alaska-Canada coastal waters; North Pacific Ocean,Very Small,Coastal (Natural),,,,4.9,Unknown,Unknown,Small,Limited,Unknown,48.53333,-123.01667
7000,Friendship, ,US FSP,United States,United States E Coast,North Atlantic Ocean,Very Small,Coastal (Natural),,,6.4,3.4,Unknown,Unknown,Small,Limited,Unknown,43.96667,-69.33333
19530,Funter, ,USFNR,United States,Alaska,Alaska-Canada coastal waters; North Pacific Ocean,Very Small,Coastal (Natural),,,23.2,21.6,Unknown,Unknown,Unknown,Unknown,Unknown,58.25,-134.9
9150,Galveston, ,US GLS,United States,US Gulf Coast,Gulf of Mexico; North Atlantic Ocean,Large,Coastal (Natural),,,11.0,7.9,Unknown,Unknown,Small,Major,Small,29.31667,-94.78333
7100,Gardiner, ,US GDN,United States,United States E Coast,North Atlantic Ocean,Very Small,River (Natural),,,3.4,3.4,Unknown,Unknown,Unknown,Unknown,Unknown,44.23333,-69.76667
16795,Gardiner, ,US GDR,United States,United States W Coast,North Pacific Ocean,Very Small,River (Natural),,,4.9,,Unknown,Unknown,Unknown,Unknown,Unknown,43.71667,-124.1
4760,Gary, ,US GYY,United States,US Lake Michigan,Lake Michigan; Great Lakes,Medium,Coastal (Breakwater),,,7.9,7.9,Unknown,Unknown,Small,Limited,Unknown,41.61667,-87.33333
16170,Gaviota,Alcatraz Landing, ,United States,United States W Coast,North Pacific Ocean,Very Small,Open Roadstead,,,11.0,6.4,Unknown,Unknown,Unknown,Unknown,Unknown,34.46667,-120.2
19120,George Inlet, , ,United States,Alaska,Alaska-Canada coastal waters; North Pacific Ocean,Very Small,Coastal (Natural),,,,7.9,Unknown,Unknown,Unknown,Unknown,Unknown,55.38333,-131.46667
8490,Georgetown, ,US GGE,United States,United States E Coast,North Atlantic Ocean,Very Small,River (Natural),,,7.9,6.4,Unknown,Unknown,Medium,Limited,Unknown,33.36667,-79.28333
5060,Gladstone, ,US GDE,United States,US Lake Michigan,Lake Michigan; Great Lakes,Very Small,Coastal (Natural),,,6.4,6.4,Yes,Unknown,Small,Limited,Unknown,45.85,-87.01667
17170,Glen Cove, , ,United States,United States W Coast,Alaska-Canada coastal waters; North Pacific Ocean,Very Small,Coastal (Natural),,,,7.9,Unknown,Unknown,Unknown,Unknown,Unknown,48.08333,-122.78333
16805,Glenada, , ,United States,United States W Coast,North Pacific Ocean,Very Small,River (Natural),,,3.4,3.4,Unknown,Unknown,Unknown,Limited,Unknown,43.96667,-124.11667
7210,Gloucester, ,US GLC,United States,United States E Coast,North Atlantic Ocean,Small,Coastal (Natural),,,4.9,6.4,Unknown,Unknown,Medium,Limited,Unknown,39.9,-75.13333
8120,Gloucester, ,US GLC,United States,United States E Coast,North Atlantic Ocean,Small,River (Natural),,,11.0,12.5,Unknown,Unknown,Medium,Limited,Unknown,42.6,-70.66667
4700,Grand Haven, ,US GHN,United States,US Lake Michigan,Lake Michigan; Great Lakes,Small,River (Natural),,,4.9,4.9,Unknown,Unknown,Small,Limited,Unknown,43.06667,-86.23333
8990,Grand Isle, ,US GIJ,United States,US Gulf Coast,Gulf of Mexico; North Atlantic Ocean,Very Small,Coastal (Natural),,,1.8,,Unknown,Unknown,Unknown,Limited,Unknown,29.23333,-90.0
5480,Grand Marais, ,US GRM,United States,US Lake Superior,Lake Superior; Great Lakes,Very Small,Coastal (Natural),,,3.4,1.8,Unknown,Unknown,Unknown,Limited,Unknown,47.75,-90.33333
5260,Grand Marais, , ,United States,US Lake Superior,Lake Superior; Great Lakes,Very Small,Coastal (Breakwater),,,3.4,3.4,Unknown,Unknown,Small,Limited,Unknown,46.68333,-85.96667
20410,Grantley Harbor, , ,United States,Alaska Continued,Bering Sea; North Pacific Ocean,Very Small,Open Roadstead,,,1.8,,Unknown,Unknown,Unknown,Unknown,Unknown,65.26667,-166.33333
7900,Grasselli, , ,United States,United States E Coast,North Atlantic Ocean,Small,River (Natural),,,9.4,9.4,Unknown,Unknown,Unknown,Unknown,Unknown,40.61667,-74.2
4820,Great Lakes, ,US GRL,United States,US Lake Michigan,Lake Michigan; Great Lakes,Very Small,Coastal (Breakwater),,,3.4,3.4,Unknown,Unknown,Unknown,Limited,Unknown,42.3,-87.83333
4940,Green Bay, ,US GRB,United States,US Lake Michigan,Lake Michigan; Great Lakes,Small,River (Natural),,,6.4,6.4,Yes,No,Unknown,Moderate,Unknown,44.51667,-88.01667
7460,Greenport, ,US GP4,United States,United States E Coast,North Atlantic Ocean,Very Small,Coastal (Breakwater),,,1.8,4.9,Unknown,Unknown,Medium,Limited,Unknown,41.1,-72.36667
7610,Greenwich, ,US GRH,United States,United States E Coast,North Atlantic Ocean,Very Small,Coastal (Natural),,,1.8,3.4,Unknown,Unknown,Unknown,Moderate,Unknown,41.01667,-73.61667
8850,Gretna, ,US GTL,United States,US Gulf Coast,Gulf of Mexico; North Atlantic Ocean,Very Small,River (Natural),,,9.4,12.5,Unknown,Unknown,Unknown,Unknown,Unknown,29.91667,-90.06667
8800,Gulfport, ,US GPT,United States,US Gulf Coast,Gulf of Mexico; North Atlantic Ocean,Small,Coastal (Natural),,,9.4,9.4,Unknown,Unknown,Small,Limited,Unknown,30.35,-89.08333
7870,Gulfport SI, , ,United States,United States E Coast,North Atlantic Ocean,Small,River (Natural),,,11.0,9.4,Unknown,Unknown,Unknown,Limited,Unknown,40.63333,-74.2
19588,Haines, ,USHNS,United States,Alaska,Alaska-Canada coastal waters; North Pacific Ocean,Very Small,Coastal (Natural),,,,4.9,Unknown,Unknown,Unknown,,Unknown,59.23333,-135.43333
20350,Hamilton, , ,United States,Alaska Continued,Bering Sea; North Pacific Ocean,Very Small,River (Natural),,,,,Unknown,Unknown,Unknown,Unknown,Unknown,62.9,-163.91667
56190,Hana, ,US HNM,United States,Hawaiian Islands,North Pacific Ocean,Very Small,Coastal (Natural),,,9.4,7.9,Unknown,Unknown,Unknown,Unknown,Unknown,20.75,-155.98333
4370,Harbor Beach, ,US HB4,United States,US Lake Huron,Lake Huron; Great Lakes,Very Small,Coastal (Breakwater),,,6.4,3.4,Unknown,Unknown,Unknown,Unknown,Unknown,43.85,-82.65
4590,Harbor Springs, ,US HS3,United States,US Lake Michigan,Lake Michigan; Great Lakes,Very Small,Coastal (Natural),,,4.9,4.9,Unknown,Unknown,Small,Moderate,Unknown,45.43333,-84.98333
8200,Havre De Grace, ,US HDC,United States,United States E Coast,North Atlantic Ocean,Very Small,River (Natural),,,3.4,3.4,Unknown,Unknown,Small,Limited,Unknown,39.53333,-76.08333
19520,Hawk Inlet, ,USHWI,United States,Alaska,Alaska-Canada coastal waters; North Pacific Ocean,Very Small,Coastal (Natural),,,,7.9,Unknown,Unknown,Unknown,Unknown,Unknown,58.11667,-134.75
9030,Haymark Terminal, , ,United States,US Gulf Coast,Gulf of Mexico; North Atlantic Ocean,Very Small,River (Natural),,,9.4,7.9,Unknown,Unknown,Unknown,Unknown,Unknown,30.13333,-93.31667
8330,Hertford, ,US HD4,United States,United States E Coast,North Atlantic Ocean,Very Small,River (Natural),,,1.8,1.8,Unknown,Unknown,Unknown,Unknown,Unknown,36.18333,-76.46667
19100,Hidden Inlet, , ,United States,Alaska,Alaska-Canada coastal waters; North Pacific Ocean,Very Small,Canal or Lake,,,,6.4,Unknown,Unknown,Unknown,Unknown,Unknown,54.95,-130.33333
56090,Hilo, ,US ITO,United States,Hawaiian Islands,North Pacific Ocean,Medium,Coastal (Breakwater),,,9.4,9.4,Unknown,Unknown,Small,Moderate,Unknown,19.73333,-155.06667
7770,Hoboken, ,US HBK,United States,United States E Coast,North Atlantic Ocean,Medium,River (Natural),,,12.5,9.4,Unknown,Unknown,Unknown,Moderate,Medium,40.75,-74.01667
19980,Hogg Island, , ,United States,Alaska,Gulf of Alaska; North Pacific Ocean,Very Small,Coastal (Natural),,,,,Unknown,Unknown,Unknown,Unknown,Unknown,58.46667,-152.68333
4710,Holland, ,US HLM,United States,US Lake Michigan,Lake Michigan; Great Lakes,Small,River (Natural),,,6.4,6.4,Unknown,Unknown,Small,Limited,Unknown,42.78333,-86.13333
19781,Homer, ,US HOM,United States,Alaska,Cook Inlet; Gulf of Alaska; North Pacific Ocean,Very Small,Coastal (Natural),,,,6.4,Unknown,Unknown,Unknown,,Unknown,59.6,-151.41667
56070,Honokaa, , ,United States,Hawaiian Islands,North Pacific Ocean,Very Small,Open Roadstead,,,12.5,1.8,Unknown,Unknown,Small,Unknown,Unknown,20.1,-155.46667
56280,Honolulu, ,US HNL,United States,Hawaiian Islands,North Pacific Ocean,Medium,Coastal (Breakwater),,,11.0,6.4,Unknown,Unknown,Large,Major,Unknown,21.3,-157.86667
56100,Honuapo, , ,United States,Hawaiian Islands,North Pacific Ocean,Very Small,Open Roadstead,,,12.5,6.4,Unknown,Unknown,Unknown,Unknown,Unknown,19.08333,-155.55
19510,Hood Bay, , ,United States,Alaska,Alaska-Canada coastal waters; North Pacific Ocean,Very Small,Coastal (Natural),,,,6.4,Unknown,Unknown,Unknown,Unknown,Unknown,57.4,-134.5
17190,Hoodsport, ,US 9WA,United States,United States W Coast,Alaska-Canada coastal waters; North Pacific Ocean,Very Small,Coastal (Natural),,,,6.4,Unknown,Unknown,Unknown,Unknown,Unknown,47.41667,-123.13333
19460,Hoonah, ,USHNH,United States,Alaska,Alaska-Canada coastal waters; North Pacific Ocean,Very Small,Coastal (Natural),,,,3.4,Unknown,Unknown,Unknown,Limited,Unknown,58.11667,-135.45
17080,Hoquiam, ,US HQM,United States,United States W Coast,North Pacific Ocean,Small,River (Natural),,,7.9,9.4,Unknown,Unknown,Medium,Limited,Unknown,46.96667,-123.9
5370,Houghton,Hancock,US HTL,United States,US Lake Superior,Lake Superior; Great Lakes,Small,Canal or Lake,,,6.4,6.4,Unknown,Unknown,Unknown,Limited,Unknown,47.11667,-88.56667
9240,Houston, ,US HOU,United States,US Gulf Coast,Gulf of Mexico; North Atlantic Ocean,Large,River (Tide Gates),,,14.0,7.9,Unknown,Unknown,Medium,Major,Medium,29.75,-95.28333
3520,Huron, ,US HUB,United States,US Lake Erie,Lake Erie; Great Lakes,Small,River (Natural),,,7.9,7.9,Unknown,Unknown,Small,,Large,41.4,-82.55
7310,Hyannis, ,US HYA,United States,United States E Coast,North Atlantic Ocean,Very Small,Coastal (Natural),,,3.4,3.4,Unknown,Unknown,Small,Limited,Unknown,41.65,-70.28333
7315,Hyannis Port, , ,United States,United States E Coast,North Atlantic Ocean,Very Small,Coastal (Breakwater),,,1.8,1.8,Unknown,Unknown,Unknown,Unknown,Unknown,41.63333,-70.3
19240,Hydaburg, ,USHYG,United States,Alaska,Alaska-Canada coastal waters; North Pacific Ocean,Very Small,Coastal (Natural),,,,6.4,Unknown,Unknown,Unknown,Limited,Unknown,55.2,-132.83333
19090,Hyder, ,US WHD,United States,Alaska,Alaska-Canada coastal waters; North Pacific Ocean,Very Small,Coastal (Natural),,,,,Unknown,Unknown,Unknown,Unknown,Unknown,55.91667,-130.0
16838,Ilwaco, ,US IQL,United States,United States W Coast,North Pacific Ocean,Very Small,River (Natural),,,1.8,1.8,Unknown,Unknown,Small,Limited,Unknown,46.3,-124.05
4780,Indiana Harbor,East Chicago,US ECH,United States,US Lake Michigan,Lake Michigan; Great Lakes,Medium,Coastal (Breakwater),,,7.9,6.4,Unknown,Unknown,Small,Major,Unknown,41.66667,-87.43333
16550,Isleton, ,US IL8,United States,United States W Coast,North Pacific Ocean,Very Small,River (Natural),,,3.4,,Unknown,Unknown,Unknown,Unknown,Unknown,38.16667,-121.6
16040,Isthmus Cove, , ,United States,United States W Coast,North Pacific Ocean,Very Small,Coastal (Natural),,,,3.4,Unknown,Unknown,Unknown,Limited,Unknown,33.45,-118.5
20020,Ivanof Bay, ,US KIB,United States,Alaska,North Pacific Ocean,Very Small,Coastal (Natural),,,,6.4,Unknown,Unknown,Unknown,Unknown,Unknown,55.8,-159.46667
8580,Jacksonville, ,US JAX,United States,United States E Coast,North Atlantic Ocean,Medium,River (Natural),,,11.0,11.0,Unknown,Unknown,Medium,Major,Small,30.31667,-81.65
7780,Jersey City, ,US JEC,United States,United States E Coast,North Atlantic Ocean,Medium,River (Natural),,,12.5,9.4,Unknown,Unknown,Unknown,Unknown,Unknown,40.71667,-74.03333
6640,Jonesport, ,US JON,United States,United States E Coast,North Atlantic Ocean,Very Small,Coastal (Natural),,,1.8,1.8,Unknown,Unknown,Small,Limited,Unknown,44.53333,-67.61667
19580,Juneau, ,USJNU,United States,Alaska,Alaska-Canada coastal waters; North Pacific Ocean,Small,Coastal (Natural),,,7.9,12.5,Unknown,Unknown,Small,Limited,Unknown,58.3,-134.41667
56180,Kahului, ,US OGG,United States,Hawaiian Islands,North Pacific Ocean,Very Small,Coastal (Breakwater),,,11.0,9.4,Unknown,Unknown,Small,Limited,Unknown,20.9,-156.46667
56140,Kailua, ,US KA7,United States,Hawaiian Islands,North Pacific Ocean,Very Small,Coastal (Natural),,,7.9,4.9,Unknown,Unknown,Unknown,Limited,Unknown,19.63333,-156.0
19310,Kake, ,USKAE,United States,Alaska,Alaska-Canada coastal waters; North Pacific Ocean,Very Small,Open Roadstead,,,,6.4,Unknown,Unknown,Unknown,Unknown,Unknown,56.96667,-133.93333
16920,Kalama, ,US KAM,United States,United States W Coast,North Pacific Ocean,Very Small,River (Natural),,,11.0,,Unknown,Unknown,Unknown,Unknown,Unknown,46.01667,-122.85
56250,Kamalo, , ,United States,Hawaiian Islands,North Pacific Ocean,Very Small,Coastal (Natural),,,3.4,4.9,Unknown,Unknown,Unknown,Unknown,Unknown,21.05,-156.88333
20000,Kanatak, , ,United States,Alaska,North Pacific Ocean,Very Small,Open Roadstead,,,,,Unknown,Unknown,Unknown,Unknown,Unknown,57.56667,-156.03333
19890,Karluk, ,US KYK,United States,Alaska,Gulf of Alaska; North Pacific Ocean,Very Small,Open Roadstead,,,,,Unknown,Unknown,Unknown,Unknown,Unknown,57.56667,-154.45
19220,Kasaan, ,USKXA,United States,Alaska,Alaska-Canada coastal waters; North Pacific Ocean,Very Small,Coastal (Natural),,,,9.4,Unknown,Unknown,Unknown,Unknown,Unknown,55.53333,-132.4
19630,Katalla, , ,United States,Alaska,Gulf of Alaska; North Pacific Ocean,Very Small,Open Roadstead,,,,,Unknown,Unknown,Unknown,Unknown,Unknown,60.2,-144.53333
56120,Kauhako Bay, , ,United States,Hawaiian Islands,North Pacific Ocean,Very Small,Coastal (Natural),,,23.2,1.8,Unknown,Unknown,Unknown,Unknown,Unknown,19.38333,-155.9
4960,Kaukauna, ,US KAU,United States,US Lake Michigan,Lake Michigan; Great Lakes,Very Small,River (Tide Gates),,,1.8,1.8,Unknown,Unknown,Unknown,Limited,Small,44.28333,-88.26667
56230,Kaumalapau Harbor, , ,United States,Hawaiian Islands,North Pacific Ocean,Very Small,Coastal (Breakwater),,,11.0,7.9,Unknown,Unknown,Unknown,Limited,Unknown,20.78333,-157.0
56260,Kaunakakai, ,US KUA,United States,Hawaiian Islands,North Pacific Ocean,Very Small,Open Roadstead,,,6.4,6.4,Unknown,Unknown,Unknown,Emergency Only,Unknown,21.08333,-157.03333
56160,Kawaihae, ,US KWH,United States,Hawaiian Islands,North Pacific Ocean,Small,Coastal (Breakwater),,,11.0,4.9,Unknown,Unknown,Small,Limited,Medium,20.03333,-155.83333
19790,Kenai, ,US ENA,United States,Alaska,Cook Inlet; Gulf of Alaska; North Pacific Ocean,Very Small,Coastal (Natural),,,,,Unknown,Unknown,Unknown,Limited,Unknown,60.55,-151.26667
7170,Kennebunkport, ,US KBP,United States,United States E Coast,North Atlantic Ocean,Very Small,River (Natural),,,1.8,1.8,Unknown,Unknown,Small,Limited,Unknown,43.36667,-70.46667
4840,Kenosha, ,US ENW,United States,US Lake Michigan,Lake Michigan; Great Lakes,Very Small,Coastal (Breakwater),,,1.8,4.9,Unknown,Unknown,Unknown,Limited,Unknown,42.58333,-87.81667
19130,Ketchikan, ,USKTN,United States,Alaska,Alaska-Canada coastal waters; North Pacific Ocean,Small,Coastal (Natural),,,,7.9,Unknown,Unknown,Unknown,Limited,Unknown,55.33333,-131.65
4910,Kewaunee, ,US KWU,United States,US Lake Michigan,Lake Michigan; Great Lakes,Very Small,Coastal (Breakwater),,,1.8,1.8,Unknown,Unknown,Small,Limited,Unknown,44.46667,-87.5
8660,Key West, ,US EYW,United States,US Gulf Coast,Gulf of Mexico; North Atlantic Ocean,Small,Coastal (Natural),,,9.4,9.4,Unknown,Unknown,Medium,Limited,Unknown,24.55,-81.81667
17260,Keyport, ,US KYP,United States,United States W Coast,Alaska-Canada coastal waters; North Pacific Ocean,Very Small,Coastal (Natural),,,,7.9,Unknown,Unknown,Small,Unknown,Unknown,47.7,-122.61667
56150,Kiholo, , ,United States,Hawaiian Islands,North Pacific Ocean,Very Small,Coastal (Natural),,,11.0,1.8,Unknown,Unknown,Unknown,Unknown,Unknown,19.86667,-155.95
19430,Kimshan Cove, , ,United States,Alaska,North Pacific Ocean,Very Small,Coastal (Natural),,,11.0,1.8,Unknown,Unknown,Unknown,Unknown,Unknown,57.68333,-136.11667
20080,King Cove, ,US KVC,United States,Alaska,North Pacific Ocean,Very Small,Coastal (Natural),,,,6.4,Unknown,Unknown,Small,Limited,Unknown,55.05,-162.31667
7680,Kingston, ,US KGT,United States,United States E Coast,North Atlantic Ocean,Small,River (Natural),,,3.4,4.9,Unknown,Unknown,Medium,Moderate,Unknown,41.93333,-73.96667
20160,Kiska, ,US KIS,United States,Aleutian Islands,Bering Sea; North Pacific Ocean,Very Small,Coastal (Natural),,,21.6,11.0,Unknown,Unknown,Unknown,Unknown,Unknown,51.96667,177.55
19270,Klawock, ,US KLW,United States,Alaska,Alaska-Canada coastal waters; North Pacific Ocean,Very Small,Coastal (Natural),,,6.4,4.9,Unknown,Unknown,Unknown,Unknown,Unknown,55.55,-133.1
19160,Knudson Cove, , ,United States,Alaska,Alaska-Canada coastal waters; North Pacific Ocean,Very Small,Open Roadstead,,,,,Unknown,Unknown,Unknown,Unknown,Unknown,55.46667,-131.8
19820,Kodiak, ,US ADQ,United States,Alaska,Gulf of Alaska; North Pacific Ocean,Small,Coastal (Natural),,,6.4,7.9,Unknown,Unknown,Unknown,Limited,Unknown,57.78333,-152.4
20270,Koggiung, , ,United States,Alaska Continued,Bristol Bay; Bering Sea; North Pacific Ocean,Very Small,Coastal (Natural),,,,,Unknown,Unknown,Small,Limited,Unknown,58.96667,-156.91667
20340,Kotlik, ,US KOT,United States,Alaska Continued,Bering Sea; North Pacific Ocean,Very Small,River (Natural),,,,,Unknown,Unknown,Unknown,Unknown,Unknown,63.03333,-163.55
20450,Kotzebue, ,US OTZ,United States,Alaska Continued,Chukchi Sea; Arctic Ocean,Very Small,Coastal (Natural),,,1.8,,Unknown,Unknown,Unknown,Unknown,Unknown,66.91667,-162.58333
20330,Kwiguk, , ,United States,Alaska Continued,Bering Sea; North Pacific Ocean,Very Small,River (Natural),,,,,Unknown,Unknown,Unknown,Unknown,Unknown,62.73333,-164.46667
5310,L Anse, ,US LAJ,United States,US Lake Superior,Lake Superior; Great Lakes,Very Small,Coastal (Natural),,,4.9,6.4,Unknown,Unknown,Unknown,Unknown,Unknown,46.76667,-88.46667
5420,La Pointe,Madeline Island,US JPP,United States,US Lake Superior,Lake Superior; Great Lakes,Very Small,Coastal (Natural),,,1.8,1.8,Unknown,Unknown,Unknown,Unknown,Unknown,46.78333,-90.78333
17090,La Push,Lapush, ,United States,United States W Coast,North Pacific Ocean,Very Small,River (Natural),,,1.8,1.8,Unknown,Unknown,Unknown,Unknown,Unknown,47.9,-124.63333
56200,Lahaina, ,US LHN,United States,Hawaiian Islands,North Pacific Ocean,Very Small,Coastal (Breakwater),,,1.8,1.8,Unknown,Unknown,Unknown,Unknown,Unknown,20.86667,-156.66667
9040,Lake Charles, ,US LCH,United States,US Gulf Coast,Gulf of Mexico; North Atlantic Ocean,Small,River (Natural),,,11.0,7.9,Unknown,Unknown,Small,Limited,Unknown,30.21667,-93.25
19910,Larsen Bay, ,US KLN,United States,Alaska,Gulf of Alaska; North Pacific Ocean,Very Small,Coastal (Natural),,,7.9,1.8,Unknown,Unknown,Small,Limited,Unknown,57.53333,-153.98333
19750,Latouche, , ,United States,Alaska,Gulf of Alaska; North Pacific Ocean,Very Small,Coastal (Natural),,,,,Unknown,Unknown,Unknown,Unknown,Unknown,60.0505,-147.9042
19880,Lazy Bay, , ,United States,Alaska,North Pacific Ocean,Very Small,Coastal (Natural),,,23.2,7.9,Unknown,Unknown,Unknown,Limited,Unknown,56.9,-154.25
4630,Leland, , ,United States,US Lake Michigan,Lake Michigan; Great Lakes,Very Small,Coastal (Breakwater),,,3.4,1.8,Unknown,Unknown,Unknown,Unknown,Unknown,45.01667,-85.76667
7990,Leonardo, ,US DOJ,United States,United States E Coast,North Atlantic Ocean,Small,Coastal (Natural),,,9.4,11.0,Unknown,Unknown,Small,Unknown,Unknown,40.43333,-74.06667
19600,Letnikof Cove, , ,United States,Alaska,Alaska-Canada coastal waters; North Pacific Ocean,Very Small,Coastal (Natural),,,,6.4,Unknown,Unknown,Unknown,Unknown,Unknown,59.18333,-135.4
19375,Little Port Walter, ,USLPW,United States,Alaska,Alaska-Canada coastal waters; North Pacific Ocean,Very Small,Coastal (Natural),,,4.9,6.4,Unknown,Unknown,Unknown,Unknown,Unknown,56.38333,-134.63333
16070,Long Beach, ,US LGB,United States,United States W Coast,North Pacific Ocean,Medium,Coastal (Breakwater),400.0,22.1,23.2,16.8,Yes,Yes,Medium,Major,Large,33.76667,-118.18333
16900,Longview, ,US LOG,United States,United States W Coast,North Pacific Ocean,Small,River (Natural),,,11.0,9.4,Unknown,Unknown,Unknown,Limited,Unknown,46.13333,-122.93333
8980,Loop Terminal, ,US LO9,United States,US Gulf Coast,Gulf of Mexico; North Atlantic Ocean,Large,Open Roadstead,,,23.2,,Unknown,Unknown,Unknown,Limited,Unknown,28.88333,-90.01667
3500,Lorain, ,US LOR,United States,US Lake Erie,Lake Erie; Great Lakes,Small,River (Natural),,,6.4,7.9,Unknown,Unknown,Unknown,Major,Medium,41.46667,-82.18333
19170,Loring, ,USWLR,United States,Alaska,Alaska-Canada coastal waters; North Pacific Ocean,Very Small,Coastal (Natural),,,,,Unknown,Unknown,Unknown,Unknown,Unknown,55.6,-131.63333
16080,Los Angeles,San Pedro; Terminal Island; Wilmington,US LAX,United States,United States W Coast,North Pacific Ocean,Large,Coastal (Breakwater),400.0,15.0,16.1,16.8,Yes,Yes,Medium,Major,Small,33.75,-118.25
6610,Lubec, ,US LB2,United States,United States E Coast,Bay of Fundy; North Atlantic Ocean,Very Small,Coastal (Natural),,,11.0,11.0,Unknown,Unknown,Small,Limited,Unknown,44.86667,-66.98333
4670,Ludington, ,US LDM,United States,US Lake Michigan,Lake Michigan; Great Lakes,Small,River (Natural),,,7.9,7.9,Unknown,Unknown,Small,Moderate,Unknown,43.95,-86.45
7240,Lynn, ,US LZN,United States,United States E Coast,North Atlantic Ocean,Very Small,Coastal (Natural),,,4.9,4.9,Unknown,Unknown,Small,Limited,Unknown,42.45,-70.95
6630,Machias, ,US ACI,United States,United States E Coast,North Atlantic Ocean,Very Small,River (Natural),,,1.8,,Unknown,Unknown,Small,Limited,Unknown,44.71667,-67.46667
6620,Machiasport, ,US 9MP,United States,United States E Coast,North Atlantic Ocean,Very Small,Coastal (Natural),,,6.4,1.8,Unknown,Unknown,Small,Limited,Unknown,44.7,-67.4
4530,Mackinac Island, ,US MCD,United States,US Lake Huron,Lake Huron; Great Lakes,Very Small,Coastal (Breakwater),,,7.9,3.4,Unknown,Unknown,Unknown,Unknown,Unknown,45.85,-84.61667
4520,Mackinaw City, ,US KWY,United States,US Lake Huron,Lake Huron; Great Lakes,Very Small,Canal or Lake,,,4.9,6.4,Unknown,Unknown,Unknown,Limited,Unknown,45.78333,-84.71667
8820,Madisonville, ,US INV,United States,US Gulf Coast,Gulf of Mexico; North Atlantic Ocean,Very Small,River (Natural),,,1.8,1.8,Unknown,Unknown,Small,Moderate,Small,30.4,-90.15
56170,Mahukona, , ,United States,Hawaiian Islands,North Pacific Ocean,Very Small,Coastal (Natural),,,11.0,1.8,Unknown,Unknown,Unknown,Unknown,Unknown,20.18333,-155.9
20110,Makushin, , ,United States,Aleutian Islands,Bering Sea; North Pacific Ocean,Very Small,Open Roadstead,,,,,Unknown,Unknown,Unknown,Unknown,Unknown,53.76667,-166.98333
4650,Manistee, ,US MBL,United States,US Lake Michigan,Lake Michigan; Great Lakes,Small,River (Natural),,,6.4,6.4,Unknown,Unknown,Small,Moderate,Unknown,44.25,-86.31667
5100,Manistique, ,US ISQ,United States,US Lake Michigan,Lake Michigan; Great Lakes,Very Small,Coastal (Breakwater),,,1.8,1.8,Unknown,Unknown,Unknown,Unknown,Unknown,45.95,-86.25
4890,Manitowoc, ,US MTW,United States,US Lake Michigan,Lake Michigan; Great Lakes,Medium,River (Natural),,,4.9,4.9,Unknown,Unknown,Unknown,Major,Large,44.09222,-87.64833
7230,Marblehead, ,US MH2,United States,United States E Coast,North Atlantic Ocean,Very Small,Coastal (Natural),,,6.4,6.4,Unknown,Unknown,Small,Limited,Unknown,42.5,-70.85
8070,Marcus Hook, ,US MAH,United States,United States E Coast,North Atlantic Ocean,Small,River (Natural),,,11.0,9.4,Unknown,Unknown,Unknown,Limited,Unknown,39.81667,-75.41667
16410,Mare Island, ,US MI8,United States,United States W Coast,North Pacific Ocean,Small,Coastal (Natural),,,7.9,7.9,Unknown,Unknown,Large,Major,Large,38.1,-122.26667
4330,Marine City, , ,United States,US Lake Huron,Lake Saint Clair; Great Lakes,Very Small,River (Natural),,,9.4,9.4,Unknown,Unknown,Unknown,Unknown,Unknown,42.71667,-82.5
7860,Mariners Harbor SI, , ,United States,United States E Coast,North Atlantic Ocean,Small,Coastal (Natural),,,11.0,9.4,Unknown,Unknown,Unknown,Major,Large,40.63333,-74.16667
5020,Marinette, ,US MOY,United States,US Lake Michigan,Lake Michigan; Great Lakes,Small,River (Natural),,,4.9,4.9,Unknown,Unknown,Medium,Major,Unknown,45.08333,-87.6
5280,Marquette, ,US MQT,United States,US Lake Superior,Lake Superior; Great Lakes,Small,Coastal (Breakwater),,,6.4,6.4,Unknown,Unknown,Unknown,Limited,Unknown,46.53333,-87.38333
16480,Martinez, ,US MRZ,United States,United States W Coast,North Pacific Ocean,Very Small,Coastal (Natural),,,9.4,,Unknown,Unknown,Unknown,Unknown,Unknown,38.03333,-122.13333
20180,Massacre Bay, , ,United States,Aleutian Islands,North Pacific Ocean,Very Small,Coastal (Natural),,,,9.4,Unknown,Unknown,Unknown,Unknown,Unknown,52.83333,173.23333
6830,Matinicus, , ,United States,United States E Coast,North Atlantic Ocean,Very Small,Coastal (Breakwater),,,6.4,1.8,Unknown,Unknown,Unknown,Unknown,Unknown,43.86667,-68.88333
7950,Maurer, , ,United States,United States E Coast,North Atlantic Ocean,Very Small,River (Natural),,,11.0,11.0,Unknown,Unknown,Unknown,Moderate,Unknown,40.53333,-74.25
8570,Mayport, ,US NRB,United States,United States E Coast,North Atlantic Ocean,Very Small,River (Natural),,,12.5,12.5,Unknown,Unknown,Unknown,Unknown,Unknown,30.4,-81.43333
19850,Mccord, ,US QMW,United States,Alaska,North Pacific Ocean,Very Small,Coastal (Natural),,,,7.9,Unknown,Unknown,Unknown,Unknown,Unknown,57.15,-153.2
5030,Menominee, ,US MNM,United States,US Lake Michigan,Lake Michigan; Great Lakes,Small,River (Natural),,,4.9,6.4,Yes,No,Small,Moderate,Unknown,45.09528,-87.58944
19110,Metlakatla, ,USMTM,United States,Alaska,Alaska-Canada coastal waters; North Pacific Ocean,Very Small,Open Roadstead,,,,6.4,Unknown,Unknown,Unknown,,Unknown,55.13333,-131.56667
8640,Miami, ,US MIA,United States,United States E Coast,North Atlantic Ocean,Small,Coastal (Natural),,,12.5,12.5,Unknown,Unknown,Medium,Moderate,Small,25.78333,-80.18333
4750,Michigan City, ,US MGC,United States,US Lake Michigan,Lake Michigan; Great Lakes,Small,Coastal (Breakwater),,,2.4,,Unknown,Unknown,Small,Limited,Unknown,41.73333,-86.9
6660,Milbridge, ,US MLQ,United States,United States E Coast,North Atlantic Ocean,Very Small,River (Natural),,,1.8,1.8,Unknown,Unknown,Unknown,Unknown,Unknown,44.53333,-67.88333
56110,Milolii, , ,United States,Hawaiian Islands,North Pacific Ocean,Very Small,Open Roadstead,,,23.2,1.8,Unknown,Unknown,Unknown,Unknown,Unknown,19.18333,-155.9
4860,Milwaukee, ,US MKE,United States,US Lake Michigan,Lake Michigan; Great Lakes,Medium,River (Natural),,,6.4,6.4,Unknown,Unknown,Unknown,Moderate,Unknown,43.03333,-87.88333
6750,Minturn, , ,United States,United States E Coast,North Atlantic Ocean,Very Small,Coastal (Natural),,,1.8,,Unknown,Unknown,Unknown,Unknown,Unknown,44.15,-68.45
8770,Mobile, ,US MOB,United States,US Gulf Coast,Gulf of Mexico; North Atlantic Ocean,Large,River (Natural),,,11.0,11.0,Unknown,Unknown,Unknown,Major,Medium,30.68333,-88.11667
6970,Monhegan, , ,United States,United States E Coast,North Atlantic Ocean,Very Small,Coastal (Natural),,,3.4,3.4,Unknown,Unknown,Unknown,Unknown,Unknown,43.76667,-69.31667
3570,Monroe, ,US MOI,United States,US Lake Erie,Lake Erie; Great Lakes,Very Small,River (Natural),,,4.9,4.9,Unknown,Unknown,Unknown,Limited,Unknown,41.88333,-83.33333
7450,Montauk Harbor, ,US MTP,United States,United States E Coast,North Atlantic Ocean,Very Small,Coastal (Breakwater),,,3.4,1.8,Unknown,Unknown,Unknown,Unknown,Unknown,41.06667,-71.93333
16240,Monterey, ,US MY3,United States,United States W Coast,North Pacific Ocean,Small,Coastal (Natural),,,4.9,6.4,Unknown,Unknown,Small,Limited,Unknown,36.61667,-121.88333
8430,Morehead City, ,US MRH,United States,United States E Coast,North Atlantic Ocean,Very Small,Coastal (Natural),,,7.9,9.4,Unknown,Unknown,Medium,Limited,Small,34.71667,-76.7
9000,Morgan City, ,US LMO,United States,US Gulf Coast,Gulf of Mexico; North Atlantic Ocean,Very Small,River (Natural),,,4.9,1.8,Unknown,Unknown,Medium,Limited,Small,29.7,-91.21667
16210,Morro Bay, ,US MJK,United States,United States W Coast,North Pacific Ocean,Very Small,Coastal (Breakwater),,,4.9,4.9,Unknown,Unknown,Unknown,Limited,Unknown,35.36667,-120.85
16260,Moss,Moss Landing,US MLG,United States,United States W Coast,North Pacific Ocean,Very Small,Coastal (Natural),,,3.4,3.4,Unknown,Unknown,Small,Unknown,Unknown,36.8,-121.78333
6730,Mount Desert,Somesville,US DZT,United States,United States E Coast,North Atlantic Ocean,Very Small,Coastal (Natural),,,6.4,4.9,Unknown,Unknown,Small,Limited,Unknown,44.36667,-68.33333
17780,Mukilteo, ,US MKI,United States,United States W Coast,Alaska-Canada coastal waters; North Pacific Ocean,Very Small,Coastal (Natural),,,11.0,11.0,Unknown,Unknown,Small,Limited,Unknown,47.95,-122.3
5270,Munising, ,US MGS,United States,US Lake Superior,Lake Superior; Great Lakes,Very Small,Coastal (Natural),,,4.9,6.4,Unknown,Unknown,Unknown,Limited,Unknown,46.41667,-86.65
4690,Muskegon, ,US MKG,United States,US Lake Michigan,Lake Michigan; Great Lakes,Small,River (Natural),,,7.9,6.4,Unknown,Unknown,Unknown,Moderate,Unknown,43.23333,-86.26667
7490,Mystic, ,US MYC,United States,United States E Coast,North Atlantic Ocean,Very Small,River (Natural),,,1.8,1.8,Unknown,Unknown,Small,Limited,Unknown,41.35,-71.96667
17000,Nahcotta, , ,United States,United States W Coast,North Pacific Ocean,Very Small,Coastal (Natural),,,1.8,,Unknown,Unknown,Unknown,Unknown,Unknown,46.5,-124.03333
5070,Nahma, , ,United States,US Lake Michigan,Lake Michigan; Great Lakes,Very Small,Coastal (Natural),,,3.4,3.4,Unknown,Unknown,Unknown,Unknown,Unknown,45.83333,-86.66667
20250,Naknek, ,US NNK,United States,Alaska Continued,Bristol Bay; Bering Sea; North Pacific Ocean,Very Small,Coastal (Natural),,,9.4,1.8,Unknown,Unknown,Small,Limited,Unknown,58.71667,-157.01667
7330,Nantucket, ,US ACK,United States,United States E Coast,North Atlantic Ocean,Very Small,Coastal (Natural),,,3.4,3.4,Unknown,Unknown,Small,Limited,Unknown,41.28333,-70.1
56130,Napoopoo, , ,United States,Hawaiian Islands,North Pacific Ocean,Very Small,Coastal (Natural),,,12.5,,Unknown,Unknown,Unknown,Unknown,Unknown,19.48333,-155.93333
20320,Nash Harbor, , ,United States,Alaska Continued,Bering Sea; North Pacific Ocean,Very Small,Open Roadstead,,,,,Unknown,Unknown,Unknown,Unknown,Unknown,60.2,-166.98333
56300,Nawiliwili Bay, ,US NIJ,United States,Hawaiian Islands,North Pacific Ocean,Small,Coastal (Breakwater),,,11.0,9.4,Unknown,Unknown,Small,Limited,Unknown,21.95,-159.35
17100,Neah Bay, ,US NEB,United States,United States W Coast,Alaska-Canada coastal waters; North Pacific Ocean,Very Small,Coastal (Breakwater),,,4.9,4.9,Unknown,Unknown,Small,Unknown,Unknown,48.36667,-124.61667
7370,New Bedford, ,US NBD,United States,United States E Coast,North Atlantic Ocean,Small,Coastal (Natural),,,7.9,7.9,Unknown,Unknown,Medium,Limited,Medium,41.63333,-70.91667
8410,New Bern, ,US EWN,United States,United States E Coast,North Atlantic Ocean,Very Small,River (Basins),,,3.4,3.4,Unknown,Unknown,Medium,Moderate,Unknown,35.1,-77.05
8030,New Castle, ,US NSX,United States,United States E Coast,North Atlantic Ocean,Very Small,River (Natural),,,7.9,3.4,Unknown,Unknown,Unknown,Unknown,Unknown,39.65,-75.56667
7010,New Harbor, , ,United States,United States E Coast,North Atlantic Ocean,Very Small,Coastal (Natural),,,6.4,1.8,Unknown,Unknown,Unknown,Limited,Unknown,43.86667,-69.48333
7550,New Haven, ,US HVN,United States,United States E Coast,North Atlantic Ocean,Small,Coastal (Breakwater),,,9.4,9.4,Unknown,Unknown,Medium,Moderate,Unknown,41.23333,-72.91667
7500,New London, ,US NLO,United States,United States E Coast,North Atlantic Ocean,Small,River (Natural),,,9.4,9.4,Unknown,Unknown,Large,Major,Medium,41.35,-72.08333
8860,New Orleans, ,US MSY,United States,US Gulf Coast,Gulf of Mexico; North Atlantic Ocean,Large,River (Natural),,,11.0,11.0,Unknown,Unknown,Medium,Major,Small,29.95,-90.05
7640,New York City, ,US NYC,United States,United States E Coast,North Atlantic Ocean,Large,River (Natural),,,12.5,12.5,Unknown,Unknown,Large,Major,Large,40.7,-74.01667
7810,Newark, ,US EWR,United States,United States E Coast,North Atlantic Ocean,Medium,River (Basins),,,7.9,11.0,Unknown,Unknown,Unknown,Moderate,Unknown,40.7,-74.15
7660,Newburgh, ,US SWF,United States,United States E Coast,North Atlantic Ocean,Very Small,River (Natural),,,7.9,7.9,Unknown,Unknown,Medium,Moderate,Unknown,41.5,-74.0
7190,Newburyport, ,US ZMP,United States,United States E Coast,North Atlantic Ocean,Very Small,River (Natural),,,3.4,1.8,Unknown,Unknown,Small,Unknown,Unknown,42.81667,-70.86667
7380,Newport, ,US NPT,United States,United States E Coast,North Atlantic Ocean,Small,Coastal (Natural),,,4.9,4.9,Unknown,Unknown,Medium,Moderate,Unknown,41.5,-71.33333
16820,Newport, ,US NPO,United States,United States W Coast,North Pacific Ocean,Very Small,River (Natural),,,7.9,4.9,Unknown,Unknown,Small,Limited,Unknown,44.63333,-124.05
16060,Newport Beach, ,US JNP,United States,United States W Coast,North Pacific Ocean,Very Small,Coastal (Natural),,,4.9,7.9,Unknown,Unknown,Medium,Limited,Unknown,33.61667,-117.9
8300,Newport News, ,US NNS,United States,United States E Coast,North Atlantic Ocean,Medium,Coastal (Natural),,,12.5,11.0,Unknown,Unknown,Large,Major,Large,36.96667,-76.43333
19795,Nikiski, ,US NIK,United States,Alaska,Cook Inlet; Gulf of Alaska; North Pacific Ocean,Very Small,Coastal (Natural),,,,,Unknown,Unknown,Unknown,Limited,Unknown,60.68333,-151.4
19788,Ninilchik, ,US NIN,United States,Alaska,Cook Inlet; Gulf of Alaska; North Pacific Ocean,Very Small,Coastal (Natural),,,1.8,,Unknown,Unknown,Unknown,Unknown,Unknown,60.05,-151.68333
17670,Nisqually Head, , ,United States,United States W Coast,Alaska-Canada coastal waters; North Pacific Ocean,Very Small,Coastal (Natural),,,,6.4,Unknown,Unknown,Unknown,Unknown,Unknown,47.11667,-122.75
7480,Noank, ,US NK3,United States,United States E Coast,North Atlantic Ocean,Very Small,Coastal (Natural),,,1.8,1.8,Unknown,Unknown,Small,Limited,Unknown,41.31667,-71.98333
20400,Nome, ,US OME,United States,Alaska Continued,Bering Sea; North Pacific Ocean,Small,Open Roadstead,,,1.8,1.8,Unknown,Unknown,Unknown,Unknown,Unknown,64.5,-165.41667
56320,Nonopapa, , ,United States,Hawaiian Islands,North Pacific Ocean,Very Small,Open Roadstead,,,12.5,1.8,Unknown,Unknown,Unknown,Emergency Only,Unknown,21.86667,-160.23333
8280,Norfolk, ,US ORF,United States,United States E Coast,North Atlantic Ocean,Large,River (Natural),,,12.5,11.0,Unknown,Unknown,Large,Major,Medium,36.85,-76.3
9210,Norsworthy, , ,United States,US Gulf Coast,Gulf of Mexico; North Atlantic Ocean,Very Small,River (Natural),,,11.0,9.4,Unknown,Unknown,Medium,Unknown,Unknown,29.73333,-95.2
16750,North Bend, ,US OTH,United States,United States W Coast,North Pacific Ocean,Very Small,Coastal (Natural),,,7.9,7.9,Unknown,Unknown,Unknown,Unknown,Unknown,43.4,-124.21667
6850,North Haven, ,US 9NV,United States,United States E Coast,North Atlantic Ocean,Very Small,Coastal (Natural),,,4.9,3.4,Unknown,Unknown,Small,Limited,Unknown,44.13333,-68.86667
6710,Northeast Harbor, , ,United States,United States E Coast,North Atlantic Ocean,Very Small,Coastal (Natural),,,3.4,1.8,Unknown,Unknown,Unknown,Limited,Unknown,44.3,-68.28333
7590,Norwalk, ,US ORQ,United States,United States E Coast,North Atlantic Ocean,Very Small,River (Natural),,,1.8,1.8,Unknown,Unknown,Small,Limited,Unknown,41.1,-73.41667
7510,Norwich, ,US NOC,United States,United States E Coast,North Atlantic Ocean,Very Small,River (Natural),,,6.4,6.4,Unknown,Unknown,Unknown,Unknown,Unknown,41.51667,-72.08333
16340,Oakland, ,US OAK,United States,United States W Coast,North Pacific Ocean,Large,Coastal (Natural),,,7.9,7.9,Unknown,Unknown,Large,Major,Large,37.81667,-122.33333
8170,Ocean City, ,US OCE,United States,United States E Coast,North Atlantic Ocean,Very Small,Coastal (Natural),,,1.8,1.8,Unknown,Unknown,Small,Moderate,Unknown,38.33333,-75.08333
5010,Oconto, ,US OCQ,United States,US Lake Michigan,Lake Michigan; Great Lakes,Very Small,River (Natural),,,1.8,1.8,Unknown,Unknown,Unknown,Limited,Unknown,44.89444,-87.82944
2770,Ogdensburg, ,US OGS,United States,US St Lawrence R,Lake Ontario; Great Lakes,Small,River (Natural),,,4.9,7.9,Unknown,Unknown,Small,Limited,Small,44.7,-75.5
16400,Oleum, ,US OL2,United States,United States W Coast,North Pacific Ocean,Very Small,Coastal (Natural),,,10.7,9.4,Unknown,Unknown,Unknown,Unknown,Unknown,38.05,-122.26667
17660,Olympia, ,US OLM,United States,United States W Coast,Alaska-Canada coastal waters; North Pacific Ocean,Small,Coastal (Natural),,,7.9,9.4,Unknown,Unknown,Small,Limited,Unknown,47.05,-122.9
5380,Ontonagon, ,US ONG,United States,US Lake Superior,Lake Superior; Great Lakes,Very Small,River (Natural),,,4.9,4.9,Unknown,Unknown,Unknown,Limited,Unknown,46.88333,-89.33333
9070,Orange, ,US ORG,United States,US Gulf Coast,Gulf of Mexico; North Atlantic Ocean,Very Small,River (Natural),,,7.9,7.9,Unknown,Unknown,Small,Moderate,Small,30.08333,-93.73333
19639,Orca, ,US OSZ,United States,Alaska,Gulf of Alaska; North Pacific Ocean,Very Small,Coastal (Natural),,,4.9,4.9,Unknown,Unknown,Unknown,Unknown,Unknown,60.58333,-145.71667
17990,Orcas, ,US XJY,United States,United States W Coast,Alaska-Canada coastal waters; North Pacific Ocean,Very Small,Coastal (Natural),,,20.1,1.8,Unknown,Unknown,Unknown,Unknown,Unknown,48.6,-122.93333
4460,Oscoda, ,US OSC,United States,US Lake Huron,Lake Huron; Great Lakes,Very Small,River (Natural),,,2.0,,Unknown,Unknown,Unknown,Unknown,Unknown,44.41667,-83.31667
3170,Oswego, ,US OSW,United States,US Lake Ontario,Lake Ontario; Great Lakes,Small,River (Natural),,,6.4,6.4,Unknown,Unknown,Unknown,Limited,Unknown,43.46667,-76.51667
19810,Ouzinkie,Uzinki,US KOZ,United States,Alaska,Gulf of Alaska; North Pacific Ocean,Very Small,Coastal (Natural),,,,4.9,Unknown,Unknown,Unknown,Unknown,Unknown,57.91667,-152.5
9260,Palacios, ,US PSX,United States,US Gulf Coast,Gulf of Mexico; North Atlantic Ocean,Very Small,Coastal (Natural),,,3.4,1.8,Unknown,Unknown,Small,Limited,Unknown,28.68333,-96.21667
20135,Palisades Point, , ,United States,Aleutian Islands,Bering Sea; North Pacific Ocean,Very Small,Coastal (Natural),,,,6.4,Unknown,Unknown,Unknown,Unknown,Unknown,52.23333,-174.16667
8610,Palm Beach, ,US PAB,United States,United States E Coast,North Atlantic Ocean,Very Small,Coastal (Natural),,,9.4,9.4,Unknown,Unknown,Small,Limited,Unknown,26.76667,-80.05
8750,Panama City, ,US PFN,United States,US Gulf Coast,Gulf of Mexico; North Atlantic Ocean,Small,Coastal (Natural),,,9.4,9.4,Unknown,Unknown,Small,Limited,Unknown,30.13333,-85.65
9220,Pasadena, ,US PAS,United States,US Gulf Coast,Gulf of Mexico; North Atlantic Ocean,Very Small,River (Natural),,,11.0,7.9,Unknown,Unknown,Medium,Unknown,Unknown,29.71667,-95.21667
8780,Pascagoula, ,US PGL,United States,US Gulf Coast,Gulf of Mexico; North Atlantic Ocean,Small,River (Natural),,,9.4,11.0,Unknown,Unknown,Large,Major,Medium,30.35,-88.56667
7641,Patchogue, ,US PCP,United States,United States E Coast,North Atlantic Ocean,Very Small,River (Natural),,,1.8,1.8,Unknown,Unknown,Medium,Limited,Unknown,40.75,-73.01667
8115,Paulsboro, ,US PAU,United States,United States E Coast,North Atlantic Ocean,Very Small,River (Natural),,,9.4,9.4,Unknown,Unknown,Unknown,Unknown,Unknown,39.85,-75.25
19440,Pelican, ,US PEC,United States,Alaska,Alaska-Canada coastal waters; North Pacific Ocean,Very Small,Coastal (Natural),,,23.2,4.9,Unknown,Unknown,Unknown,Limited,Unknown,57.96667,-136.23333
7020,Pemaquid Beach, , ,United States,United States E Coast,North Atlantic Ocean,Very Small,Coastal (Natural),,,12.5,1.8,Unknown,Unknown,Unknown,Unknown,Unknown,43.86667,-69.53333
8760,Pensacola, ,US PNS,United States,US Gulf Coast,Gulf of Mexico; North Atlantic Ocean,Small,Coastal (Natural),,,11.0,9.4,Unknown,Unknown,Small,Moderate,Unknown,30.4,-87.21667
7960,Perth Amboy, ,US PAY,United States,United States E Coast,North Atlantic Ocean,Small,River (Natural),,,11.0,7.9,Unknown,Unknown,Unknown,Major,Small,40.5,-74.26667
19300,Petersburg, ,US PSG,United States,Alaska,Alaska-Canada coastal waters; North Pacific Ocean,Small,Coastal (Natural),,,6.4,6.4,Unknown,Unknown,Unknown,Limited,Unknown,56.81667,-132.95
4600,Petoskey, ,US PET,United States,US Lake Michigan,Lake Michigan; Great Lakes,Very Small,Coastal (Breakwater),,,3.4,1.8,Unknown,Unknown,Unknown,Unknown,Unknown,45.36667,-84.96667
8110,Philadelphia, ,US PHL,United States,United States E Coast,North Atlantic Ocean,Large,River (Natural),,,11.0,11.0,Unknown,Unknown,Unknown,Major,Large,39.95,-75.13333
20220,Pilot Point, ,US PIP,United States,Alaska Continued,Bristol Bay; Bering Sea; North Pacific Ocean,Very Small,Coastal (Natural),,,,,Unknown,Unknown,Unknown,Unknown,Unknown,57.56667,-157.6
8245,Piney Point, ,US PYP,United States,United States E Coast,North Atlantic Ocean,Very Small,River (Natural),,,4.9,11.0,Unknown,Unknown,Unknown,Unknown,Unknown,38.13333,-76.53333
16390,Pinole Point, ,US P2C,United States,United States W Coast,North Pacific Ocean,Very Small,Coastal (Natural),,,10.7,,Unknown,Unknown,Unknown,Unknown,Unknown,38.01667,-122.36667
16190,Pismo Beach, ,US PB5,United States,United States W Coast,North Pacific Ocean,Very Small,Open Roadstead,,,11.0,3.4,Unknown,Unknown,Unknown,Unknown,Unknown,35.13333,-120.65
16510,Pittsburg, ,US PBG,United States,United States W Coast,North Pacific Ocean,Very Small,River (Natural),,,10.7,9.4,Unknown,Unknown,Small,Limited,Unknown,38.03333,-121.88333
20305,Platinum, ,US PTU,United States,Alaska Continued,Bering Sea; North Pacific Ocean,Very Small,Coastal (Natural),,,,,Unknown,Unknown,Unknown,Unknown,Unknown,59.01667,-161.83333
7280,Plymouth, ,US PYM,United States,United States E Coast,North Atlantic Ocean,Very Small,Coastal (Natural),,,4.9,3.4,Unknown,Unknown,Small,Limited,Unknown,41.95,-70.66667
8350,Plymouth, ,US XKN,United States,United States E Coast,North Atlantic Ocean,Very Small,River (Natural),,,3.4,4.9,Unknown,Unknown,Unknown,Unknown,Unknown,35.86667,-76.75
16370,Point Richmond,Richmond,US RCH,United States,United States W Coast,North Pacific Ocean,Small,Coastal (Natural),,,9.4,9.4,Unknown,Unknown,Small,Major,Medium,37.91667,-122.36667
16380,Point San Pablo, ,US SAK,United States,United States W Coast,North Pacific Ocean,Very Small,Coastal (Natural),,,1.8,7.9,Unknown,Unknown,Small,Unknown,Unknown,37.96667,-122.43333
17750,Point Wells, ,US OW4,United States,United States W Coast,Alaska-Canada coastal waters; North Pacific Ocean,Very Small,Coastal (Natural),,,,11.0,Unknown,Unknown,Unknown,Unknown,Unknown,47.78333,-122.4
19400,Port Alexander, ,US PTD,United States,Alaska,Alaska-Canada coastal waters; North Pacific Ocean,Very Small,Coastal (Natural),,,3.4,3.4,Unknown,Unknown,Unknown,Limited,Unknown,56.25,-134.65
56290,Port Allen, ,US PAL,United States,Hawaiian Islands,North Pacific Ocean,Small,Coastal (Breakwater),,,9.4,11.0,Unknown,Unknown,Unknown,Limited,Unknown,21.9,-159.58333
17120,Port Angeles, ,US CLM,United States,United States W Coast,Alaska-Canada coastal waters; North Pacific Ocean,Small,Coastal (Natural),,,18.6,14.0,Unknown,Unknown,Small,Limited,Unknown,48.11667,-123.43333
9310,Port Aransas, ,US YAS,United States,US Gulf Coast,Gulf of Mexico; North Atlantic Ocean,Very Small,Coastal (Natural),,,1.8,3.4,Unknown,Unknown,Small,Limited,Unknown,27.83333,-97.05
19380,Port Armstrong, ,US PTL,United States,Alaska,Alaska-Canada coastal waters; North Pacific Ocean,Very Small,Coastal (Natural),,,,6.4,Unknown,Unknown,Unknown,Unknown,Unknown,56.3,-134.66667
9080,Port Arthur, ,US POA,United States,US Gulf Coast,Gulf of Mexico; North Atlantic Ocean,Medium,Canal or Lake,,,11.0,11.0,Unknown,Unknown,Large,Major,Small,29.83333,-93.96667
19730,Port Ashton, , ,United States,Alaska,Gulf of Alaska; North Pacific Ocean,Very Small,Coastal (Natural),,,,7.9,Unknown,Unknown,Unknown,Unknown,Unknown,60.06667,-148.05
7620,Port Chester, ,US UXZ,United States,United States E Coast,North Atlantic Ocean,Very Small,River (Natural),,,1.8,3.4,Unknown,Unknown,Small,Limited,Unknown,41.0,-73.66667
19585,Port Chilkoot, , ,United States,Alaska,Alaska-Canada coastal waters; North Pacific Ocean,Very Small,Coastal (Natural),,,,,Unknown,Unknown,Unknown,Unknown,Unknown,59.23333,-135.43333
3540,Port Clinton, ,US PCN,United States,US Lake Erie,Lake Erie; Great Lakes,Very Small,River (Natural),,,1.8,1.8,Unknown,Unknown,Small,Moderate,Unknown,41.51667,-82.93333
6980,Port Clyde, , ,United States,United States E Coast,North Atlantic Ocean,Very Small,Coastal (Natural),,,3.4,4.9,Unknown,Unknown,Large,Limited,Unknown,43.91667,-69.25
19390,Port Conclusion, , ,United States,Alaska,Alaska-Canada coastal waters; North Pacific Ocean,Very Small,Coastal (Natural),,,,6.4,Unknown,Unknown,Unknown,Unknown,Unknown,56.25,-134.68333
16450,Port Costa, ,US PCX,United States,United States W Coast,North Pacific Ocean,Very Small,Coastal (Natural),,,9.4,,Unknown,Unknown,Unknown,Unknown,Unknown,38.05,-122.18333
8630,Port Everglades, ,US PEF,United States,United States E Coast,North Atlantic Ocean,Medium,Coastal (Natural),,,12.5,,Unknown,Unknown,Small,Moderate,Small,26.1,-80.11667
17230,Port Gamble, ,US PGH,United States,United States W Coast,Alaska-Canada coastal waters; North Pacific Ocean,Very Small,Coastal (Natural),,,6.4,11.0,Unknown,Unknown,Unknown,Unknown,Unknown,47.85,-122.58333
19770,Port Graham, ,US PGM,United States,Alaska,Cook Inlet; Gulf of Alaska; North Pacific Ocean,Very Small,Coastal (Natural),,,,3.4,Unknown,Unknown,Small,Unknown,Unknown,59.35,-151.81667
20210,Port Heiden, ,US PTH,United States,Alaska Continued,Bristol Bay; Bering Sea; North Pacific Ocean,Very Small,Coastal (Natural),,,,,Unknown,Unknown,Unknown,Unknown,Unknown,56.88333,-158.7
19840,Port Hobron, , ,United States,Alaska,North Pacific Ocean,Very Small,Coastal (Natural),,,,7.9,Unknown,Unknown,Unknown,Unknown,Unknown,57.16667,-153.16667
4380,Port Hope, , ,United States,US Lake Huron,Lake Huron; Great Lakes,Very Small,Open Roadstead,,,1.8,1.8,Unknown,Unknown,Unknown,Unknown,Unknown,43.95,-82.7
16120,Port Hueneme, ,US NTD,United States,United States W Coast,North Pacific Ocean,Very Small,Coastal (Breakwater),,,9.4,7.9,Unknown,Unknown,Unknown,Limited,Unknown,34.15,-119.2
4350,Port Huron, ,US PHN,United States,US Lake Huron,Lake Saint Clair; Great Lakes,Very Small,River (Natural),,,6.4,6.4,Unknown,Unknown,Unknown,Limited,Unknown,43.0,-82.43333
9320,Port Ingleside, ,US YIG,United States,US Gulf Coast,Gulf of Mexico; North Atlantic Ocean,Very Small,Coastal (Natural),,,9.4,,Unknown,Unknown,Unknown,Unknown,Unknown,27.81667,-97.18333
5110,Port Inland, , ,United States,US Lake Michigan,Lake Michigan; Great Lakes,Very Small,Coastal (Breakwater),,,7.9,7.9,Unknown,Unknown,Unknown,Unknown,Unknown,45.96667,-85.86667
9330,Port Isabel, ,US PIS,United States,US Gulf Coast,Gulf of Mexico; North Atlantic Ocean,Very Small,Coastal (Natural),,,9.4,9.4,Unknown,Unknown,Small,Limited,Unknown,26.08333,-97.2
7560,Port Jefferson, ,US PTJ,United States,United States E Coast,North Atlantic Ocean,Very Small,Coastal (Breakwater),,,6.4,6.4,Unknown,Unknown,Unknown,Limited,Small,40.95,-73.08333
9270,Port Lavaca, ,US PLV,United States,US Gulf Coast,Gulf of Mexico; North Atlantic Ocean,Very Small,Coastal (Natural),,,12.5,11.0,Unknown,Unknown,Small,Limited,Unknown,28.61667,-96.61667
8667,Port Manatee, ,US PME,United States,US Gulf Coast,Gulf of Mexico; North Atlantic Ocean,Small,Coastal (Tide Gates),,,11.0,,Unknown,Unknown,Unknown,Limited,Small,27.63333,-82.56667
20200,Port Moller, ,US PML,United States,Alaska Continued,Bering Sea; North Pacific Ocean,Very Small,Coastal (Natural),,,,6.4,Unknown,Unknown,Unknown,Unknown,Unknown,55.98333,-160.56667
9100,Port Neches, ,US PON,United States,US Gulf Coast,Gulf of Mexico; North Atlantic Ocean,Small,River (Natural),,,11.0,11.0,Unknown,Unknown,Unknown,Limited,Small,30.0,-93.95
19920,Port Obrien, , ,United States,Alaska,Gulf of Alaska; North Pacific Ocean,Very Small,Coastal (Natural),,,,9.4,Unknown,Unknown,Unknown,Unknown,Unknown,57.73333,-153.31667
9280,Port Oconnor, , ,United States,US Gulf Coast,Gulf of Mexico; North Atlantic Ocean,Very Small,Coastal (Natural),,,3.4,1.8,Unknown,Unknown,Small,Limited,Unknown,28.45,-96.4
8870,Port Of Memphis, ,US MEM,United States,US Gulf Coast,Gulf of Mexico; North Atlantic Ocean,Small,River (Natural),,,3.4,,Unknown,Unknown,Unknown,Limited,Unknown,35.06667,-90.16667
17440,Port Orchard, ,US PXO,United States,United States W Coast,Alaska-Canada coastal waters; North Pacific Ocean,Very Small,Coastal (Natural),,,9.4,9.4,Unknown,Unknown,Small,Limited,Unknown,47.53333,-122.63333
16710,Port Orford, ,US PO2,United States,United States W Coast,North Pacific Ocean,Very Small,Coastal (Natural),,,,3.4,Unknown,Unknown,Unknown,Limited,Unknown,42.73333,-124.5
7930,Port Reading, ,US PRD,United States,United States E Coast,North Atlantic Ocean,Small,River (Natural),,,9.4,9.4,Unknown,Unknown,Unknown,Limited,Unknown,40.56667,-74.23333
7850,Port Richmond SI, ,US RI4,United States,United States E Coast,North Atlantic Ocean,Small,Coastal (Natural),,,11.0,7.9,Unknown,Unknown,Unknown,Moderate,Unknown,40.65,-74.13333
8510,Port Royal, ,US PRJ,United States,United States E Coast,North Atlantic Ocean,Very Small,River (Natural),,,7.9,7.9,Unknown,Unknown,Small,Limited,Unknown,32.36667,-80.68333
16200,Port San Luis,San Luis Obispo,US PSL,United States,United States W Coast,North Pacific Ocean,Very Small,Coastal (Natural),,,,9.4,Unknown,Unknown,Unknown,Limited,Unknown,35.16667,-120.75
7890,Port Socony, , ,United States,United States E Coast,North Atlantic Ocean,Small,River (Natural),,,9.4,7.9,Unknown,Unknown,Unknown,Limited,Unknown,40.55,-74.25
8740,Port St Joe, ,US PSJ,United States,US Gulf Coast,Gulf of Mexico; North Atlantic Ocean,Small,Coastal (Natural),,,9.4,9.4,Unknown,Unknown,Small,,Unknown,29.81667,-85.31667
8830,Port Sulphur, ,US SUL,United States,US Gulf Coast,Gulf of Mexico; North Atlantic Ocean,Very Small,River (Natural),,,11.0,14.0,Unknown,Unknown,Unknown,Limited,Unknown,29.48333,-89.68333
17160,Port Townsend, ,US TWD,United States,United States W Coast,Alaska-Canada coastal waters; North Pacific Ocean,Small,Coastal (Natural),,,1.8,4.9,Unknown,Unknown,Unknown,Limited,Unknown,48.11667,-122.75
19950,Port Vita, , ,United States,Alaska,Gulf of Alaska; North Pacific Ocean,Very Small,Coastal (Natural),,,,4.9,Unknown,Unknown,Unknown,Unknown,Unknown,58.06667,-153.06667
4870,Port Washington, ,US PWA,United States,US Lake Michigan,Lake Michigan; Great Lakes,Small,Coastal (Breakwater),,,6.4,6.4,Unknown,Unknown,Unknown,Limited,Unknown,43.38333,-87.86667
19990,Port William, ,US PWI,United States,Alaska,Gulf of Alaska; North Pacific Ocean,Very Small,Coastal (Natural),,,,6.4,Unknown,Unknown,Unknown,Unknown,Unknown,58.48333,-152.58333
5440,Port Wing, , ,United States,US Lake Superior,Lake Superior; Great Lakes,Very Small,Coastal (Breakwater),,,1.8,3.4,Unknown,Unknown,Unknown,Unknown,Unknown,46.78333,-91.38333
7150,Portland, ,US PWM,United States,United States E Coast,North Atlantic Ocean,Medium,Coastal (Natural),,,9.4,11.0,Unknown,Unknown,Medium,Major,Medium,43.66667,-70.25
16940,Portland, ,US PDX,United States,United States W Coast,North Pacific Ocean,Large,River (Natural),,,11.0,12.5,Unknown,Unknown,Large,Major,Medium,45.51667,-122.66667
8290,Portsmouth, ,US PTM,United States,United States E Coast,North Atlantic Ocean,Small,River (Natural),,,12.5,11.0,Unknown,Unknown,Large,Major,Large,36.81667,-76.3
7180,Portsmouth, ,US PSM,United States,United States E Coast,North Atlantic Ocean,Small,River (Natural),,,9.4,9.4,Unknown,Unknown,Small,Limited,Unknown,43.08333,-70.75
7670,Poughkeepsie, ,US POU,United States,United States E Coast,North Atlantic Ocean,Very Small,River (Natural),,,6.4,6.4,Unknown,Unknown,Unknown,Limited,Unknown,41.7,-73.95
17250,Poulsbo, ,US PUL,United States,United States W Coast,Alaska-Canada coastal waters; North Pacific Ocean,Very Small,Coastal (Natural),,,,3.4,Unknown,Unknown,Unknown,Unknown,Unknown,47.73333,-122.65
5290,Presque Isle, ,US PSS,United States,US Lake Superior,Lake Superior; Great Lakes,Very Small,Coastal (Breakwater),,,7.9,7.9,Unknown,Unknown,Unknown,Limited,Unknown,46.56667,-87.38333
16290,Princetown,Princeton, ,United States,United States W Coast,North Pacific Ocean,Very Small,Coastal (Breakwater),,,,3.4,Unknown,Unknown,Unknown,Unknown,Unknown,37.5,-122.48333
16130,Prisoners, , ,United States,United States W Coast,North Pacific Ocean,Very Small,Open Roadstead,,,3.4,4.9,Unknown,Unknown,Unknown,Unknown,Unknown,34.01667,-119.68333
16730,Prosper, ,US QPX,United States,United States W Coast,North Pacific Ocean,Very Small,River (Natural),,,1.8,,Unknown,Unknown,Small,Moderate,Unknown,43.15,-124.36667
7420,Providence, ,US PVD,United States,United States E Coast,North Atlantic Ocean,Medium,River (Natural),,,11.0,11.0,Unknown,Unknown,Small,Limited,Unknown,41.8,-71.4
7290,Provincetown, ,US PVC,United States,United States E Coast,North Atlantic Ocean,Very Small,Coastal (Natural),,,3.4,3.4,Unknown,Unknown,Small,Limited,Unknown,42.05,-70.18333
20483,Prudhoe Bay, ,US SCC,United States,Alaska Continued,Beaufort Sea; Arctic Ocean,Very Small,Coastal (Natural),,,,1.4,Unknown,Unknown,Unknown,Unknown,Unknown,70.33333,-148.41667
56240,Pukoo, , ,United States,Hawaiian Islands,North Pacific Ocean,Very Small,Typhoon Harbor,,,3.4,4.9,Unknown,Unknown,Unknown,Unknown,Unknown,21.06667,-156.8
3550,Put In Bay, ,US PU2,United States,US Lake Erie,Lake Erie; Great Lakes,Very Small,Coastal (Natural),,,1.8,3.4,Unknown,Unknown,Unknown,,Unknown,41.65,-82.81667
17550,Quartermaster Harbor, , ,United States,United States W Coast,Alaska-Canada coastal waters; North Pacific Ocean,Very Small,Coastal (Natural),,,1.8,,Unknown,Unknown,Unknown,Unknown,Unknown,47.38333,-122.46667
7260,Quincy, ,US MQI,United States,United States E Coast,North Atlantic Ocean,Small,River (Natural),,,1.8,9.4,Unknown,Unknown,Medium,Moderate,Medium,42.25,-70.96667
7430,Quonset Point, ,US NCO,United States,United States E Coast,North Atlantic Ocean,Very Small,Coastal (Natural),,,9.4,7.9,Unknown,Unknown,Unknown,Unknown,Unknown,41.58333,-71.4
4850,Racine, ,US RAC,United States,US Lake Michigan,Lake Michigan; Great Lakes,Small,Coastal (Breakwater),,,3.4,3.4,Unknown,Unknown,Unknown,Limited,Unknown,42.73333,-87.78333
16890,Rainier, ,US RAI,United States,United States W Coast,North Pacific Ocean,Very Small,River (Natural),,,7.9,6.4,Unknown,Unknown,Small,Limited,Unknown,46.08333,-122.93333
17020,Raymond, ,US ACC,United States,United States W Coast,North Pacific Ocean,Small,River (Natural),,,7.9,7.9,Unknown,Unknown,Small,Limited,Unknown,46.68333,-123.73333
16320,Redwood City, ,US RWC,United States,United States W Coast,North Pacific Ocean,Very Small,River (Natural),,,7.9,11.0,Unknown,Unknown,Unknown,Unknown,Unknown,37.53333,-122.2
16800,Reedsport, , ,United States,United States W Coast,North Pacific Ocean,Very Small,River (Natural),,,6.4,6.4,Unknown,Unknown,Small,Limited,Unknown,43.7,-124.1
7730,Rensselaer, ,US RER,United States,United States E Coast,North Atlantic Ocean,Very Small,River (Natural),,,4.9,7.9,Unknown,Unknown,Unknown,Unknown,Unknown,42.65,-73.75
8930,Reserve, ,US RSF,United States,US Gulf Coast,Gulf of Mexico; North Atlantic Ocean,Very Small,River (Natural),,,9.4,14.0,Unknown,Unknown,Unknown,Unknown,Unknown,30.05,-90.55
17900,Richardson, , ,United States,United States W Coast,Alaska-Canada coastal waters; North Pacific Ocean,Very Small,Coastal (Natural),,,,,Unknown,Unknown,Unknown,Unknown,Unknown,48.45,-122.9
8320,Richmond, ,US RIC,United States,United States E Coast,North Atlantic Ocean,Very Small,River (Natural),,,4.9,4.9,Unknown,Unknown,Unknown,Limited,Small,37.53333,-77.41667
16540,Rio Vista, ,US RVA,United States,United States W Coast,North Pacific Ocean,Very Small,River (Natural),,,7.9,6.4,Unknown,Unknown,Small,Limited,Unknown,38.15,-121.7
7070,Robinhood,Riggsville, ,United States,United States E Coast,North Atlantic Ocean,Very Small,River (Natural),,,12.5,1.8,Unknown,Unknown,Small,Moderate,Small,43.85,-69.73333
17940,Roche  Harbor, ,US RCE,United States,United States W Coast,Alaska-Canada coastal waters; North Pacific Ocean,Very Small,Coastal (Natural),,,,,Unknown,Unknown,Unknown,Unknown,Unknown,48.61667,-123.16667
3200,Rochester,Charlotte,US ROC,United States,US Lake Ontario,Lake Ontario; Great Lakes,Small,River (Natural),,,4.9,4.9,Unknown,Unknown,Unknown,Limited,Unknown,43.26667,-77.6
6960,Rockland, ,US RKD,United States,United States E Coast,North Atlantic Ocean,Very Small,Coastal (Breakwater),,,3.4,4.9,Unknown,Unknown,Large,Limited,Unknown,44.1,-69.1
6950,Rockport, ,US RP3,United States,United States E Coast,North Atlantic Ocean,Very Small,Coastal (Natural),,,14.0,1.8,Unknown,Unknown,Small,Limited,Unknown,44.18333,-69.06667
9290,Rockport, ,US RKP,United States,US Gulf Coast,Gulf of Mexico; North Atlantic Ocean,Very Small,Coastal (Natural),,,1.8,3.4,Unknown,Unknown,Medium,Limited,Unknown,28.01667,-97.05
4480,Rockport, , ,United States,US Lake Huron,Lake Huron; Great Lakes,Very Small,Open Roadstead,,,6.4,6.4,Unknown,Unknown,Unknown,Unknown,Unknown,45.2,-83.38333
7200,Rockport, ,US JRT,United States,United States E Coast,North Atlantic Ocean,Very Small,Coastal (Breakwater),,,1.8,1.8,Unknown,Unknown,Unknown,Unknown,Unknown,42.66667,-70.61667
4500,Rogers City, ,US RCY,United States,US Lake Huron,Lake Huron; Great Lakes,Very Small,Open Roadstead,,,1.8,1.8,Unknown,Unknown,Unknown,Limited,Unknown,45.45,-83.81667
19230,Rose Inlet, , ,United States,Alaska,Alaska-Canada coastal waters; North Pacific Ocean,Very Small,Coastal (Natural),,,,7.9,Unknown,Unknown,Unknown,Unknown,Unknown,54.95,-132.96667
3610,Rouge River,River Rouge, ,United States,US Lake Erie,Lake Erie; Great Lakes,Small,River (Natural),,,6.4,7.9,Unknown,Unknown,Unknown,Major,Large,42.28333,-83.11667
9050,Sabine, ,US SAB,United States,US Gulf Coast,Gulf of Mexico; North Atlantic Ocean,Very Small,Coastal (Natural),,,11.0,11.0,Unknown,Unknown,Small,Unknown,Unknown,29.71667,-93.86667
9060,Sabine Pass, ,US NSS,United States,US Gulf Coast,Gulf of Mexico; North Atlantic Ocean,Very Small,Coastal (Natural),,,11.0,11.0,Unknown,Unknown,Small,Limited,Unknown,29.73333,-93.9
3150,Sackets Harbor, , ,United States,US Lake Ontario,Lake Ontario; Great Lakes,Very Small,Coastal (Natural),,,1.8,23.2,Unknown,Unknown,Small,Limited,Unknown,43.95,-76.11667
7160,Saco, ,US QSK,United States,United States E Coast,North Atlantic Ocean,Very Small,River (Natural),,,1.8,1.8,Unknown,Unknown,Unknown,Limited,Unknown,43.5,-70.45
16590,Sacramento, ,US SAC,United States,United States W Coast,North Pacific Ocean,Small,River (Natural),,,7.9,7.9,Unknown,Unknown,Medium,Moderate,Unknown,38.58333,-121.5
4410,Saginaw, ,US SGM,United States,US Lake Huron,Lake Huron; Great Lakes,Small,River (Natural),,,7.9,6.4,Unknown,Unknown,Medium,Major,Unknown,43.43333,-83.93333
7225,Salem, ,US SLM,United States,United States E Coast,North Atlantic Ocean,Small,Coastal (Natural),,,7.9,7.9,Unknown,Unknown,Small,Limited,Unknown,42.51667,-70.88333
8025,Salem Nj, ,US SEM,United States,United States E Coast,North Atlantic Ocean,Very Small,River (Natural),,,18.6,18.6,Unknown,Unknown,Small,Major,Unknown,39.66667,-75.48333
8190,Salisbury, ,US SBY,United States,United States E Coast,North Atlantic Ocean,Very Small,River (Natural),,,1.8,1.8,Unknown,Unknown,Large,Major,Unknown,38.36667,-75.6
16680,Samoa, ,US IOR,United States,United States W Coast,North Pacific Ocean,Very Small,Coastal (Natural),,,6.4,7.9,Unknown,Unknown,Unknown,Unknown,Unknown,40.81667,-124.18333
16010,San Diego, ,US SAN,United States,United States W Coast,North Pacific Ocean,Medium,Coastal (Natural),330.0,10.7,11.0,12.8,Yes,Yes,Medium,Major,Large,32.71667,-117.18333
16300,San Francisco, ,US SFO,United States,United States W Coast,North Pacific Ocean,Large,Coastal (Natural),,,9.4,11.0,Unknown,Unknown,Large,Major,Medium,37.81667,-122.41667
19740,San Juan Cannery, ,US PJS,United States,Alaska,Gulf of Alaska; North Pacific Ocean,Very Small,Coastal (Natural),,,,9.4,Unknown,Unknown,Unknown,Unknown,Unknown,60.05,-148.06667
20090,Sanak, , ,United States,Alaska,North Pacific Ocean,Very Small,Open Roadstead,,,,,Unknown,Unknown,Unknown,Unknown,Unknown,54.48333,-162.81667
20040,Sand Point, ,US SDP,United States,Alaska,North Pacific Ocean,Very Small,Coastal (Natural),91.4,9.1,,9.1,Unknown,Unknown,Small,Limited,Unknown,55.33333,-160.53333
3530,Sandusky, ,US SKY,United States,US Lake Erie,Lake Erie; Great Lakes,Small,Coastal (Natural),,,6.4,6.4,Unknown,Unknown,Small,Limited,Unknown,41.45,-82.71667
6870,Sandypoint, ,US SYP,United States,United States E Coast,North Atlantic Ocean,Very Small,River (Natural),,,3.4,7.9,Unknown,Unknown,Unknown,Unknown,Unknown,44.51667,-68.81667
16150,Santa Barbara, ,US SBA,United States,United States W Coast,North Pacific Ocean,Very Small,Coastal (Breakwater),,,3.4,4.9,Unknown,Unknown,Unknown,Limited,Unknown,34.41667,-119.68333
16270,Santa Cruz, ,US SRU,United States,United States W Coast,North Pacific Ocean,Very Small,Coastal (Natural),,,1.8,7.9,Unknown,Unknown,Unknown,Unknown,Unknown,36.96667,-122.01667
4720,Saugatuck, , ,United States,US Lake Michigan,Lake Michigan; Great Lakes,Very Small,River (Natural),,,1.8,1.8,Unknown,Unknown,Small,Moderate,Unknown,42.66667,-86.2
4560,Sault Ste Marie, ,US SSM,United States,US Lake Huron,Lake Superior; Great Lakes,Small,River (Natural),,,7.9,4.9,Unknown,Unknown,Unknown,Moderate,Unknown,46.5,-84.35
16385,Sausalito, ,US JMC,United States,United States W Coast,North Pacific Ocean,Very Small,Coastal (Natural),,,4.9,,Unknown,Unknown,Medium,Moderate,Unknown,37.85,-122.48333
8530,Savannah, ,US SAV,United States,United States E Coast,North Atlantic Ocean,Medium,River (Natural),,,12.5,9.4,Unknown,Unknown,Unknown,Major,Small,32.08333,-81.08333
20420,Savoonga, ,US SVA,United States,Alaska Continued,Bering Sea; North Pacific Ocean,Very Small,Open Roadstead,,,,,Unknown,Unknown,Unknown,Unknown,Unknown,63.68333,-170.4
7970,Sayreville, ,US XNA,United States,United States E Coast,North Atlantic Ocean,Very Small,Coastal (Natural),,,3.4,3.4,Unknown,Unknown,Unknown,Limited,Unknown,40.46667,-74.36667
7270,Scituate, ,US SCU,United States,United States E Coast,North Atlantic Ocean,Very Small,Coastal (Breakwater),,,1.8,1.8,Unknown,Unknown,Small,Unknown,Unknown,42.2,-70.71667
6910,Searsport, ,US SRP,United States,United States E Coast,North Atlantic Ocean,Small,River (Natural),,,9.4,12.5,Unknown,Unknown,Small,Limited,Unknown,44.45,-68.91667
17730,Seattle, ,US SEA,United States,United States W Coast,Alaska-Canada coastal waters; North Pacific Ocean,Large,Coastal (Natural),,,9.4,23.2,Unknown,Unknown,Large,Major,Small,47.6,-122.33333
17110,Sekiu, , ,United States,United States W Coast,Alaska-Canada coastal waters; North Pacific Ocean,Very Small,Coastal (Natural),,,6.4,3.4,Unknown,Unknown,Unknown,Unknown,Unknown,48.26667,-124.3
19780,Seldovia, ,US SOV,United States,Alaska,Cook Inlet; Gulf of Alaska; North Pacific Ocean,Very Small,Coastal (Natural),,,6.4,6.4,Unknown,Unknown,Unknown,Unknown,Unknown,59.43333,-151.73333
18060,Semiahmoo, , ,United States,United States W Coast,Alaska-Canada coastal waters; North Pacific Ocean,Very Small,Coastal (Natural),,,6.4,7.9,Unknown,Unknown,Unknown,Unknown,Unknown,48.98333,-122.76667
19760,Seward, ,US SWD,United States,Alaska,Gulf of Alaska; North Pacific Ocean,Small,Coastal (Natural),,,23.2,9.4,Unknown,Unknown,Small,Limited,Unknown,60.1,-149.43333
7940,Sewaren, ,US SWN,United States,United States E Coast,North Atlantic Ocean,Very Small,River (Natural),,,11.0,9.4,Unknown,Unknown,Unknown,Major,Unknown,40.55,-74.25
4880,Sheboygan, ,US SBM,United States,US Lake Michigan,Lake Michigan; Great Lakes,Small,River (Natural),,,3.4,3.4,Unknown,Unknown,Small,Limited,Unknown,43.75,-87.7
17650,Shelton, ,US XSI,United States,United States W Coast,Alaska-Canada coastal waters; North Pacific Ocean,Very Small,Coastal (Natural),,,2.4,,Unknown,Unknown,Unknown,Unknown,Unknown,47.21667,-123.1
19650,Shepard Point, , ,United States,Alaska,Gulf of Alaska; North Pacific Ocean,Very Small,Open Roadstead,,,,7.9,Unknown,Unknown,Unknown,Unknown,Unknown,60.63333,-145.66667
20425,Shishmaref, ,US SHH,United States,Alaska Continued,Chukchi Sea; Arctic Ocean,Very Small,Coastal (Natural),,,3.7,,Unknown,Unknown,Unknown,Unknown,Unknown,66.25,-166.08333
17410,Silverdale, ,US SIF,United States,United States W Coast,Alaska-Canada coastal waters; North Pacific Ocean,Very Small,Coastal (Natural),,,,,Unknown,Unknown,Unknown,Unknown,Unknown,47.65,-122.7
9230,Sinco, , ,United States,US Gulf Coast,Gulf of Mexico; North Atlantic Ocean,Very Small,River (Natural),,,11.0,9.4,Unknown,Unknown,Medium,Unknown,Unknown,29.71667,-95.23333
19410,Sitka, ,US SIT,United States,Alaska,Alaska-Canada coastal waters; North Pacific Ocean,Small,Coastal (Natural),,,7.9,11.0,Unknown,Unknown,Small,Limited,Unknown,57.05,-135.33333
19590,Skagway, ,US SGY,United States,Alaska,Alaska-Canada coastal waters; North Pacific Ocean,Very Small,Coastal (Natural),,,23.2,11.0,Unknown,Unknown,Unknown,,Unknown,59.45,-135.33333
20175,Skoot Cove, , ,United States,Aleutian Islands,North Pacific Ocean,Very Small,Coastal (Natural),,,,3.4,Unknown,Unknown,Unknown,Unknown,Unknown,52.71667,174.06667
8810,Slidell, ,US UYN,United States,US Gulf Coast,Gulf of Mexico; North Atlantic Ocean,Very Small,Canal or Lake,,,1.8,1.8,Unknown,Unknown,Small,Moderate,Small,30.26667,-89.78333
19807,Snug Harbor, , ,United States,Alaska,Cook Inlet; Gulf of Alaska; North Pacific Ocean,Very Small,Coastal (Natural),,,,4.9,Unknown,Unknown,Unknown,Unknown,Unknown,60.1,-152.58333
3190,Sodus Bay, ,US SOD,United States,US Lake Ontario,Lake Ontario; Great Lakes,Very Small,Coastal (Natural),,,3.4,3.4,Unknown,Unknown,Unknown,Limited,Unknown,43.26667,-76.98333
20390,Solomon, ,US SOL,United States,Alaska Continued,Bering Sea; North Pacific Ocean,Very Small,Open Roadstead,,,,,Unknown,Unknown,Unknown,Unknown,Unknown,64.55,-164.4
8227,Solomons Island, ,US OMU,United States,United States E Coast,North Atlantic Ocean,Very Small,River (Natural),,,7.9,1.8,Unknown,Unknown,Small,Limited,Unknown,38.31667,-76.45
6690,Sorrento, ,US 9SO,United States,United States E Coast,North Atlantic Ocean,Very Small,Coastal (Natural),,,1.8,1.8,Unknown,Unknown,Unknown,Unknown,Unknown,44.46667,-68.18333
7980,South Amboy, ,US ZZM,United States,United States E Coast,North Atlantic Ocean,Small,Coastal (Natural),,,9.4,7.9,Unknown,Unknown,Unknown,Limited,Unknown,40.48333,-74.26667
17010,South Bend, ,US ACJ,United States,United States W Coast,North Pacific Ocean,Small,River (Natural),,,7.9,7.9,Unknown,Unknown,Small,Limited,Unknown,46.66667,-123.78333
7030,South Bristol, ,US S8B,United States,United States E Coast,North Atlantic Ocean,Very Small,Coastal (Natural),,,4.9,3.4,Unknown,Unknown,Small,Limited,Unknown,43.86667,-69.55
7140,South Harpswell, ,US HP4,United States,United States E Coast,North Atlantic Ocean,Very Small,Coastal (Natural),,,3.4,1.8,Unknown,Unknown,Unknown,Unknown,Unknown,43.73333,-70.01667
4730,South Haven, ,US SOH,United States,US Lake Michigan,Lake Michigan; Great Lakes,Very Small,River (Natural),,,3.4,1.8,Unknown,Unknown,Small,Moderate,Unknown,42.4,-86.28333
16420,South Vallejo, ,US VLO,United States,United States W Coast,North Pacific Ocean,Small,Coastal (Natural),,,7.9,7.9,Unknown,Unknown,Unknown,Unknown,Unknown,38.08333,-122.25
7580,Southport, ,US UTP,United States,United States E Coast,North Atlantic Ocean,Very Small,River (Natural),,,1.8,1.8,Unknown,Unknown,Small,Limited,Unknown,41.13333,-73.28333
8480,Southport, ,US XMK,United States,United States E Coast,North Atlantic Ocean,Very Small,River (Natural),,,9.4,6.4,Unknown,Unknown,Small,Limited,Unknown,33.91667,-78.01667
6720,Southwest Harbor, ,US W8S,United States,United States E Coast,North Atlantic Ocean,Very Small,Coastal (Natural),,,9.4,3.4,Unknown,Unknown,Small,Major,Unknown,44.28333,-68.31667
8822,Southwest Pass, ,US SW8,United States,US Gulf Coast,Gulf of Mexico; North Atlantic Ocean,Small,River (Natural),,,13.7,,Unknown,Unknown,Unknown,Unknown,Unknown,28.45,-90.7
8590,St Augustine, ,US UST,United States,United States E Coast,North Atlantic Ocean,Very Small,Coastal (Natural),,,3.4,4.9,Unknown,Unknown,Small,Limited,Unknown,29.9,-81.31667
4340,St Clair, ,US SCL,United States,US Lake Huron,Lake Saint Clair; Great Lakes,Very Small,River (Natural),,,1.8,4.9,Unknown,Unknown,Unknown,Limited,Unknown,42.81667,-82.48333
16930,St Helens, ,US STH,United States,United States W Coast,North Pacific Ocean,Very Small,River (Natural),,,6.4,7.9,Unknown,Unknown,Unknown,Unknown,Unknown,45.86667,-122.8
4540,St Ignace, , ,United States,US Lake Huron,Lake Huron; Great Lakes,Very Small,Coastal (Natural),,,6.4,6.4,Unknown,Unknown,Unknown,Unknown,Unknown,45.85,-84.71667
4740,St Joseph,Benton Harbor,US SXX,United States,US Lake Michigan,Lake Michigan; Great Lakes,Small,River (Natural),,,6.4,6.4,Unknown,Unknown,Small,Moderate,Unknown,42.11667,-86.48333
8680,St Petersburg, ,RULED,United States,US Gulf Coast,Gulf of Mexico; North Atlantic Ocean,Small,Coastal (Natural),333.3,11.0,4.9,4.9,Yes,Yes,Small,Limited,Unknown,27.76667,-82.61667
8920,St Rose, ,US SRE,United States,US Gulf Coast,Gulf of Mexico; North Atlantic Ocean,Very Small,River (Natural),,,9.4,9.4,Unknown,Unknown,Small,Unknown,Unknown,29.95,-90.31667
8893,St. James, ,US SNJ,United States,US Gulf Coast,Gulf of Mexico; North Atlantic Ocean,Small,River (Natural),,,,,Unknown,Unknown,Unknown,Unknown,Unknown,29.9792,-90.8275
4580,St. James Harbor, , ,United States,US Lake Michigan,Lake Michigan; Great Lakes,Very Small,Coastal (Natural),,,3.4,3.4,Unknown,Unknown,Unknown,Emergency Only,Unknown,45.73333,-85.51667
20360,St. Michael, ,US SMK,United States,Alaska Continued,Bering Sea; North Pacific Ocean,Very Small,Open Roadstead,,,,,Unknown,Unknown,Small,Limited,Unknown,63.48333,-162.03333
7600,Stamford, ,US XLX,United States,United States E Coast,North Atlantic Ocean,Very Small,River (Natural),,,3.4,3.4,Unknown,Unknown,Medium,Moderate,Unknown,41.03333,-73.55
7830,Stapleton SI, , ,United States,United States E Coast,North Atlantic Ocean,Small,Coastal (Natural),,,12.5,11.0,Unknown,Unknown,Unknown,Moderate,Unknown,40.63333,-74.06667
19280,Steamboat Bay, ,US WSB,United States,Alaska,Alaska-Canada coastal waters; North Pacific Ocean,Very Small,Coastal (Natural),,,,4.9,Unknown,Unknown,Unknown,Unknown,Unknown,55.53333,-133.63333
16520,Stockton, ,US SCK,United States,United States W Coast,North Pacific Ocean,Small,River (Natural),,,7.9,11.0,Unknown,Unknown,Medium,Limited,Unknown,37.95,-121.3
6810,Stonington, ,US SG4,United States,United States E Coast,North Atlantic Ocean,Very Small,Coastal (Natural),,,4.9,1.8,Unknown,Unknown,Unknown,Unknown,Unknown,44.15,-68.66667
7470,Stonington, ,US SGN,United States,United States E Coast,North Atlantic Ocean,Very Small,River (Natural),,,3.4,3.4,Unknown,Unknown,Small,Unknown,Unknown,41.33333,-71.9
4930,Sturgeon Bay, ,US SUE,United States,US Lake Michigan,Lake Michigan; Great Lakes,Small,Canal or Lake,,8.6,4.9,4.9,Unknown,Unknown,Small,Major,Small,44.83333,-87.38333
5450,Superior, ,US SUW,United States,US Lake Superior,Lake Superior; Great Lakes,Medium,Coastal (Breakwater),,,6.4,7.9,Unknown,Unknown,Unknown,Major,Large,46.73333,-92.06667
6760,Swans Island, ,US IS9,United States,United States E Coast,North Atlantic Ocean,Very Small,Coastal (Natural),,,4.9,1.8,Unknown,Unknown,Unknown,Limited,Unknown,44.13333,-68.45
8440,Swansboro, , ,United States,United States E Coast,North Atlantic Ocean,Very Small,Coastal (Natural),,,3.4,1.8,Unknown,Unknown,Medium,Limited,Unknown,34.68333,-77.13333
17700,Tacoma, ,US TIW,United States,United States W Coast,Alaska-Canada coastal waters; North Pacific Ocean,Medium,Coastal (Natural),,,23.2,14.0,Unknown,Unknown,Medium,Major,Medium,47.28333,-122.41667
8670,Tampa, ,US TPA,United States,US Gulf Coast,Gulf of Mexico; North Atlantic Ocean,Medium,Coastal (Natural),,,12.5,11.0,Unknown,Unknown,Unknown,Major,Medium,27.91667,-82.45
19589,Tanani Point, , ,United States,Alaska,Alaska-Canada coastal waters; North Pacific Ocean,Very Small,Coastal (Natural),,,,,Unknown,Unknown,Unknown,Unknown,Unknown,59.28333,-135.45
8700,Tarpon Springs, ,US ZKL,United States,US Gulf Coast,Gulf of Mexico; North Atlantic Ocean,Very Small,Coastal (Natural),,,1.8,1.8,Unknown,Unknown,Small,Limited,Unknown,28.15,-82.76667
4430,Tawas City, ,US TWY,United States,US Lake Huron,Lake Huron; Great Lakes,Very Small,Coastal (Natural),,,,1.8,Unknown,Unknown,Unknown,Unknown,Unknown,44.26667,-83.5
19470,Tenakee Springs, ,US TKE,United States,Alaska,Alaska-Canada coastal waters; North Pacific Ocean,Very Small,Coastal (Natural),,,,6.4,Unknown,Unknown,Unknown,Unknown,Unknown,57.78333,-135.2
56323,Tern Island, , ,United States,Hawaiian Islands,North Pacific Ocean,Very Small,Coastal (Natural),,,4.9,4.9,Unknown,Unknown,Unknown,Limited,Unknown,23.86667,-166.28333
9160,Texas City, ,US TXT,United States,US Gulf Coast,Gulf of Mexico; North Atlantic Ocean,Small,Coastal (Natural),,,11.0,11.0,Unknown,Unknown,Medium,Limited,Unknown,29.38333,-94.91667
16980,The Dalles, ,US DLS,United States,United States W Coast,Alaska-Canada coastal waters; North Pacific Ocean,Very Small,River (Natural),,,4.9,4.9,Unknown,Unknown,Unknown,Unknown,Unknown,45.6,-121.18333
6990,Thomaston, ,US 9SA,United States,United States E Coast,North Atlantic Ocean,Very Small,River (Natural),,,4.9,3.4,Unknown,Unknown,Small,Moderate,Unknown,44.06667,-69.18333
19860,Three Saints Bay, , ,United States,Alaska,North Pacific Ocean,Very Small,Coastal (Natural),,,,6.4,Unknown,Unknown,Unknown,Unknown,Unknown,57.11667,-153.5
7405,Tiverton, ,US TIV,United States,United States E Coast,North Atlantic Ocean,Small,River (Natural),,,7.9,9.4,Unknown,Unknown,Small,Limited,Unknown,41.63333,-71.21667
19490,Todd, , ,United States,Alaska,Alaska-Canada coastal waters; North Pacific Ocean,Very Small,Coastal (Natural),,,,7.9,Unknown,Unknown,Unknown,Unknown,Unknown,57.46667,-135.05
3560,Toledo, ,US TOL,United States,US Lake Erie,Lake Erie; Great Lakes,Medium,River (Natural),,,7.9,7.9,Unknown,Unknown,Unknown,Major,Large,41.7,-83.46667
16830,Toledo, ,US TDX,United States,United States W Coast,North Pacific Ocean,Very Small,River (Natural),,,1.8,1.8,Unknown,Unknown,Small,Limited,Unknown,44.61667,-123.93333
7840,Tompkinsville SI, , ,United States,United States E Coast,North Atlantic Ocean,Medium,Coastal (Natural),,,12.5,11.0,Unknown,Unknown,Unknown,Moderate,Unknown,40.63333,-74.06667
3420,Tonawanda, ,US UZF,United States,US Lake Erie,Lake Erie; Great Lakes,Small,River (Natural),,,3.4,3.4,Unknown,Unknown,Unknown,Limited,Unknown,43.03333,-78.88333
16870,Tongue Point, , ,United States,United States W Coast,North Pacific Ocean,Very Small,River (Natural),,,9.4,4.9,Unknown,Unknown,Unknown,Moderate,Unknown,46.2,-123.75
19870,Trap Point, , ,United States,Alaska,North Pacific Ocean,Very Small,Coastal (Natural),,,,9.4,Unknown,Unknown,Unknown,Limited,Unknown,57.0,-154.15
4620,Traverse City, ,US TVC,United States,US Lake Michigan,Lake Michigan; Great Lakes,Very Small,Coastal (Natural),,,6.4,4.9,Unknown,Unknown,Small,Limited,Unknown,44.76667,-85.61667
3580,Trenton, ,US XNG,United States,US Lake Erie,Lake Erie; Great Lakes,Very Small,River (Natural),,,7.9,7.9,Unknown,Unknown,Unknown,,Unknown,42.13333,-83.16667
8160,Trenton, ,US TTN,United States,United States E Coast,North Atlantic Ocean,Very Small,River (Natural),,,4.9,6.4,Unknown,Unknown,Unknown,Limited,Unknown,40.2,-74.76667
8890,Tri-City Port, , ,United States,US Gulf Coast,Lake Michigan; Great Lakes,Large,River (Natural),,,3.4,,Unknown,Unknown,Medium,Moderate,Large,38.71667,-90.2
7740,Troy, ,US TRY,United States,United States E Coast,North Atlantic Ocean,Very Small,River (Natural),,,3.4,3.4,Unknown,Unknown,Medium,Limited,Unknown,42.73333,-73.7
5470,Two Harbors,Agate Bay,US THB,United States,US Lake Superior,Lake Superior; Great Lakes,Small,Coastal (Breakwater),,,6.4,7.9,Unknown,Unknown,Unknown,Unknown,Unknown,47.01667,-91.65
4900,Two Rivers, ,US TWR,United States,US Lake Michigan,Lake Michigan; Great Lakes,Very Small,Coastal (Breakwater),,,1.8,1.8,Unknown,Unknown,Unknown,Moderate,Unknown,44.15,-87.56667
20230,Ugashik, ,US UGS,United States,Alaska Continued,Bristol Bay; Bering Sea; North Pacific Ocean,Very Small,River (Natural),,,,,Unknown,Unknown,Unknown,Limited,Unknown,57.53333,-157.41667
20370,Unalakleet, ,US UNK,United States,Alaska Continued,Bering Sea; North Pacific Ocean,Very Small,Open Roadstead,,,,,Unknown,Unknown,Unknown,Unknown,Unknown,63.88333,-160.78333
20130,Unalaska, ,US UAA,United States,Aleutian Islands,Bering Sea; North Pacific Ocean,Very Small,Coastal (Natural),,,7.9,9.4,Unknown,Unknown,Unknown,Unknown,Unknown,53.86667,-166.53333
20060,Unga, , ,United States,Alaska,North Pacific Ocean,Very Small,Open Roadstead,,,,,Unknown,Unknown,Unknown,Unknown,Unknown,55.18333,-160.5
19190,Union Bay, , ,United States,Alaska,Alaska-Canada coastal waters; North Pacific Ocean,Very Small,Coastal (Natural),,,,7.9,Unknown,Unknown,Unknown,Unknown,Unknown,55.76667,-132.21667
19900,Uyak, ,US KUY,United States,Alaska,Gulf of Alaska; North Pacific Ocean,Very Small,Coastal (Natural),,,,,Unknown,Unknown,Unknown,Unknown,Unknown,57.63333,-154.0
19670,Valdez, ,US VDZ,United States,Alaska,Gulf of Alaska; North Pacific Ocean,Very Small,Coastal (Natural),,,23.2,12.5,Unknown,Unknown,Unknown,Limited,Unknown,61.11667,-146.25
19660,Valdez Marine Terminal, ,US VDZ,United States,Alaska,Gulf of Alaska; North Pacific Ocean,Very Small,Open Roadstead,,,,,Unknown,Unknown,Unknown,Unknown,Unknown,61.08333,-146.4
16950,Vancouver, ,US VAN,United States,United States W Coast,North Pacific Ocean,Medium,River (Natural),,,12.5,11.0,Unknown,Unknown,Small,Moderate,Unknown,45.63333,-122.68333
16140,Ventura, ,US VNT,United States,United States W Coast,North Pacific Ocean,Very Small,Open Roadstead,,,3.4,4.9,Unknown,Unknown,Unknown,Unknown,Unknown,34.28333,-119.28333
3510,Vermilion, ,US VE9,United States,US Lake Erie,Lake Erie; Great Lakes,Very Small,River (Natural),,,1.8,1.8,Unknown,Unknown,Small,Limited,Unknown,41.43333,-82.36667
20190,Village Cove, , ,United States,Alaska Continued,Bering Sea; North Pacific Ocean,Very Small,Open Roadstead,,,,7.0,Unknown,Unknown,Small,Limited,Unknown,57.13333,-170.26667
6840,Vinalhaven,Carvers Harbor,US 9VV,United States,United States E Coast,North Atlantic Ocean,Very Small,Coastal (Natural),,,3.4,1.8,Unknown,Unknown,Small,Limited,Small,44.05,-68.83333
7350,Vineyard Haven, ,US VYH,United States,United States E Coast,North Atlantic Ocean,Very Small,Coastal (Breakwater),,,4.9,6.4,Unknown,Unknown,Small,Limited,Unknown,41.45,-70.6
20470,Wainwright, ,US AIN,United States,Alaska Continued,Arctic Ocean,Very Small,Open Roadstead,,,,,Unknown,Unknown,Unknown,Unknown,Unknown,70.65,-160.0
16810,Waldport,Alsea, ,United States,United States W Coast,North Pacific Ocean,Very Small,Coastal (Natural),,,1.8,,Unknown,Unknown,Unknown,Unknown,Unknown,44.43333,-124.06667
16560,Walnut Grove, ,US YXG,United States,United States W Coast,North Pacific Ocean,Very Small,River (Natural),,,3.4,,Unknown,Unknown,Unknown,Unknown,Unknown,38.23333,-121.51667
19140,Ward Cove, ,US WDC,United States,Alaska,Alaska-Canada coastal waters; North Pacific Ocean,Very Small,Coastal (Natural),,,23.2,11.0,Unknown,Unknown,Unknown,Unknown,Unknown,55.4,-131.73333
16840,Warrenton, ,US WTO,United States,United States W Coast,North Pacific Ocean,Very Small,River (Natural),,,1.8,,Unknown,Unknown,Small,Limited,Unknown,46.16667,-123.91667
8318,Warwick, , ,United States,United States E Coast,North Atlantic Ocean,Small,River (Natural),,,7.9,4.9,Unknown,Unknown,Unknown,Unknown,Unknown,37.45,-77.41667
5400,Washburn, ,US WZU,United States,US Lake Superior,Lake Superior; Great Lakes,Very Small,Coastal (Natural),,,6.4,4.9,Unknown,Unknown,Unknown,Limited,Unknown,46.66667,-90.88333
8390,Washington, ,US KJH,United States,United States E Coast,North Atlantic Ocean,Very Small,River (Natural),,,3.4,4.9,Unknown,Unknown,Small,Limited,Unknown,35.55,-77.05
19320,Washington Bay, ,US HQJ,United States,Alaska,Alaska-Canada coastal waters; North Pacific Ocean,Very Small,Coastal (Natural),,,,7.9,Unknown,Unknown,Unknown,Unknown,Unknown,56.73333,-134.35
8230,Washington D.C., ,US WAS,United States,United States E Coast,North Atlantic Ocean,Small,River (Natural),,,4.9,4.9,Unknown,Unknown,Small,Limited,Unknown,38.86667,-77.03333
5490,Washington Harbor, , ,United States,US Lake Superior,Lake Superior; Great Lakes,Very Small,Coastal (Natural),,,4.9,4.9,Unknown,Unknown,Unknown,Unknown,Unknown,47.91667,-89.15
16970,Washougal, ,US W9A,United States,United States W Coast,North Pacific Ocean,Very Small,River (Natural),,,8.2,,Unknown,Unknown,Unknown,Limited,Unknown,45.58333,-122.35
19250,Waterfall, ,US KWF,United States,Alaska,Alaska-Canada coastal waters; North Pacific Ocean,Very Small,Open Roadstead,,,,6.4,Unknown,Unknown,Unknown,Unknown,Unknown,55.3,-133.23333
4830,Waukegan, ,US UGN,United States,US Lake Michigan,Lake Michigan; Great Lakes,Small,Coastal (Breakwater),,,4.9,4.9,Unknown,Unknown,Small,Limited,Unknown,42.36667,-87.81667
7760,Weehawken, ,US WJQ,United States,United States E Coast,North Atlantic Ocean,Small,River (Natural),,,12.5,9.4,Unknown,Unknown,Unknown,Major,Large,40.76667,-74.01667
8260,West Point, ,US VI2,United States,United States E Coast,North Atlantic Ocean,Very Small,River (Natural),,,4.9,4.9,Unknown,Unknown,Medium,Limited,Unknown,37.53333,-76.8
17040,Westhaven Cove,West Haven; Westport,US WSZ,United States,United States W Coast,North Pacific Ocean,Very Small,River (Natural),,,3.4,4.9,Unknown,Unknown,Unknown,Moderate,Unknown,46.91667,-124.11667
16880,Westport, ,US WSZ,United States,United States W Coast,North Pacific Ocean,Very Small,River (Natural),,,7.9,,Unknown,Unknown,Unknown,Unknown,Unknown,46.13333,-123.38333
4680,White Lake, ,US WEK,United States,US Lake Michigan,Lake Michigan; Great Lakes,Small,River (Natural),,,1.8,1.8,Unknown,Unknown,Small,Moderate,Unknown,43.38333,-86.35
19680,Whittier, ,US WQF,United States,Alaska,Gulf of Alaska; North Pacific Ocean,Very Small,Coastal (Natural),,,,11.0,Unknown,Unknown,Unknown,Unknown,Unknown,60.77833,-148.69444
17030,Willapa Harbor, ,US WIH,United States,United States W Coast,North Pacific Ocean,Very Small,River (Natural),,,7.9,6.4,Unknown,Unknown,Small,Limited,Unknown,46.68333,-123.75
4810,Wilmette, ,US XTT,United States,US Lake Michigan,Lake Michigan; Great Lakes,Very Small,Coastal (Breakwater),,,2.4,1.8,Unknown,Unknown,Unknown,Limited,Unknown,42.08333,-87.68333
8050,Wilmington, ,US ILG,United States,United States E Coast,North Atlantic Ocean,Medium,River (Natural),,,6.4,12.5,Unknown,Unknown,Medium,Major,Unknown,39.73333,-75.55
8470,Wilmington, ,US ILM,United States,United States E Coast,North Atlantic Ocean,Medium,River (Natural),,,11.0,9.4,Unknown,Unknown,Unknown,Limited,Small,34.23333,-77.95
16030,Wilson Cove, , ,United States,United States W Coast,North Pacific Ocean,Very Small,Coastal (Natural),,,,6.4,Unknown,Unknown,Unknown,Unknown,Unknown,33.0,-118.55
16790,Winchester Bay,Salmon Harbor, ,United States,United States W Coast,North Pacific Ocean,Very Small,River (Natural),,,1.8,,Unknown,Unknown,Unknown,Unknown,Unknown,43.68333,-124.18333
17320,Winslow, , ,United States,United States W Coast,Alaska-Canada coastal waters; North Pacific Ocean,Very Small,Coastal (Natural),,,,11.0,Unknown,Unknown,Unknown,Limited,Unknown,47.61667,-122.51667
6680,Winter Harbor, ,US WH5,United States,United States E Coast,North Atlantic Ocean,Very Small,Coastal (Natural),,,15.5,1.8,Unknown,Unknown,Small,Limited,Unknown,44.38333,-68.08333
6890,Winterport, ,US WIE,United States,United States E Coast,North Atlantic Ocean,Very Small,River (Natural),,,3.4,6.4,Unknown,Unknown,Small,Limited,Unknown,44.63333,-68.85
19830,Womens Bay, , ,United States,Alaska,Gulf of Alaska; North Pacific Ocean,Very Small,Coastal (Natural),,,7.9,7.9,Unknown,Unknown,Unknown,Unknown,Unknown,57.71667,-152.51667
7360,Woods Hole, ,US WHO,United States,United States E Coast,North Atlantic Ocean,Very Small,Coastal (Natural),,,3.4,7.9,Unknown,Unknown,Small,Limited,Unknown,41.51667,-70.66667
19210,Wrangell, ,US WRG,United States,Alaska,Alaska-Canada coastal waters; North Pacific Ocean,Small,Coastal (Natural),,,7.9,11.0,Unknown,Unknown,Unknown,,Unknown,56.46667,-132.38333
8460,Wrightsville, ,US WGC,United States,United States E Coast,North Atlantic Ocean,Small,Coastal (Natural),,,1.8,1.8,Unknown,Unknown,Small,Limited,Unknown,34.21667,-77.81667
3590,Wyandotte, ,US WYD,United States,US Lake Erie,Lake Erie; Great Lakes,Small,River (Natural),,,6.4,6.4,Unknown,Unknown,Unknown,Unknown,Unknown,42.2,-83.15
6650,Wyman, , ,United States,United States E Coast,North Atlantic Ocean,Very Small,Coastal (Natural),,,1.8,1.8,Unknown,Unknown,Unknown,Unknown,Unknown,44.51667,-67.86667
19620,Yakutat, ,US YAK,United States,Alaska,Gulf of Alaska; North Pacific Ocean,Very Small,Coastal (Natural),,,,9.4,Unknown,Unknown,Unknown,Unknown,Unknown,59.55,-139.73333
16310,Yerbabuena Island, , ,United States,United States W Coast,North Pacific Ocean,Very Small,Coastal (Natural),,,6.4,,Unknown,Unknown,Unknown,Unknown,Unknown,37.81667,-122.36667
19180,Yes Bay, , ,United States,Alaska,Alaska-Canada coastal waters; North Pacific Ocean,Very Small,Coastal (Natural),,,,,Unknown,Unknown,Unknown,Unknown,Unknown,55.91667,-131.8
7650,Yonkers, ,US YON,United States,United States E Coast,North Atlantic Ocean,Small,River (Natural),,,9.4,4.9,Unknown,Unknown,Medium,Limited,Unknown,40.93333,-73.9
8250,Yorktown, ,US YKW,United States,United States E Coast,North Atlantic Ocean,Very Small,River (Natural),,,11.0,4.9,Unknown,Unknown,Small,Limited,Unknown,37.23333,-76.5
3220,Youngstown, ,US YTW,United States,US Lake Ontario,Lake Erie; Great Lakes,Very Small,River (Natural),,,3.4,3.4,Unknown,Unknown,Unknown,Limited,Unknown,43.25,-79.05
13140,Colonia,Colonia Del Sacremento,UY CYR,Uruguay,Uruguay,Rio de la Plata; South Atlantic Ocean,Very Small,Open Roadstead,,,1.8,4.9,Unknown,Unknown,Unknown,Limited,Unknown,-34.46667,-57.85
13160,Fray Bentos, ,UY FZB,Uruguay,Uruguay,Rio de la Plata; South Atlantic Ocean,Very Small,River (Natural),,,4.9,3.4,Unknown,Unknown,Small,Limited,Unknown,-33.11667,-58.31667
13115,Jose Ignacio, ,UY JIT,Uruguay,Uruguay,South Atlantic Ocean,Very Small,Open Roadstead,,,15.5,,Unknown,Unknown,Unknown,Unknown,Unknown,-34.95,-54.7
13100,La Paloma,Paloma,UY LAP,Uruguay,Uruguay,South Atlantic Ocean,Very Small,Coastal (Natural),,,3.4,4.9,Unknown,Unknown,Unknown,Unknown,Unknown,-34.65,-54.15
13120,Montevideo, ,UY MVD,Uruguay,Uruguay,South Atlantic Ocean,Medium,Coastal (Breakwater),,,11.0,9.4,Unknown,Unknown,Medium,Limited,Medium,-34.9,-56.21667
13150,Nueva Palmira, ,UY NVP,Uruguay,Uruguay,Rio de la Plata; South Atlantic Ocean,Very Small,River (Natural),,,9.4,7.9,Unknown,Unknown,Unknown,Limited,Unknown,-33.88333,-58.41667
13170,Paysandu, ,UY PDU,Uruguay,Uruguay,Rio de la Plata; South Atlantic Ocean,Small,River (Natural),,,3.4,6.4,Unknown,Unknown,Unknown,Limited,Unknown,-32.31667,-58.06667
13130,Puerto Sauce,Sauce,UY JLC,Uruguay,Uruguay,Rio de la Plata; South Atlantic Ocean,Very Small,Open Roadstead,,,3.4,3.4,Unknown,Unknown,Unknown,Unknown,Unknown,-34.43333,-57.45
57245,Forari Bay, , ,Vanuatu,Vanuatu,South Pacific Ocean,Very Small,Open Roadstead,,,,7.9,Unknown,Unknown,Unknown,Unknown,Unknown,-17.68333,168.55
57200,Luganville,Santo,VU LUG,Vanuatu,Vanuatu,South Pacific Ocean,Small,Coastal (Natural),,10.4,12.5,9.4,Unknown,Unknown,Unknown,Limited,Unknown,-15.51667,167.16667
57230,Port Vila, ,VU VLI,Vanuatu,Vanuatu,Coral Sea; South Pacific Ocean,Very Small,Coastal (Breakwater),,,11.0,9.4,Unknown,Unknown,Small,Limited,Unknown,-17.73333,168.31667
12070,Amuay (Bahia De Amuay),Amuay; Amuay Bay,VEAMY,Venezuela,Venezuela,Caribbean Sea; North Atlantic Ocean,Small,Open Roadstead,304.8,13.7,11.0,,Yes,Unknown,Unknown,Emergency Only,Unknown,11.75,-70.23333
12210,Bahia De Pertigalete, ,VE PRG,Venezuela,Venezuela,Caribbean Sea; North Atlantic Ocean,Small,Coastal (Natural),,,12.5,11.0,Unknown,Unknown,Unknown,Limited,Unknown,10.23333,-64.56667
12034,Bajo Grande, ,VEBJV,Venezuela,Venezuela,Caribbean Sea; North Atlantic Ocean,Very Small,Canal or Lake,213.0,11.0,12.5,,Unknown,Unknown,Unknown,Limited,Unknown,10.51667,-71.63333
12280,Caripito, ,VE CAR,Venezuela,Venezuela,Caribbean Sea; North Atlantic Ocean,Very Small,River (Natural),,,9.4,,Unknown,Unknown,Unknown,Emergency Only,Unknown,10.15,-63.03333
12260,Carupano, ,VECUP,Venezuela,Venezuela,Caribbean Sea; North Atlantic Ocean,Very Small,Coastal (Breakwater),,6.7,7.9,21.6,Unknown,Unknown,Unknown,Limited,Unknown,10.7,-63.25
12145,Catia La Mar, ,VECLM,Venezuela,Venezuela,Caribbean Sea; North Atlantic Ocean,Very Small,Coastal (Natural),,7.0,6.4,6.4,Yes,Unknown,Unknown,Limited,Unknown,10.6,-67.01667
12340,Ciudad Bolivar, ,VE CBL,Venezuela,Venezuela,Caribbean Sea; North Atlantic Ocean,Small,River (Natural),,9.1,4.9,7.9,Unknown,Unknown,Unknown,Limited,Unknown,8.13333,-63.55
12220,Cumana (Puerto Sucre),Puerto Sucre,VE CUM,Venezuela,Venezuela,Caribbean Sea; North Atlantic Ocean,Very Small,Open Roadstead,,,23.2,9.4,Yes,Yes,Small,Limited,Unknown,10.46667,-64.18333
12230,El Guamache, ,VE EGU,Venezuela,Venezuela,Caribbean Sea; North Atlantic Ocean,Very Small,Open Roadstead,292.0,10.5,21.6,9.4,Yes,Yes,Unknown,Major,Unknown,10.9,-64.1
12115,El Palito, ,VEELP,Venezuela,Venezuela,Caribbean Sea; North Atlantic Ocean,Very Small,Open Roadstead,,14.6,12.5,,Unknown,Unknown,Small,Limited,Unknown,10.48333,-68.11667
12037,El Tabiazo, ,VEETV,Venezuela,Venezuela,Caribbean Sea; North Atlantic Ocean,Very Small,Open Roadstead,,,11.0,4.9,Unknown,Unknown,Unknown,,Unknown,10.76667,-71.53333
12200,Guanta, ,VE GUT,Venezuela,Venezuela,Caribbean Sea; North Atlantic Ocean,Small,Open Roadstead,200.0,10.6,11.0,6.4,Yes,Yes,Unknown,Limited,Unknown,10.25,-64.58333
12270,Guiria, ,VEGUI,Venezuela,Venezuela,Caribbean Sea; North Atlantic Ocean,Very Small,Coastal (Breakwater),72.0,5.4,4.9,4.9,Unknown,Yes,Medium,Limited,Small,10.56667,-62.3
12180,Jose Terminal, ,VE JOT,Venezuela,Venezuela,Caribbean Sea; North Atlantic Ocean,Very Small,Open Roadstead,350.0,22.9,17.1,11.0,Yes,Unknown,Unknown,Unknown,Unknown,10.1,-64.85
12150,La Guaira, ,VELAG,Venezuela,Venezuela,Caribbean Sea; North Atlantic Ocean,Small,Coastal (Breakwater),278.9,10.7,7.9,11.0,Yes,Yes,Unknown,Moderate,Unknown,10.61667,-66.93333
12025,La Salina, ,VELSV,Venezuela,Venezuela,Caribbean Sea; North Atlantic Ocean,Small,Canal or Lake,274.0,11.3,12.5,,Unknown,Unknown,Unknown,Limited,Unknown,10.36667,-71.46667
12060,Las Piedras, ,VELSP,Venezuela,Venezuela,Caribbean Sea; North Atlantic Ocean,Small,Open Roadstead,,,,7.9,Unknown,Unknown,Unknown,Unknown,Unknown,11.7,-70.21667
11960,Maracaibo, ,VEMAR,Venezuela,Venezuela,Caribbean Sea; North Atlantic Ocean,Medium,Open Roadstead,194.9,10.4,9.4,9.4,Yes,Yes,Large,Limited,Medium,10.63333,-71.6
12330,Palua, ,VE PLA,Venezuela,Venezuela,Caribbean Sea; North Atlantic Ocean,Very Small,River (Natural),,,,12.5,Unknown,Unknown,Small,Emergency Only,Unknown,8.36667,-62.68333
12130,Puerto Borburata,Barburata,VEBOR,Venezuela,Venezuela,Caribbean Sea; North Atlantic Ocean,Very Small,Coastal (Natural),175.0,9.4,9.4,,Unknown,Unknown,Unknown,Limited,Unknown,10.48333,-67.98333
12120,Puerto Cabello, ,VEPBL,Venezuela,Venezuela,Caribbean Sea; North Atlantic Ocean,Medium,Coastal (Natural),279.0,10.6,9.4,12.5,Yes,Yes,Small,Limited,Medium,10.48333,-68.0
12100,Puerto Chichiriviche, ,VECHV,Venezuela,Venezuela,Caribbean Sea; North Atlantic Ocean,Very Small,Coastal (Natural),,7.0,9.4,6.4,Unknown,Unknown,Unknown,Unknown,Unknown,10.91667,-68.26667
12090,Puerto Cumarebo,Tucupido,VE CMR,Venezuela,Venezuela,Caribbean Sea; North Atlantic Ocean,Very Small,Open Roadstead,170.0,8.8,,9.4,Yes,Unknown,Unknown,,Unknown,11.48333,-69.35
12275,Puerto De Hierro, ,VEPHO,Venezuela,Venezuela,Caribbean Sea; North Atlantic Ocean,Small,Open Roadstead,,,,4.9,Unknown,Unknown,Unknown,Unknown,Unknown,10.63333,-62.1
12185,Puerto La Cruz, ,VE PCZ,Venezuela,Venezuela,Caribbean Sea; North Atlantic Ocean,Large,Open Roadstead,289.6,16.8,7.9,6.4,Unknown,Unknown,Unknown,Limited,Unknown,10.25,-64.63333
12035,Puerto Miranda, ,VEMIV,Venezuela,Venezuela,Caribbean Sea; North Atlantic Ocean,Small,Canal or Lake,277.4,11.4,11.0,,Unknown,Unknown,Unknown,Limited,Unknown,10.76667,-71.56667
12335,Puerto Ordaz, ,VE PZO,Venezuela,Venezuela,Caribbean Sea; North Atlantic Ocean,Small,River (Natural),294.5,11.2,9.4,9.4,Yes,Unknown,Medium,Emergency Only,Unknown,8.35,-62.71667
12050,Punta Cardon, ,VE PCN,Venezuela,Venezuela,Caribbean Sea; North Atlantic Ocean,Small,Open Roadstead,274.3,13.7,,7.9,Yes,Unknown,Unknown,Emergency Only,Unknown,11.63333,-70.23333
12032,Punta De Palmas,Punta Palmas,VEPLV,Venezuela,Venezuela,Caribbean Sea; North Atlantic Ocean,Very Small,Canal or Lake,,,12.5,,Unknown,Unknown,Unknown,,Small,10.78333,-71.58333
11980,San Lorenzo, ,VE SLV,Venezuela,Venezuela,Caribbean Sea; North Atlantic Ocean,Very Small,Canal or Lake,,,11.0,,Unknown,Unknown,Unknown,Limited,Unknown,9.78333,-71.06667
12117,Venterminals, , ,Venezuela,Venezuela,Caribbean Sea; North Atlantic Ocean,Very Small,Open Roadstead,,,11.0,9.4,Unknown,Unknown,Small,Unknown,Unknown,10.48333,-68.03333
57710,Cam Pha,Kamfa,VN CPH,Vietnam,Vietnam,Gulf of Tonkin; South China Sea; North Pacific Ocean,Very Small,Open Roadstead,200.0,,6.4,9.4,Unknown,Unknown,Unknown,Limited,Small,21.03333,107.36667
57575,Cat Lai, ,VN CLI,Vietnam,Vietnam,South China Sea; North Pacific Ocean,Very Small,Coastal (Natural),229.0,11.5,7.9,9.4,Unknown,Unknown,Unknown,Unknown,Unknown,10.75,106.78333
57650,Da Nang,Tourane,VN DAD,Vietnam,Vietnam,South China Sea; North Pacific Ocean,Small,River (Natural),335.0,13.0,12.5,11.0,Unknown,Unknown,Small,Limited,Unknown,16.1,108.21667
57642,Dai Hang, , ,Vietnam,Vietnam,South China Sea; North Pacific Ocean,Very Small,Open Roadstead,,,,,Unknown,Unknown,Unknown,Limited,Unknown,8.48333,108.68333
57520,Duong Dong, ,VN PQC,Vietnam,Vietnam,Gulf of Thailand; South China Sea; North Pacific Ocean,Very Small,River (Natural),,,12.5,,Unknown,Unknown,Unknown,Emergency Only,Unknown,10.21667,103.96667
57680,Hai Phong, ,VN HPH,Vietnam,Vietnam,Gulf of Tonkin; South China Sea; North Pacific Ocean,Small,River (Natural),363.0,,6.4,9.4,Unknown,Unknown,Small,Moderate,Medium,20.91667,106.68333
57700,Hon Gai,Hongal,VN HON,Vietnam,Vietnam,Gulf of Tonkin; South China Sea; North Pacific Ocean,Very Small,Open Roadstead,,,7.9,11.0,Unknown,Unknown,Small,Limited,Unknown,20.95,107.06667
57655,Mui Vung Tau, ,VN VUT,Vietnam,Vietnam,South China Sea; North Pacific Ocean,Very Small,Coastal (Natural),,,,,Unknown,Unknown,Unknown,Unknown,Unknown,10.31667,107.06667
57660,Nghe Tinh,Ben Thuy,VN NGT,Vietnam,Vietnam,Gulf of Tonkin; South China Sea; North Pacific Ocean,Small,River (Natural),183.0,6.0,3.4,3.4,Unknown,Unknown,Unknown,Limited,Small,18.76667,105.76667
57620,Nha Trang, ,VN NHA,Vietnam,Vietnam,South China Sea; North Pacific Ocean,Small,Open Roadstead,,,11.0,11.0,Unknown,Unknown,Unknown,Limited,Large,12.25,109.23333
57572,Phu My, ,VN PHU,Vietnam,Vietnam,South China Sea; North Pacific Ocean,Very Small,River (Natural),333.0,13.5,23.2,6.4,Unknown,Unknown,Unknown,Unknown,Unknown,10.58333,107.03333
57640,Qui Nhon,Quy Nhon,VN UIH,Vietnam,Vietnam,South China Sea; North Pacific Ocean,Very Small,Coastal (Natural),211.9,12.5,11.0,6.4,Unknown,Unknown,Small,Limited,Medium,13.76667,109.23333
57580,Thanh Ho Chi Minh,Saigon,VN SGN,Vietnam,Vietnam,South China Sea; North Pacific Ocean,Medium,River (Natural),261.0,10.5,9.4,14.0,Unknown,Unknown,Medium,Limited,Small,10.76667,106.71667
57657,Thanh Hoa,Le Mon,VN THO,Vietnam,Vietnam,South China Sea; North Pacific Ocean,Very Small,Coastal (Natural),,3.8,3.4,,Unknown,Unknown,Unknown,Unknown,Unknown,10.81667,106.76667
57610,Vinh Cam Ranh,Cam Rahn,VN BNO,Vietnam,Vietnam,South China Sea; North Pacific Ocean,Small,Coastal (Natural),200.0,11.6,7.9,4.9,Unknown,Unknown,Unknown,Unknown,Unknown,11.88333,109.16667
57570,Vung Tau, ,VN VUT,Vietnam,Vietnam,South China Sea; North Pacific Ocean,Small,River (Natural),200.0,10.3,7.9,7.9,Unknown,Unknown,Unknown,Limited,Small,10.35,107.06667
56330,Wake Island, , ,Wake Island,Wake Island,North Pacific Ocean,Very Small,Coastal (Natural),,,23.2,,Unknown,Unknown,Small,Limited,Unknown,19.28333,166.61667
55650,Mata-Utu, ,WF MAU,Wallis and Futuna,Iles Wallis,South Pacific Ocean,Very Small,Open Roadstead,,,6.4,3.4,Unknown,Unknown,Unknown,Emergency Only,Unknown,-13.28333,-176.13333
45808,Ad Dakhla,Villa Cisneros,EH VIC,Western Sahara,Spanish Sahara,North Atlantic Ocean,Very Small,River (Natural),,,12.5,7.9,Unknown,Unknown,Unknown,Limited,Unknown,23.7,-15.91667
45809,Laayoune, ,MA EUN,Western Sahara,Spanish Sahara,North Atlantic Ocean,Very Small,Coastal (Natural),,,,6.4,Unknown,Unknown,Unknown,,Unknown,27.08333,-13.43333
48190,Aden,Bandar At Tawahi,YE ADE,Yemen,Yemen Aden,Gulf of Aden; Indian Ocean,Medium,Coastal (Natural),350.0,14.7,14.7,16.0,Yes,Yes,Small,Major,Large,12.78333,44.95
48165,Al Ahmadi,Al Hudaydah; Hodeidah,YE HOD,Yemen,Yemen Aden,Red Sea; Indian Ocean,Small,Coastal (Breakwater),207.9,9.8,9.4,7.0,Unknown,Unknown,Unknown,Moderate,Unknown,14.83333,42.96667
48210,Al Mukalla,Khalf Harbor; Mukalla,YE ZAM,Yemen,Yemen Sanaa,Gulf of Aden; Indian Ocean,Small,Coastal (Breakwater),184.7,8.5,10.0,9.1,Unknown,Unknown,Unknown,Limited,Large,14.51667,49.11667
48175,Al Mukha, ,YE MOK,Yemen,Yemen Aden,Red Sea; Indian Ocean,Medium,Coastal (Natural),,,7.9,7.9,Unknown,Unknown,Unknown,,Unknown,13.31667,43.25
48202,Ash Shihr Oil Terminal, ,YE ASR,Yemen,Yemen Sanaa,Gulf of Aden; Indian Ocean,Very Small,Coastal (Natural),,,,,Unknown,Unknown,Unknown,,Large,14.7,49.48333
48216,Balhaf, ,YE BLH,Yemen,Yemen Sanaa,Gulf of Aden; Indian Ocean,Very Small,Open Roadstead,140.0,,,8.5,Unknown,Unknown,Unknown,Unknown,Unknown,13.96667,48.18333
48198,Nishtun, ,YE NIS,Yemen,Yemen Sanaa,Arabian Sea; Indian Ocean,Very Small,Coastal (Natural),110.0,5.0,,5.5,Unknown,Unknown,Unknown,,Unknown,15.81667,52.2
48155,Ras Isa Marine Terminal, ,YE RAI,Yemen,Yemen Aden,Red Sea; Indian Ocean,Large, ,,,,,Unknown,Unknown,Unknown,,Unknown,15.13333,42.6
48214,Rudum Terminal,Rudhum, ,Yemen,Yemen Sanaa,Gulf of Aden; Indian Ocean,Very Small,Open Roadstead,,,,,Unknown,Unknown,Unknown,Unknown,Unknown,13.98333,47.91667
48152,Salif,As Salif; Saleef,YE SAL,Yemen,Yemen Aden,Red Sea; Indian Ocean,Very Small,Coastal (Breakwater),,,9.4,12.5,Unknown,Unknown,Unknown,,Unknown,15.3,42.66667
